NO,課程碼,主開課程碼,開課單位,科目名稱,學分,選別,期次,授課教師/專長,授課語言,週別,星期,節次,教室,週別,星期,節次,教室,週別,星期,節次,教室,是否開放大四生上修,備註,可選課年級／分發優先順序,課程人數／屬性資料,通識領域／學群,是否開放選課條,大綱
1,D010102198,,中文一,現代散文與習作 Modern Prose,2.00,選,學年,王秀珊 專長： 唐五代兩宋詞研究、東坡詞及其批評研究、古典短篇小說、紅樓夢,中文,全,四(Thu),D1-D2,LI105,,,,,,,,,否,,最低年級： 一年級 最高年級： 四年級 分發優先順序： 1開課單位學生優先,開放： 55 外系： 22 屬性： 可退可加 拒退年級： 不設定,領域： 學群：,否,
2,D010109076,,中文一,書畫藝術欣賞與習作 Appreciation and Writing of Calligraphy and Painting,2.00,選,學期,孫永忠 專長： 古典文學、文獻學、書法、詩詞吟唱、應用文,中文,全,四(Thu),D5-D6,LE1A,,,,,,,,,否,,最低年級： 一年級 最高年級： 四年級 分發優先順序： 1開課單位學生優先,開放： 38 外系： 2 屬性： 可退可加 拒退年級： 不設定,領域： 學群：,否,
3,D010135917,,中文一,讀劇表演 Play Reading and Performance,2.00,選,學期,林乃文 專長： 台灣戲劇史、前衛劇場美學、戲劇創作、劇場評論,中文,全,四(Thu),D5-D6,LI100,,,,,,,,,否,,最低年級： 一年級 最高年級： 四年級 分發優先順序： 1開課單位學生優先,開放： 75 外系： 40 屬性： 可退可加 拒退年級： 不設定,領域： 學群：,否,
4,D010136448,,中文一,古典小說名著選讀：金瓶梅 Selected Readings of Classics Novels：Jin Ping Mei,2.00,選,學期,林郁迢 專長： 魏晉南北朝文學、南宋六朝學、陶謝詩、稼軒詞,中文,全,五(Fri),D5-D6,LE303,,,,,,,,,否,,最低年級： 一年級 最高年級： 四年級 分發優先順序： 1開課單位學生優先,開放： 55 外系： 10 屬性： 可退可加 拒退年級： 不設定,領域： 學群：,否,
5,D010202190,,中文二,現代小說與習作 Modern Novels,2.00,選,學年,林以衡 專長： 現代文學、通俗小說,中文,全,四(Thu),D1-D2,LI104,,,,,,,,,否,,最低年級： 二年級 最高年級： 四年級 分發優先順序： 1開課單位學生優先,開放： 55 外系： 10 屬性： 可退可加 拒退年級： 不設定,領域： 學群：,否,
6,D010202199,,中文二,現代詩與習作 Modern Poetry(with Writing Practice),2.00,選,學期,林以衡 專長： 現代文學、通俗小說,中文,全,四(Thu),D5-D6,LI102,,,,,,,,,否,,最低年級： 二年級 最高年級： 四年級 分發優先順序： 1開課單位學生優先,開放： 50 外系： 10 屬性： 可退可加 拒退年級： 不設定,領域： 學群：,否,
7,D010221269,,中文二,語法修辭學 Grammar and Rhetoric,2.00,選,學年,劉雅芬 專長： 中國文字學、漢語詞彙學、漢語語法、漢語語言學、華語文教學、大一國文,中文,全,四(Thu),D3-D4,LI105,,,,,,,,,否,,最低年級： 二年級 最高年級： 四年級 分發優先順序： 1開課單位學生優先,開放： 55 外系： 10 屬性： 可退可加 拒退年級： 不設定,領域： 學群：,否,
8,D010233116,,中文二,"動漫文學與劇本實作 The literature and playwriting of animation,comic and game",2.00,選,學期,劉兆恩 專長： 臺灣古典漢詩、臺灣現代文學、ACG與文創、中國古典文學、中文寫作教學,中文,全,一(Mon),D7-D8,LE304,,,,,,,,,否,,最低年級： 二年級 最高年級： 四年級 分發優先順序： 1開課單位學生優先,開放： 75 外系： 30 屬性： 可退可加 拒退年級： 不設定,領域： 學群：,否,
9,D010233422,,中文二,台灣話的語源與文化探索 The Research on the Culture and Etymology of Taiwanese,2.00,選,學期,李添富 專長： 文字學、聲韻學、訓詁學、詩經、語言學、國學導讀,中文,全,二(Tue),D3-D4,LE304,,,,,,,,,否,,最低年級： 二年級 最高年級： 四年級 分發優先順序： 1開課單位學生優先,開放： 50 外系： 25 屬性： 可退可加 拒退年級： 不設定,領域： 學群：,否,
10,D010233682,,中文二,編輯與採訪：傳統與新媒體 News Editing and Reporting,2.00,選,學年,蒯亮 專長： 編輯採訪、大眾傳播理論、傳播學、管理學,中文,全,四(Thu),D7-D8,LI105,,,,,,,,,否,,最低年級： 二年級 最高年級： 四年級 分發優先順序： 1開課單位學生優先,開放： 55 外系： 25 屬性： 可退可加 拒退年級： 不設定,領域： 學群：,否,
11,D010235521,,中文二,"文藝、時尚與科技 Literature, Art, Fashion and Technology",2.00,選,學期,邱琳婷 專長： 藝術史、博物館學、當代藝術巿場,中文,全,一(Mon),D7-D8,LI100,,,,,,,,,否,,最低年級： 二年級 最高年級： 四年級 分發優先順序： 1開課單位學生優先,開放： 85 外系： 40 屬性： 可退可加 拒退年級： 不設定,領域： 學群：,否,
12,D010236700,,中文二,"跨域敘事的社會實踐──醫療人文、產業與永續發展 The Social Practice of Cross-Domain Narrative-- Medical Humanities, Industry and Sustainable Development",2.00,選,學期,陳冠蓉 專長： 國文,中文,全,二(Tue),D7-D8,LI106,,,,,,,,,否,,最低年級： 二年級 最高年級： 四年級 分發優先順序： 1開課單位學生優先,開放： 40 外系： 5 屬性： 可退可加 拒退年級： 不設定,領域： 學群：,否,
13,D010236703,,中文二,故事說寫實務 Story Telling and Writing in Practice,2.00,選,學年,吳燕真 專長： 楚辭、楚辭學、文學理論、現代小說,中文,全,四(Thu),D3-D4,LI106,,,,,,,,,否,,最低年級： 二年級 最高年級： 四年級 分發優先順序： 1開課單位學生優先,開放： 48 外系： 10 屬性： 可退可加 拒退年級： 不設定,領域： 學群：,否,
14,D010237129,,中文二,主持與播報 Hosting and Broadcasting,2.00,選,學期,劉惠卿 專長： 影音新聞製作、深度報導、社會行銷,中文,全,五(Fri),D5-D6,LF307,,,,,,,,,否,新聞傳播學系同學請勿選課,最低年級： 二年級 最高年級： 四年級 分發優先順序： 1開課單位學生優先,開放： 40 外系： 20 屬性： 可退可加 拒退年級： 不設定,領域： 學群：,否,
15,D010237376,,中文二,臺灣古典詩歌選讀 Selected Readings in Classical Taiwanese Poetry,2.00,選,學期,余育婷 專長： 臺灣古典文學、中國詩歌、文學理論與批評,中文,全,三(Wed),D7-D8,LI105,,,,,,,,,否,,最低年級： 二年級 最高年級： 四年級 分發優先順序： 1開課單位學生優先,開放： 50 外系： 10 屬性： 可退可加 拒退年級： 不設定,領域： 學群：,否,
16,D010237377,,中文二,文創藝術總整專題 Seminar on Cultural Creative Arts,2.00,選,學期,邱琳婷 專長： 藝術史、博物館學、當代藝術巿場,中文,全,一(Mon),D5-D6,LI105,,,,,,,,,否,已修過中文系「中國神話母題與互動式AI敘事」、「民間文學與互動式AI敘事」及文學院「不只是 AI—影視敘事中的人機互動、倫理反思與應用寫作」的同學優先。,最低年級： 二年級 最高年級： 四年級 分發優先順序： 1開課單位學生優先,開放： 35 外系： 10 屬性： 可退可加 拒退年級： 不設定,領域： 學群：,否,
17,D010309320,,中文三,台灣文學 Literature of Taiwan,2.00,選,學年,余育婷 專長： 臺灣古典文學、中國詩歌、文學理論與批評,中文,全,五(Fri),D3-D4,LE303,,,,,,,,,否,,最低年級： 三年級 最高年級： 四年級 分發優先順序： 1開課單位學生優先,開放： 55 外系： 10 屬性： 可退可加 拒退年級： 不設定,領域： 學群：,否,
18,D010309971,,中文三,現代中國文學史 Modern Chinese Literature,2.00,選,學年,林以衡 專長： 現代文學、通俗小說,中文,全,三(Wed),D1-D2,LI104,,,,,,,,,否,,最低年級： 二年級 最高年級： 四年級 分發優先順序： 1開課單位學生優先,開放： 55 外系： 10 屬性： 可退可加 拒退年級： 不設定,領域： 學群：,否,
19,D010332615,,中文三,簡帛文獻導讀 Early Chinese Bamboo and Silk Manuscripts Guilded Reading,2.00,選,學年,邱文才 專長： 先秦道家思想、老子、莊子、古文字學、簡帛思想,中文,全,一(Mon),D3-D4,LI105,,,,,,,,,否,,最低年級： 二年級 最高年級： 四年級 分發優先順序： 1開課單位學生優先,開放： 55 外系： 10 屬性： 可退可加 拒退年級： 不設定,領域： 學群：,否,
20,D010335916,,中文三,民間文學與互動式A I敘事 Folk Literatur and Interactive Storytelling from AI,2.00,選,學期,林郁迢 專長： 魏晉南北朝文學、南宋六朝學、陶謝詩、稼軒詞,中文,全,一(Mon),D3-D4,LI100,,,,,,,,,否,,最低年級： 二年級 最高年級： 四年級 分發優先順序： 1開課單位學生優先,開放： 80 外系： 30 屬性： 可退可加 拒退年級： 不設定,領域： 學群：,否,
21,D010336701,,中文三,華語口語與表達 Chinese Pronunciation and Verbal Expression,2.00,選,學期,李鵑娟 專長： 文字學、聲韻學、訓詁學、語音學、詞彙學、修辭學、應用文,中文,全,三(Wed),D7-D8,LI106,,,,,,,,,否,,最低年級： 二年級 最高年級： 四年級 分發優先順序： 1開課單位學生優先,開放： 48 外系： 15 屬性： 可退可加 拒退年級： 不設定,領域： 學群：,否,
22,D010336705,,中文三,經典轉譯 Translation in Classics,2.00,選,學年,謝元雄 專長： 語言文字學、先秦兩漢思想、作文教學,中文,全,二(Tue),D3-D4,LI103,,,,,,,,,否,,最低年級： 二年級 最高年級： 四年級 分發優先順序： 1開課單位學生優先,開放： 55 外系： 15 屬性： 可退可加 拒退年級： 不設定,領域： 學群：,否,
23,D010336712,,中文三,古典戲曲 Classic Drama,2.00,選,學年,吳淑慧 專長： 國文,中文,全,四(Thu),D5-D6,LI103,,,,,,,,,否,,最低年級： 二年級 最高年級： 四年級 分發優先順序： 1開課單位學生優先,開放： 55 外系： 10 屬性： 可退可加 拒退年級： 不設定,領域： 學群：,否,
24,D010337378,,中文三,華語文教材教法與實務 Materials and Methodology for Teaching Chinese as a Second Language and Practice,2.00,選,學期,王欣慧 專長： 辭賦、賦學理論、唐代詩文,中文,全,二(Tue),D3-D4,LI106,,,,,,,,,否,已修過中文系「華語文教學導論」的同學優先。,最低年級： 三年級 最高年級： 四年級 分發優先順序： 1開課單位學生優先,開放： 48 外系： 10 屬性： 可退可加 拒退年級： 不設定,領域： 學群：,否,
25,D010402839,,中文四,應用文 Business and Documentary Writing,2.00,選,學年,金周生 專長： 文字學、聲韻學、語言學、文章學、語音學,中文,全,四(Thu),D5-D6,LI105,,,,,,,,,否,,最低年級： 二年級 最高年級： 四年級 分發優先順序： 1開課單位學生優先,開放： 55 外系： 10 屬性： 可退可加 拒退年級： 不設定,領域： 學群：,否,
26,D010404521,,中文四,報導文學 Journalistic Literature,2.00,選,學期,陳玉金 專長： 童話創作,中文,全,二(Tue),D5-D6,LI103,,,,,,,,,否,,最低年級： 二年級 最高年級： 四年級 分發優先順序： 1開課單位學生優先,開放： 50 外系： 25 屬性： 可退可加 拒退年級： 不設定,領域： 學群：,否,
27,D010413859,,中文四,產業實習 Internship,9.00,選,學期,林郁迢 專長： 魏晉南北朝文學、南宋六朝學、陶謝詩、稼軒詞,中文,,,-,不需要教室,,,,,,,,,否,,最低年級： 四年級 最高年級： 四年級 分發優先順序： 2開課系所高年級學生優先,開放： 15 外系： 0 屬性： 拒退拒加 拒退年級： 不設定,領域： 學群：,否,
28,D010424613,,中文四,專題製作：研究報告寫作 Project production: Writing of research report,2.00,選,學年,趙世瑋 專長： 清代學術思想、中國近代思想與文化、老莊思想、現代小說,中文,全,四(Thu),D3-D4,LI103,,,,,,,,,否,,最低年級： 二年級 最高年級： 四年級 分發優先順序： 1開課單位學生優先,開放： 48 外系： 15 屬性： 可退可加 拒退年級： 不設定,領域： 學群：,否,
29,D020001042,,歷史系,十九世紀歐洲史 The European History of Nineteen Century,2.00,選,學年,陳立樵 專長： 20世紀初期英國與伊朗外交關係、現代西方與中東關係,中文,全,四(Thu),D3-D4,LI205,,,,,,,,,否,,最低年級： 二年級 最高年級： 四年級 分發優先順序： 2開課系所高年級學生優先,開放： 50 外系： 0 屬性： 可退拒加 拒退年級： 不設定,領域： 學群：,否,
30,D020001121,,歷史系,中國史學史 History of Chinese Historiography,2.00,選,學年,戴晉新 專長： 先秦史、中國史學史、史學方法與理論,中文,全,三(Wed),D3-D4,LI206,,,,,,,,,否,,最低年級： 二年級 最高年級： 四年級 分發優先順序： 1開課單位學生優先,開放： 48 外系： 0 屬性： 可退拒加 拒退年級： 不設定,領域： 學群：,否,
31,D020001149,,歷史系,中國經濟史 The Economic History in China,2.00,選,學年,劉文賓 專長： 中國現代史、中國經濟史,中文,全,四(Thu),D3-D4,LI203,,,,,,,,,否,,最低年級： 二年級 最高年級： 四年級 分發優先順序： 2開課系所高年級學生優先,開放： 50 外系： 0 屬性： 可退拒加 拒退年級： 不設定,領域： 學群：,否,
32,D020001199,,歷史系,文化人類學 Cultural Anthropology,2.00,選,學期,王廷宇 專長： 文化研究與評論、族群與文化展示、喜馬拉雅與中國西南區域研究、歷史人類學,中文,全,五(Fri),D5-D6,LI205,,,,,,,,,否,,最低年級： 二年級 最高年級： 四年級 分發優先順序： 1開課單位學生優先,開放： 48 外系： 0 屬性： 可退可加 拒退年級： 不設定,領域： 學群：,否,
33,D020001501,,歷史系,西洋中古史 History of Medieval Europe,2.00,選,學年,孔思曾 專長： 西洋中古史、中古商業復興,中文,全,五(Fri),D7-D8,LI205,,,,,,,,,否,,最低年級： 二年級 最高年級： 四年級 分發優先順序： 1開課單位學生優先,開放： 48 外系： 0 屬性： 可退拒加 拒退年級： 不設定,領域： 學群：,否,
34,D020001505,,歷史系,西洋史學名著選讀 Selected Reading in Western History,2.00,選,學年,馮卓健 專長： 美國史、政治思想史、世界史、歐洲早期近代史,中英文,全,一(Mon),D7-D8,LI203,,,,,,,,,否,,最低年級： 二年級 最高年級： 四年級 分發優先順序： 1開課單位學生優先,開放： 50 外系： 0 屬性： 可退拒加 拒退年級： 不設定,領域： 學群：,否,
35,D020001842,,歷史系,英國史 History of England,2.00,選,學年,汪采燁 專長： 十八世紀英國政治、十八世紀英國女性、旅遊史、啟蒙運動,中英文,全,一(Mon),D5-D6,LI206,,,,,,,,,否,,最低年級： 一年級 最高年級： 四年級 分發優先順序： 1開課單位學生優先,開放： 48 外系： 0 屬性： 可退拒加 拒退年級： 不設定,領域： 學群：,否,
36,D020001972,,歷史系,秦漢史 History of Chin & Han Dynasties,2.00,選,學年,陳健文 專長： 秦漢史,中文,全,三(Wed),D3-D4,LI202,,,,,,,,,否,,最低年級： 二年級 最高年級： 四年級 分發優先順序： 1開課單位學生優先,開放： 50 外系： 0 屬性： 可退拒加 拒退年級： 不設定,領域： 學群：,否,
37,D020002361,,歷史系,隋唐史 History of Suei & Tang Dynasties,2.00,選,學年,古怡青 專長： 魏晉南北朝史、隋唐史、 政治軍事史、 法制史、 歷史地理,中文,全,五(Fri),D5-D6,LI200,,,,,,,,,否,,最低年級： 二年級 最高年級： 四年級 分發優先順序： 2開課系所高年級學生優先,開放： 50 外系： 0 屬性： 可退拒加 拒退年級： 不設定,領域： 學群：,否,
38,D020002757,,歷史系,歐洲近代史 European Modern History,2.00,選,學年,汪采燁 專長： 十八世紀英國政治、十八世紀英國女性、旅遊史、啟蒙運動,中英文,全,四(Thu),D7-D8,LI204,,,,,,,,,否,,最低年級： 二年級 最高年級： 四年級 分發優先順序： 2開課系所高年級學生優先,開放： 50 外系： 0 屬性： 可退拒加 拒退年級： 不設定,領域： 學群：,否,
39,D020003957,,歷史系,世界現代史 Contemporary World History,2.00,選,學年,蕭道中 專長： 世界現代史、冷戰史、歐洲史、國際關係史,中文,全,一(Mon),D7-D8,LI205,,,,,,,,,否,,最低年級： 二年級 最高年級： 四年級 分發優先順序： 1開課單位學生優先,開放： 50 外系： 0 屬性： 可退拒加 拒退年級： 不設定,領域： 學群：,否,
40,D020003958,,歷史系,先秦史 Pre-Chin History,2.00,選,學年,陳君愷 專長： 臺灣史、中國史、先秦史、宋史、思想史、科學史、史學方法、歷史哲學,中文,全,五(Fri),D7-D8,LI206,,,,,,,,,否,,最低年級： 二年級 最高年級： 四年級 分發優先順序： 2開課系所高年級學生優先,開放： 48 外系： 3 屬性： 可退拒加 拒退年級： 不設定,領域： 學群：,否,
41,D020004513,,歷史系,中國新聞史 History of Chinese Press,2.00,選,學年,高郁雅 專長： 中國近現代、中國新聞史近代中國政治史、社會文化、婦女問題,中文,全,五(Fri),D3-D4,LI205,,,,,,,,,否,,最低年級： 二年級 最高年級： 四年級 分發優先順序： 1開課單位學生優先,開放： 55 外系： 0 屬性： 可退拒加 拒退年級： 不設定,領域： 學群：,否,
42,D020007507,,歷史系,日本近現代史 A History of Modern Japan,2.00,選,學期,林呈蓉 專長： 日治時期臺灣史、中日關係史、東亞國際關係研究,中文,全,四(Thu),D1-D2,LI206,,,,,,,,,否,,最低年級： 二年級 最高年級： 四年級 分發優先順序： 2開課系所高年級學生優先,開放： 48 外系： 0 屬性： 可退可加 拒退年級： 不設定,領域： 學群：,否,
43,D020007763,,歷史系,中國基督宗教史 History of Christianity in China,2.00,選,學期,曾慶豹 專長： 宗教哲學、基督宗教神學、政治哲學、詮釋學、中國基督宗教史,中文,全,一(Mon),D5-D6,LI205,,,,,,,,,否,,最低年級： 二年級 最高年級： 四年級 分發優先順序： 2開課系所高年級學生優先,開放： 50 外系： 0 屬性： 可退可加 拒退年級： 不設定,領域： 學群：,否,
44,D020010679,,歷史系,當代思潮與西方史學 Contemporary Thought and Westen Historiography,2.00,選,學年,周雪舫 專長： 俄國史、史學理論、當代思潮、世界現代史,中文,全,二(Tue),D7-D8,LI206,,,,,,,,,否,,最低年級： 二年級 最高年級： 四年級 分發優先順序： 2開課系所高年級學生優先,開放： 48 外系： 0 屬性： 可退拒加 拒退年級： 不設定,領域： 學群：,否,
45,D020015833,,歷史系,台灣社會史 Social History of Taiwan,2.00,選,學年,許毓良 專長： 清代軍事史、清代社會史、臺灣史,中文,全,四(Thu),D5-D6,LI400,,,,,,,,,否,,最低年級： 二年級 最高年級： 四年級 分發優先順序： 2開課系所高年級學生優先,開放： 50 外系： 0 屬性： 可退拒加 拒退年級： 不設定,領域： 學群：,否,
46,D020017547,,歷史系,西洋軍事史 History of Western Military,2.00,選,學年,陳君愷 專長： 臺灣史、中國史、先秦史、宋史、思想史、科學史、史學方法、歷史哲學,中文,全,四(Thu),D5-D6,LI203,,,,,,,,,否,,最低年級： 二年級 最高年級： 四年級 分發優先順序： 1開課單位學生優先,開放： 50 外系： 0 屬性： 可退拒加 拒退年級： 不設定,領域： 學群：,否,
47,D020019057,,歷史系,冷戰史 History of Cold War,2.00,選,學期,蕭道中 專長： 世界現代史、冷戰史、歐洲史、國際關係史,中文,全,五(Fri),D1-D2,LI205,,,,,,,,,否,,最低年級： 二年級 最高年級： 四年級 分發優先順序： 1開課單位學生優先,開放： 50 外系： 0 屬性： 可退可加 拒退年級： 不設定,領域： 學群：,否,
48,D020019214,,歷史系,歷史英文 English for Historical Study 英-專業,2.00,選,學年,米丹尼 專長： 中國清代史、中國邊境史、中國與中亞關係史、英文學術寫作,全英文,全,三(Wed),D3-D4,LI203,,,,,,,,,否,,最低年級： 二年級 最高年級： 四年級 分發優先順序： 1開課單位學生優先,開放： 50 外系： 0 屬性： 可退拒加 拒退年級： 不設定,領域： 學群：,否,
49,D020020388,,歷史系,博物館展覽實作 Museum Exhibition:  Design and Installation,2.00,選,學期,黎世輝 專長： 博物館策展理論與規劃、博物館與公共史學、地方博物館、文化政策與理論,中文,全,五(Fri),D3-D4,LI202,,,,,,,,,否,,最低年級： 二年級 最高年級： 四年級 分發優先順序： 1開課單位學生優先,開放： 50 外系： 0 屬性： 可退可加 拒退年級： 不設定,領域： 學群：,否,
50,D020020987,,歷史系,中華人民共和國史 History of People's Republic of China,2.00,選,學期,克思明 專長： 中國現代史、中國共產主義運動史、國共關係史、兩岸關係史,中文,全,二(Tue),D3-D4,LI200,,,,,,,,,否,,最低年級： 二年級 最高年級： 四年級 分發優先順序： 1開課單位學生優先,開放： 50 外系： 0 屬性： 可退可加 拒退年級： 不設定,領域： 學群：,否,
51,D020023649,,歷史系,歐洲經濟史 Economic History of Europe,2.00,選,學年,郭容吟 專長： 法國經濟史、歐洲經濟史、歐洲近現代史,中文,全,四(Thu),D5-D6,LI204,,,,,,,,,否,,最低年級： 二年級 最高年級： 四年級 分發優先順序： 2開課系所高年級學生優先,開放： 50 外系： 0 屬性： 可退拒加 拒退年級： 不設定,領域： 學群：,否,
52,D020023765,,歷史系,現代中東的成形與發展 The Formation of the Modern Middle East,2.00,選,學期,陳立樵 專長： 20世紀初期英國與伊朗外交關係、現代西方與中東關係,中英文,全,五(Fri),D3-D4,LI206,,,,,,,,,否,,最低年級： 二年級 最高年級： 四年級 分發優先順序： 1開課單位學生優先,開放： 48 外系： 0 屬性： 可退可加 拒退年級： 不設定,領域： 學群：,否,
53,D020030180,,歷史系,美國史閱讀與討論 Reading and Discussion on United States History 英-專業,2.00,選,學年,米丹尼 專長： 中國清代史、中國邊境史、中國與中亞關係史、英文學術寫作,全英文,全,四(Thu),D3-D4,LI206,,,,,,,,,否,,最低年級： 二年級 最高年級： 四年級 分發優先順序： 1開課單位學生優先,開放： 48 外系： 0 屬性： 可退拒加 拒退年級： 不設定,領域： 學群：,否,
54,D020031049,,歷史系,臺灣涉外關係史 History of Taiwan's Foreign Relations,2.00,選,學期,許峰源 專長： 台灣史、醫療公衛史、中外關係史、海洋文明史,中文,全,一(Mon),D5-D6,LI400,,,,,,,,,否,,最低年級： 二年級 最高年級： 四年級 分發優先順序： 1開課單位學生優先,開放： 50 外系： 0 屬性： 可退可加 拒退年級： 不設定,領域： 學群：,否,
55,D020031675,,歷史系,中國社會史專題 The Case Study of Chinese Social History,2.00,選,學期,鄭丞良 專長： 宋史,中文,全,一(Mon),D3-D4,LI206,,,,,,,,,否,,最低年級： 二年級 最高年級： 四年級 分發優先順序： 1開課單位學生優先,開放： 48 外系： 0 屬性： 可退可加 拒退年級： 不設定,領域： 學群：,否,
56,D020032598,,歷史系,歷史知識論 Epistemology of History,2.00,選,學期,陳君愷 專長： 臺灣史、中國史、先秦史、宋史、思想史、科學史、史學方法、歷史哲學,中文,全,五(Fri),D5-D6,LI206,,,,,,,,,否,,最低年級： 二年級 最高年級： 四年級 分發優先順序： 2開課系所高年級學生優先,開放： 48 外系： 0 屬性： 可退可加 拒退年級： 不設定,領域： 學群：,否,
57,D020033633,,歷史系,南北朝史專題 Seminar in History of Southern & Northern Dynasties,2.00,選,學期,陳識仁 專長： 魏晉南北朝史、中國歷史地理、中國城市史、中國中古史學史,中文,全,四(Thu),D5-D6,LI205,,,,,,,,,否,,最低年級： 二年級 最高年級： 四年級 分發優先順序： 1開課單位學生優先,開放： 50 外系： 0 屬性： 可退可加 拒退年級： 不設定,領域： 學群：,否,
58,D020034353,,歷史系,二十世紀德國社會專題 German Society in the Twentieth Century,2.00,選,學期,伍碧雯 專長： 德國現代史、歐洲種族主義,中文,全,三(Wed),D3-D4,LI204,,,,,,,,,否,,最低年級： 二年級 最高年級： 四年級 分發優先順序： 2開課系所高年級學生優先,開放： 50 外系： 0 屬性： 可退可加 拒退年級： 不設定,領域： 學群：,否,
59,D020034711,,歷史系,影劇中的美國史 American History from the Movies,2.00,選,學期,馮卓健 專長： 美國史、政治思想史、世界史、歐洲早期近代史,中英文,全,二(Tue),D3-D4,LI203,,,,,,,,,否,,最低年級： 二年級 最高年級： 四年級 分發優先順序： 1開課單位學生優先,開放： 50 外系： 0 屬性： 可退可加 拒退年級： 不設定,領域： 學群：,否,
60,D020036153,,歷史系,民國史專題 Seminar : History of Republican China,2.00,選,學期,林桶法 專長： 中國近現代史、國共內戰、檔案與口述、台灣近現代史、抗日戰爭,中文,全,三(Wed),D3-D4,LI205,,,,,,,,,否,,最低年級： 二年級 最高年級： 四年級 分發優先順序： 1開課單位學生優先,開放： 50 外系： 0 屬性： 可退可加 拒退年級： 不設定,領域： 學群：,否,
61,D020036156,,歷史系,二十世紀伊朗外交史 Diplomatic History of 20th-Century Iran 英-專業,2.00,選,學期,陳立樵 專長： 20世紀初期英國與伊朗外交關係、現代西方與中東關係,全英文,全,二(Tue),D3-D4,LI205,,,,,,,,,否,,最低年級： 二年級 最高年級： 四年級 分發優先順序： 1開課單位學生優先,開放： 50 外系： 5 屬性： 可退可加 拒退年級： 不設定,領域： 學群：,否,
62,D020037534,,歷史系,歐洲近代性別與婦女 Gender and Women in Modern Europe,2.00,選,學期,汪采燁 專長： 十八世紀英國政治、十八世紀英國女性、旅遊史、啟蒙運動,中文,全,四(Thu),D3-D4,LI204,,,,,,,,,否,,最低年級： 二年級 最高年級： 四年級 分發優先順序： 2開課系所高年級學生優先,開放： 50 外系： 0 屬性： 可退可加 拒退年級： 不設定,領域： 學群：,否,
63,D020037537,,歷史系,中國墓葬考古與文物(二) Tombs and Cultural Relics of Archaeology in ChinaⅡ,2.00,選,學期,古怡青 專長： 魏晉南北朝史、隋唐史、 政治軍事史、 法制史、 歷史地理,中文,全,五(Fri),D7-D8,LI200,,,,,,,,,否,,最低年級： 二年級 最高年級： 四年級 分發優先順序： 2開課系所高年級學生優先,開放： 50 外系： 0 屬性： 可退可加 拒退年級： 不設定,領域： 學群：,否,
64,D020037539,,歷史系,東南亞現代史 The History of Modern Southeast Asia,2.00,選,學期,楊惟安 專長： 歐洲飲食文化史,中文,全,一(Mon),D3-D4,LI204,,,,,,,,,否,,最低年級： 二年級 最高年級： 四年級 分發優先順序： 2開課系所高年級學生優先,開放： 50 外系： 0 屬性： 可退可加 拒退年級： 不設定,領域： 學群：,否,
65,D030201556,,哲學二,佛學概論 Introduction to Buddhism,2.00,選,學年,劉貴傑 專長： 印度佛學、魏晉哲學以及中國佛學,中文,全,五(Fri),D3-D4,LI406,,,,,,,,,否,開學第一週未到課者不提供加選,最低年級： 二年級 最高年級： 四年級 分發優先順序： 1開課單位學生優先,開放： 50 外系： 5 屬性： 可退可加 拒退年級： 不設定,領域： 學群：,否,
66,D030201563,,哲學二,宋代理學 Philosophy of Sung Dynasty,2.00,選,學期,鄧康宏 專長： 哲學、中國哲學、中國哲學史、儒家哲學、工夫論、比較哲學,中文,全,二(Tue),D5-D6,LI402,,,,,,,,,否,開學第一次上課未到不提供加選,最低年級： 二年級 最高年級： 四年級 分發優先順序： 2開課系所高年級學生優先,開放： 50 外系： 0 屬性： 可退可加 拒退年級： 不設定,領域： 學群：,否,
67,D030201675,,哲學二,法家哲學 Philosophy of Legalism,2.00,選,學年,傅玲玲 專長： 儒家哲學、法家哲學,中文,全,四(Thu),D3-D4,LI306,,,,,,,,,否,第一週未到課不提供加選,最低年級： 二年級 最高年級： 四年級 分發優先順序： 1開課單位學生優先,開放： 50 外系： 0 屬性： 可退可加 拒退年級： 不設定,領域： 學群：,否,
68,D030202431,,哲學二,當代中國哲學 Contemporary Chinese Philosophy,2.00,選,學期,沈享民 專長： 知識論、新儒家哲學、當代中國哲學、倫理學,中文,全,五(Fri),D5-D6,LI304,,,,,,,,,否,開學第一次上課未到不提供加選,最低年級： 二年級 最高年級： 四年級 分發優先順序： 1開課單位學生優先,開放： 50 外系： 5 屬性： 可退可加 拒退年級： 不設定,領域： 學群：,否,
69,D030204189,,哲學二,詮釋學 Hermeneutics,2.00,選,學期,曾慶豹 專長： 宗教哲學、基督宗教神學、政治哲學、詮釋學、中國基督宗教史,中文,全,二(Tue),D5-D6,LI303,,,,,,,,,否,第一週未到課不提供加選,最低年級： 二年級 最高年級： 四年級 分發優先順序： 1開課單位學生優先,開放： 50 外系： 0 屬性： 可退可加 拒退年級： 不設定,領域： 學群：,否,
70,D030204868,,哲學二,現象學導論 Introduction to Phenomenology,2.00,選,學期,林淑芬 專長： 哲學,中文,全,四(Thu),D7-D8,LI400,,,,,,,,,否,,最低年級： 二年級 最高年級： 四年級 分發優先順序： 1開課單位學生優先,開放： 85 外系： 0 屬性： 可退可加 拒退年級： 不設定,領域： 學群：,否,
71,D030205305,,哲學二,心靈哲學 Philosophy of Mind,2.00,選,學期,林約光 專長： 西方中世紀哲學、多瑪斯哲學、新士林哲學、心靈哲學與自知理論、宗教哲學,中文,全,四(Thu),D5-D6,LI305,,,,,,,,,否,第一週未到課不提供加選,最低年級： 二年級 最高年級： 四年級 分發優先順序： 1開課單位學生優先,開放： 50 外系： 5 屬性： 可退可加 拒退年級： 不設定,領域： 學群：,否,
72,D030207466,,哲學二,中國美學專題 Major Problems in Chinese Aesthetics,2.00,選,學年,尤煌傑 專長： 中、西美學專家專題、知識論、西洋近代哲學,中文,全,一(Mon),D7-D8,LI402,,,,,,,,,否,第一週未到課不提供加選,最低年級： 二年級 最高年級： 四年級 分發優先順序： 1開課單位學生優先,開放： 50 外系： 5 屬性： 可退可加 拒退年級： 不設定,領域： 學群：,否,
73,D030210784,,哲學二,應用倫理學 Applied Ethics,2.00,選,學期,張存華 專長： 歐陸哲學、哲學人類學、文化哲學,中文,全,一(Mon),D5-D6,LI306,,,,,,,,,否,第一週未到課不提供加選,最低年級： 二年級 最高年級： 四年級 分發優先順序： 1開課單位學生優先,開放： 50 外系： 0 屬性： 可退可加 拒退年級： 不設定,領域： 學群：,否,
74,D030212728,,哲學二,哲學諮商:理論與實務 Philosophical Counseling:Theory and Practice,2.00,選,學年,陳若吟 專長： 哲學諮商、生命與敘事研究、邏輯基礎療法,中文,全,五(Fri),D7-D8,LI303,,,,,,,,,否,第一週未到課同學不提供加選,最低年級： 二年級 最高年級： 四年級 分發優先順序： 1開課單位學生優先,開放： 50 外系： 0 屬性： 可退可加 拒退年級： 不設定,領域： 學群：,否,
75,D030213644,,哲學二,哲學諮商:實習 Philosophical Counseling:Practice,2.00,選,學期,李惠美 專長： 教育哲學、哲學諮商、大學自我評鑑、教育領導,中文,雙,六(Sat),D2-DN,LI302,,,,,,,,,否,開學第一次未到課不提供加選,最低年級： 二年級 最高年級： 四年級 分發優先順序： 1開課單位學生優先,開放： 30 外系： 7 屬性： 可退可加 拒退年級： 不設定,領域： 學群：,否,
76,D030215294,,哲學二,哲學諮商方法論 Methodology of Philosophical Counseling,2.00,選,學年,李惠美 專長： 教育哲學、哲學諮商、大學自我評鑑、教育領導,中文,全,四(Thu),D8-E0,LI305,,,,,,,,,否,開學第一週未到課同學不提供加選,最低年級： 二年級 最高年級： 四年級 分發優先順序： 1開課單位學生優先,開放： 50 外系： 0 屬性： 可退可加 拒退年級： 不設定,領域： 學群：,否,
77,D030221856,,哲學二,法蘭克福學派 The Frankfurt School,2.00,選,學期,曾慶豹 專長： 宗教哲學、基督宗教神學、政治哲學、詮釋學、中國基督宗教史,中文,全,一(Mon),D7-D8,LI304,,,,,,,,,否,第一週未到課不提供加選,最低年級： 二年級 最高年級： 四年級 分發優先順序： 1開課單位學生優先,開放： 60 外系： 0 屬性： 可退可加 拒退年級： 不設定,領域： 學群：,否,
78,D030222515,,哲學二,五經思想：易經 Philosophy of Five Classics: I-King,2.00,選,學年,陳福濱 專長： 兩漢哲學、宋明理學,中文,全,二(Tue),D5-D6,LI306,,,,,,,,,否,開學第一次未到課同學不提供加選,最低年級： 三年級 最高年級： 四年級 分發優先順序： 1開課單位學生優先,開放： 45 外系： 5 屬性： 可退可加 拒退年級： 不設定,領域： 學群：,否,
79,D030223401,,哲學二,先秦道家哲學 Philosophy of Daoism in Pre-Qin,2.00,選,學年,郭梨華 專長： 戰國儒家與道家哲學,中文,全,一(Mon),D5-D6,LI305,,,,,,,,,否,第一週未到課不提供加選,最低年級： 二年級 最高年級： 四年級 分發優先順序： 1開課單位學生優先,開放： 50 外系： 5 屬性： 可退可加 拒退年級： 不設定,領域： 學群：,否,
80,D030233507,G036033507,哲學二,清代哲學-明末清初時期 Philosophy of Ching dynasty-Late Ming and early Qing period,2.00,選,學期,汪惠娟 專長： 生命哲學、中國哲學,中文,全,一(Mon),D5-D6,LI304,,,,,,,,,否,,最低年級： 二年級 最高年級： 七年級 分發優先順序： 2開課系所高年級學生優先,開放： 20 外系： 0 屬性： 不代入 拒退年級： 不設定,領域： 學群：,否,
81,D030234258,,哲學二,戰國儒家哲學 The Confucianism of the Warring States,2.00,選,學年,郭梨華 專長： 戰國儒家與道家哲學,中文,全,一(Mon),D7-D8,LI305,,,,,,,,,否,第一週未到課不提供加選,最低年級： 二年級 最高年級： 四年級 分發優先順序： 1開課單位學生優先,開放： 50 外系： 5 屬性： 可退可加 拒退年級： 不設定,領域： 學群：,否,
82,D030237459,G036037459,哲學二,萊布尼茲與尼采論力概念 Leibniz and Nietzsche on the concept of force,2.00,選,學年,黃麗綺 專長： 古希臘哲學、尼采哲學,中文,全,一(Mon),D5-D6,LI410,,,,,,,,,否,,最低年級： 二年級 最高年級： 七年級 分發優先順序： 2開課系所高年級學生優先,開放： 15 外系： 0 屬性： 可退可加 拒退年級： 不設定,領域： 學群：,否,
83,D030237472,,哲學二,亞里斯多德早期哲學 The Early Philosophy of Aristotle,2.00,選,學期,劉康 專長： 希臘哲學、馬克思主義哲學,中文,全,一(Mon),D7-D8,LI303,,,,,,,,,否,第一週未到課不提供加選,最低年級： 二年級 最高年級： 七年級 分發優先順序： 1開課單位學生優先,開放： 65 外系： 0 屬性： 可退可加 拒退年級： 不設定,領域： 學群：,否,
84,D030237473,,哲學二,漢娜·鄂蘭﹕《極權主義的起源》 Hannah Arendt：The Origins of Totalitarianism,2.00,選,學期,劉康 專長： 希臘哲學、馬克思主義哲學,中文,全,二(Tue),D5-D6,LI400,,,,,,,,,否,第一週未到課不提供加選,最低年級： 二年級 最高年級： 四年級 分發優先順序： 1開課單位學生優先,開放： 65 外系： 0 屬性： 可退可加 拒退年級： 不設定,領域： 學群：,否,
85,D030237476,,哲學二,中國哲學與當代應用倫理 The Exploration of Modern Applied Ethics in Chinese Philosophy,2.00,選,學期,吳惠齡 專長： 中國哲學,中文,全,四(Thu),D5-D6,LI306,,,,,,,,,否,第一週未到課不提供加選,最低年級： 二年級 最高年級： 四年級 分發優先順序： 1開課單位學生優先,開放： 50 外系： 0 屬性： 可退可加 拒退年級： 不設定,領域： 學群：,否,
86,D030237818,,哲學二,儒家工夫論 Confucian Discourses on Self Cultivation,2.00,選,學期,鄧康宏 專長： 哲學、中國哲學、中國哲學史、儒家哲學、工夫論、比較哲學,中文,全,四(Thu),D5-D6,LI402,,,,,,,,,否,開學第一次上課未到不提供加選,最低年級： 一年級 最高年級： 四年級 分發優先順序： 1開課單位學生優先,開放： 50 外系： 2 屬性： 可退可加 拒退年級： 不設定,領域： 學群：,否,
87,D030237820,,哲學二,齊克果與法國存在主義 Kierkegaard and French existentialism,2.00,選,學期,董文學 專長： 人類學，法國哲學，中世紀思想，倫理學,中文,全,五(Fri),D3-D4,LI305,,,,,,,,,否,開學第一次上課未到不提供加選,最低年級： 二年級 最高年級： 四年級 分發優先順序： 1開課單位學生優先,開放： 50 外系： 3 屬性： 可退可加 拒退年級： 不設定,領域： 學群：,否,
88,D0E0201109,,企管二,中級會計學 Intermediate Accounting,3.00,選,學年,林彥廷 專長： 財務會計、資本市場研究、無形資產、公司理財,中文,全,一(Mon),DN-DN,LM302,全,一(Mon),D2-D4,LM302,,,,,否,財管組核心課程，輔導課為每周一DN,最低年級： 二年級 最高年級： 四年級 分發優先順序： 2開課系所高年級學生優先,開放： 60 外系： 10 屬性： 可退可加 拒退年級： 不設定,領域： 學群：,否,
89,D0E0202234,,企管二,組織行為 Organizational Behavior 英-專業,3.00,選,學期,林耀南 專長： 消費心理學、幽默、創造力、正向心理學、組織行為、企業倫理,全英文,全,二(Tue),D2-D4,LM505,,,,,,,,,否,與徐皓馨老師合開,最低年級： 二年級 最高年級： 四年級 分發優先順序： 2開課系所高年級學生優先,開放： 70 外系： 5 屬性： 可退可加 拒退年級： 不設定,領域： 學群：,否,
90,D0E0301480,,企管三,行銷研究 Marketing Research,3.00,選,學期,林育則 專長： 行銷研究、經濟學、行銷管理,中文,全,三(Wed),D2-D4,LM404,,,,,,,,,否,行銷組核心課程,最低年級： 三年級 最高年級： 四年級 分發優先順序： 2開課系所高年級學生優先,開放： 60 外系： 0 屬性： 可退可加 拒退年級： 不設定,領域： 學群：,否,
91,D0E0301579,,企管三,投資學 Investments,3.00,選,學期,連育民 專長： 資產評價、金融大數據分析、衍生性金融商品、財務計量、財務工程及風險管理,中文,全,五(Fri),D2-D4,LM302,,,,,,,,,否,財管組核心課程,最低年級： 三年級 最高年級： 四年級 分發優先順序： 2開課系所高年級學生優先,開放： 90 外系： 5 屬性： 可退可加 拒退年級： 不設定,領域： 學群：,否,
92,D0E0302141,,企管三,專案管理 Project Management 英-專業,3.00,選,學期,"范東安 專長： Operations Research, Metaheuristic",全英文,全,四(Thu),D5-D7,ES604,,,,,,,,,否,,最低年級： 三年級 最高年級： 四年級 分發優先順序： 2開課系所高年級學生優先,開放： 65 外系： 15 屬性： 可退可加 拒退年級： 不設定,領域： 學群：,否,
93,D0E0303136,G0E6003136,企管三,管理心理學 Management Psychology,3.00,選,學期,毛筱艷 專長： 人力資源  談判  衝突管理  溝通  行銷  企業倫理   智財權,中文,全,四(Thu),D2-D4,LM105,,,,,,,,,否,,最低年級： 三年級 最高年級： 七年級 分發優先順序： 2開課系所高年級學生優先,開放： 50 外系： 0 屬性： 可退可加 拒退年級： 不設定,領域： 學群：,否,
94,D0E0310458,,企管三,固定收益證券 Fixed Income Securities,3.00,選,學期,邱琦倫 專長： 資產定價、公司理財,中文,全,三(Wed),D2-D4,LM302,,,,,,,,,否,財管組核心課程,最低年級： 三年級 最高年級： 四年級 分發優先順序： 2開課系所高年級學生優先,開放： 85 外系： 10 屬性： 可退可加 拒退年級： 不設定,領域： 學群：,否,
95,D0E0314210,,企管三,推廣策略 Promotional Strategy,3.00,選,學期,黃麗霞 專長： 行銷管理、消費者行為,中文,全,四(Thu),D2-D4,ES717,,,,,,,,,否,行銷組核心課程,最低年級： 三年級 最高年級： 四年級 分發優先順序： 2開課系所高年級學生優先,開放： 80 外系： 0 屬性： 可退可加 拒退年級： 不設定,領域： 學群：,否,
96,D0E0314211,,企管三,產業管理研討 Discussion in Industrial Management,3.00,選,學期,顧宜錚 專長： 網路行銷、服務科學、資訊系統採用與擴散,中文,全,一(Mon),D5-D7,LM405,,,,,,,,,否,模組課程,最低年級： 三年級 最高年級： 四年級 分發優先順序： 1開課單位學生優先,開放： 60 外系： 0 屬性： 可退可加 拒退年級： 不設定,領域： 學群：,否,
97,D0E0315353,,企管三,全球供應鏈管理 Global Supply Chain Management,3.00,選,學期,梅明德 專長： 微積分,中文,全,五(Fri),D2-D4,LM505,,,,,,,,,否,模組課程,最低年級： 三年級 最高年級： 四年級 分發優先順序： 1開課單位學生優先,開放： 65 外系： 10 屬性： 可退可加 拒退年級： 不設定,領域： 學群：,否,
98,D0E0315470,G0E6015470,企管三,公司治理 Corporate Governance,3.00,選,學期,許培基 專長： 財務管理、財管專題、投資管理專題、基金投資、行為財務,中文,全,一(Mon),D5-D7,LM105,,,,,,,,,否,與江淑貞老師合開,最低年級： 三年級 最高年級： 七年級 分發優先順序： 2開課系所高年級學生優先,開放： 30 外系： 0 屬性： 可退可加 拒退年級： 不設定,領域： 學群：,否,
99,D0E0319663,,企管三,組織領導與社會創新實務 Organizational Leadership and Social Innovation Practices,2.00,選,學期,李禮孟 專長： 非營利組織管理、社會企業、政治經濟,中文,全,一(Mon),D8-E0,LM302,,,,,,,,,否,學士班5系合開，與黃凱斌老師合開,最低年級： 二年級 最高年級： 四年級 分發優先順序： 2開課系所高年級學生優先,開放： 35 外系： 15 屬性： 可退可加 拒退年級： 不設定,領域： 學群：,否,
100,D0E0324862,,企管三,績效管理與人才發展 Performance Management and Talent Development,3.00,選,學期,楊濱燦 專長： 消費者心理、服務行銷、組織行為與理論,中文,全,一(Mon),D2-D4,LM501,,,,,,,,,否,人管組核心課程,最低年級： 三年級 最高年級： 四年級 分發優先順序： 2開課系所高年級學生優先,開放： 90 外系： 20 屬性： 可退可加 拒退年級： 不設定,領域： 學群：,否,
101,D0E0324864,,企管三,組織與社會發展 Organization and Social Development,3.00,選,學期,徐皓馨 專長： 職場健康心理學,中文,全,三(Wed),D2-D4,LM301,,,,,,,,,否,模組課程,最低年級： 三年級 最高年級： 四年級 分發優先順序： 1開課單位學生優先,開放： 80 外系： 5 屬性： 可退可加 拒退年級： 不設定,領域： 學群：,否,
102,D0E0324865,,企管三,創意思考與行銷創新 Creative Thinking and Marketing Innovation,3.00,選,學期,林耀南 專長： 消費心理學、幽默、創造力、正向心理學、組織行為、企業倫理,中文,全,二(Tue),D5-D7,MD305,,,,,,,,,否,行銷組核心課程,最低年級： 三年級 最高年級： 四年級 分發優先順序： 2開課系所高年級學生優先,開放： 70 外系： 5 屬性： 可退可加 拒退年級： 不設定,領域： 學群：,否,
103,D0E0324866,,企管三,作業流程設計 Design of Operations Flow,3.00,選,學期,黃凱斌 專長： 作業管理 、計算管理科學、應用統計學 、機器學習與大數據分析,中文,全,四(Thu),D5-D7,ES706,,,,,,,,,否,作管組核心課程,最低年級： 三年級 最高年級： 四年級 分發優先順序： 2開課系所高年級學生優先,開放： 50 外系： 0 屬性： 可退可加 拒退年級： 不設定,領域： 學群：,否,
104,D0E0324867,,企管三,作業環境設計 Design of Operation Environment,3.00,選,學期,楊長林 專長： 產品開發管理、企業社會責任、社會企業、作業管理,中文,全,四(Thu),D2-D4,LM505,,,,,,,,,否,作管組核心課程,最低年級： 三年級 最高年級： 四年級 分發優先順序： 2開課系所高年級學生優先,開放： 50 外系： 0 屬性： 可退可加 拒退年級： 不設定,領域： 學群：,否,
105,D0E0332822,,企管三,全球企業策略管理實務 Global Business Strategy Management & Practices,2.00,選,學期,吳彥 專長： 會計學、房地產金融,中文,全,四(Thu),D7-D8,LM504,,,,,,,,,否,,最低年級： 三年級 最高年級： 四年級 分發優先順序： 2開課系所高年級學生優先,開放： 70 外系： 30 屬性： 可退可加 拒退年級： 不設定,領域： 學群：,否,
106,D0E0336591,,企管三,企業永續人才培育 Sustainable Talent Development for Organizations,3.00,選,學期,蘇秋霞 專長： 人力資源管理  組織發展與轉型  企業文化 永續人才發展,中文,全,一(Mon),D5-D7,LM404,,,,,,,,,否,,最低年級： 三年級 最高年級： 四年級 分發優先順序： 2開課系所高年級學生優先,開放： 40 外系： 15 屬性： 可退可加 拒退年級： 不設定,領域： 學群：,否,
107,D0E0402083,G0E6002083,企管四,國際企業管理 International Business Management 英-專業,3.00,選,學期,顏孟賢 專長： 一般管理、策略管理、國際企業,全英文,全,四(Thu),D2-D4,JS106,,,,,,,,,否,,最低年級： 四年級 最高年級： 七年級 分發優先順序： 2開課系所高年級學生優先,開放： 35 外系： 0 屬性： 不代入 拒退年級： 不設定,領域： 學群：,否,
108,D0E0424863,G0E6024863,企管四,勞資關係與薪酬管理 Labor Relationship and Compensation Management,3.00,選,學期,黃淑芬 專長： 人力資源、人力規劃、潛能開發,中文,全,四(Thu),D5-D7,JS106,,,,,,,,,否,,最低年級： 四年級 最高年級： 七年級 分發優先順序： 2開課系所高年級學生優先,開放： 30 外系： 5 屬性： 可退可加 拒退年級： 不設定,領域： 學群：,否,
109,D0E0425125,,企管四,產業實作(一) Internship (I) 實,3.00,選,學期,黃凱斌 專長： 作業管理 、計算管理科學、應用統計學 、機器學習與大數據分析,中文,,,-,不需要教室,,,,,,,,,否,與連育民老師、徐皓馨老師合開,最低年級： 四年級 最高年級： 四年級 分發優先順序： 1開課單位學生優先,開放： 15 外系： 0 屬性： 拒退拒加 拒退年級： 不設定,領域： 學群：,否,
110,D0E0425126,,企管四,產業實作(二) Internship (II) 實,3.00,選,學期,黃凱斌 專長： 作業管理 、計算管理科學、應用統計學 、機器學習與大數據分析,中文,,,-,不需要教室,,,,,,,,,否,與連育民老師、徐皓馨老師合開,最低年級： 四年級 最高年級： 四年級 分發優先順序： 1開課單位學生優先,開放： 15 外系： 0 屬性： 拒退拒加 拒退年級： 不設定,領域： 學群：,否,
111,D0E0433745,,企管四,職場健康與安全管理 Management of Occupational Health and Safety 英-專業,3.00,選,學期,徐皓馨 專長： 職場健康心理學,全英文,全,三(Wed),D7-E0,LM301,,,,,,,,,否,,最低年級： 四年級 最高年級： 四年級 分發優先順序： 2開課系所高年級學生優先,開放： 60 外系： 5 屬性： 可退可加 拒退年級： 不設定,領域： 學群：,否,
112,D0E0435562,,企管四,家族企業管理 Family Business Management 英-專業,3.00,選,學期,黃愷平 專長： 中小企業、創業精神、資源獲取、跨國企業、行銷管理、人力資源管理,全英文,全,三(Wed),D2-D4,LM505,,,,,,,,,否,,最低年級： 四年級 最高年級： 四年級 分發優先順序： 2開課系所高年級學生優先,開放： 50 外系： 10 屬性： 可退可加 拒退年級： 不設定,領域： 學群：,否,
113,D0F0217103,,金融國企二,數位行銷 Digital Marketing 英-專業,3.00,選,學期,許育銘 專長： 行銷管理、數位行銷、資訊科技行銷、社群商務、國際企業管理,全英文,全,四(Thu),D5-D7,LM203,,,,,,,,,否,,最低年級： 二年級 最高年級： 四年級 分發優先順序： 1開課單位學生優先,開放： 50 外系： 5 屬性： 可退可加 拒退年級： 不設定,領域： 學群：,否,
114,D0F0230802,,金融國企二,金融市場與金融機構 Financial Market and Financial Institutions 英-專業,3.00,選,學期,胡聚男 專長： 計量經濟學、金融機構管理、效率與生產力分析,全英文,全,三(Wed),D2-D4,LM507,,,,,,,,,否,,最低年級： 二年級 最高年級： 四年級 分發優先順序： 1開課單位學生優先,開放： 70 外系： 0 屬性： 可退可加 拒退年級： 不設定,領域： 學群：,否,
115,D0F0313027,,金融國企三,機器學習 Machine Learning 程,3.00,選,學期,盧浩鈞 專長： 雲端運算之應用、決策支援管理系統、Web、資料庫、電子商務之實務,中英文,全,五(Fri),D2-D4,LM201,,,,,,,,,否,,最低年級： 三年級 最高年級： 四年級 分發優先順序： 1開課單位學生優先,開放： 35 外系： 5 屬性： 可退可加 拒退年級： 不設定,領域： 學群：,否,
116,D0F0315493,,金融國企三,國際競合策略 International Co-opetition Strategy,3.00,選,學期,林玫君 專長： 產業分析與競爭策略、科技創新、服務行銷、供應鏈管理,中文,全,二(Tue),D5-D7,LM507,,,,,,,,,否,,最低年級： 三年級 最高年級： 四年級 分發優先順序： 1開課單位學生優先,開放： 70 外系： 5 屬性： 可退可加 拒退年級： 不設定,領域： 學群：,否,
117,D0F0319663,D0E0319663,金融國企三,組織領導與社會創新實務 Organizational Leadership and Social Innovation Practices,2.00,選,學期,李禮孟 專長： 非營利組織管理、社會企業、政治經濟,中文,全,一(Mon),D8-E0,LM302,,,,,,,,,否,學士班5系合開，與黃凱斌老師合開,最低年級： 二年級 最高年級： 四年級 分發優先順序： 2開課系所高年級學生優先,開放： 10 外系： 0 屬性： 可退可加 拒退年級： 不設定,領域： 學群：,否,
118,D0F0330501,G0F6230501,金融國企三,金融科技講座 Financial Technology Forum,3.00,選,學期,高銘淞 專長： Financial Economics,中文,全,二(Tue),D5-D7,MD1002,,,,,,,,,否,,最低年級： 一年級 最高年級： 四年級 分發優先順序： 1開課單位學生優先,開放： 20 外系： 2 屬性： 可退可加 拒退年級： 不設定,領域： 學群：,否,
119,D0F0337902,,金融國企三,產業實務鏈結 Industry Practice Linkage,3.00,選,學期,洪永沛 專長： 投資銀行、風險投資、企業融資、商業銀行、公司財務,中文,全,五(Fri),D5-D7,LM203,,,,,,,,,否,,最低年級： 三年級 最高年級： 四年級 分發優先順序： 2開課系所高年級學生優先,開放： 40 外系： 0 屬性： 可退可加 拒退年級： 不設定,領域： 學群：,否,
120,D0F0402085,,金融國企四,國際行銷個案研究 Case Study in International Marketing,3.00,選,學期,許育銘 專長： 行銷管理、數位行銷、資訊科技行銷、社群商務、國際企業管理,中文,全,三(Wed),D2-D4,LM203,,,,,,,,,否,,最低年級： 三年級 最高年級： 四年級 分發優先順序： 1開課單位學生優先,開放： 40 外系： 5 屬性： 可退可加 拒退年級： 不設定,領域： 學群：,否,
121,D0F0408640,,金融國企四,國際服務業管理 International Service Management,2.00,選,學期,羅烈明 專長： 風險管理、財務管理、行銷管理,中文,全,一(Mon),D5-D6,LM201,,,,,,,,,否,,最低年級： 四年級 最高年級： 四年級 分發優先順序： 1開課單位學生優先,開放： 40 外系： 10 屬性： 可退可加 拒退年級： 不設定,領域： 學群：,否,
122,D0F0414068,G0F6214068,金融國企四,企業分析與評價 Business Valuation and Analysis 英-專業,3.00,選,學期,蔡偉澎 專長： Financial Management、Investment,全英文,全,二(Tue),D2-D4,MD1002,,,,,,,,,否,,最低年級： 四年級 最高年級： 四年級 分發優先順序： 1開課單位學生優先,開放： 15 外系： 2 屬性： 可退可加 拒退年級： 不設定,領域： 學群：,否,
123,D0F0425125,,金融國企四,產業實作(一) Internship (I) 實,3.00,選,學期,鄭淑玲 專長： 行銷研究、資料分析、國際金融,中文,,,-,不需要教室,,,,,,,,,否,,最低年級： 四年級 最高年級： 四年級 分發優先順序： 1開課單位學生優先,開放： 40 外系： 0 屬性： 拒退拒加 拒退年級： 不設定,領域： 學群：,否,
124,D0F0425126,,金融國企四,產業實作(二) Internship (II) 實,3.00,選,學期,鄭淑玲 專長： 行銷研究、資料分析、國際金融,中文,,,-,不需要教室,,,,,,,,,否,,最低年級： 四年級 最高年級： 四年級 分發優先順序： 1開課單位學生優先,開放： 40 外系： 0 屬性： 拒退拒加 拒退年級： 不設定,領域： 學群：,否,
125,D0F0425127,,金融國企四,產業實作(三) Internship (III) 實,3.00,選,學期,鄭淑玲 專長： 行銷研究、資料分析、國際金融,中文,,,-,不需要教室,,,,,,,,,否,,最低年級： 四年級 最高年級： 四年級 分發優先順序： 1開課單位學生優先,開放： 40 外系： 0 屬性： 拒退拒加 拒退年級： 不設定,領域： 學群：,否,
126,D0F0433860,,金融國企四,行銷大數據 Marketing Data Science,3.00,選,學期,鄭淑玲 專長： 行銷研究、資料分析、國際金融,中文,全,一(Mon),D7-E0,ES302,,,,,,,,,否,,最低年級： 三年級 最高年級： 四年級 分發優先順序： 1開課單位學生優先,開放： 32 外系： 5 屬性： 可退可加 拒退年級： 不設定,領域： 學群：,否,
127,D0F0435585,G0N6035585,金融國企四,顧客關係管理與服務行銷 Customer Relationship Management and Service Marketing 英-專業,3.00,選,學期,林玫君 專長： 產業分析與競爭策略、科技創新、服務行銷、供應鏈管理,全英文,全,四(Thu),D5-D7,MD1004,,,,,,,,,否,,最低年級： 四年級 最高年級： 四年級 分發優先順序： 1開課單位學生優先,開放： 12 外系： 0 屬性： 可退可加 拒退年級： 不設定,領域： 學群：,否,
128,D0L0214053,,天主教研修二,婚姻教育 Marriage Education,2.00,選,學期,柯良宜 專長： 家庭資源管理、婚姻教育、家庭概論,中文,全,二(Tue),D5-D6,BS205,,,,,,,,,否,,最低年級： 二年級 最高年級： 四年級 分發優先順序： 1開課單位學生優先,開放： 18 外系： 10 屬性： 可退可加 拒退年級： 不設定,領域： 學群：,否,
129,D0L0221261,,天主教研修二,祈禱入門 Introduction to Prayer,2.00,選,學期,魏嘉華 專長： 宗教學、信理神學與人生哲學,中文,全,四(Thu),D3-D4,BS205,,,,,,,,,否,,最低年級： 二年級 最高年級： 四年級 分發優先順序： 1開課單位學生優先,開放： 18 外系： 5 屬性： 可退可加 拒退年級： 不設定,領域： 學群：,否,
130,D0L0234916,,天主教研修二,行銷原理與企劃 INTRODUCTION TO  MARKETING PLANNING,2.00,選,學期,張文強 專長： 傳播理論、社會學、媒介組織理論,中文,全,三(Wed),D3-D4,BS206,,,,,,,,,否,,最低年級： 二年級 最高年級： 四年級 分發優先順序： 1開課單位學生優先,開放： 18 外系： 10 屬性： 可退可加 拒退年級： 不設定,領域： 學群：,否,
131,D0L0320658,,天主教研修三,畢業專題討論 Graduation Production,2.00,選,學期,季進德 專長： 人生哲學,中文,全,一(Mon),D5-D6,BS206,,,,,,,,,否,為本學程大四的畢業製作，進行的前導討論課程。,最低年級： 三年級 最高年級： 四年級 分發優先順序： 1開課單位學生優先,開放： 18 外系： 0 屬性： 可退拒加 拒退年級： 不設定,領域： 學群：,否,
132,D0L0320805,,天主教研修三,宗教建築 The architecture for religious purposes,2.00,選,學期,張文瑞 專長： 建築設計、景觀設計、室內設計、都市設計、營造法、施工及估價,中文,全,一(Mon),D7-D8,BS206,,,,,,,,,否,,最低年級： 三年級 最高年級： 四年級 分發優先順序： 1開課單位學生優先,開放： 18 外系： 10 屬性： 可退可加 拒退年級： 不設定,領域： 學群：,否,
133,D0L0333477,,天主教研修三,靈性領導專題：僕人領導與牧羊人領導 Seminar in spiritual leadership: servant leadership and shepherd leadership,2.00,選,學期,林湘義 專長： 人生哲學、經濟暨企業倫理、跨文化企業管理、靈性領導、使命管理,中文,全,四(Thu),D5-D6,ES702,,,,,,,,,否,,最低年級： 三年級 最高年級： 四年級 分發優先順序： 1開課單位學生優先,開放： 18 外系： 10 屬性： 可退可加 拒退年級： 不設定,領域： 學群：,否,
134,D0L0336659,,天主教研修三,天主教人學與科技倫理 Catholic Anthropology and Technological Ethics,2.00,選,學期,符文玲 專長： 倫理神學、哲學人學、婚姻家庭倫理、生命倫理、當代倫理議題、法英義中翻譯,中文,全,五(Fri),D5-D6,BS205,,,,,,,,,否,,最低年級： 三年級 最高年級： 四年級 分發優先順序： 1開課單位學生優先,開放： 18 外系： 10 屬性： 可退可加 拒退年級： 不設定,領域： 學群：,否,
135,D0L0337875,,天主教研修三,撒羅滿的雅歌詮釋 Interpretation of the Song of Solomon,2.00,選,學期,黎建球 專長： 形上學、倫理學、知識論、中西基礎哲學比較研究,中文,全,二(Tue),D3-D4,DG420,,,,,,,,,否,,最低年級： 三年級 最高年級： 四年級 分發優先順序： 1開課單位學生優先,開放： 18 外系： 10 屬性： 可退可加 拒退年級： 不設定,領域： 學群：,否,
136,D0V0133438,,領科學程一,電腦動畫設計與應用 Computer Animation and Application,2.00,選,學期,林士傑 專長： Office 、 多媒體影音剪輯,中文,全,一(Mon),D5-D6,LE4A,,,,,,,,,否,第四周需調整教室,最低年級： 一年級 最高年級： 四年級 分發優先順序： 1開課單位學生優先,開放： 45 外系： 0 屬性： 可退可加 拒退年級： 不設定,領域： 學群：,否,
137,D0V0134120,,領科學程一,人際關係與情緒管理 Interpersonal Relation and Emotion Management,2.00,選,學期,何萬良 專長： 何萬良博士專長於生命教育、教育領導、教育評鑑與教育心理學等,中文,全,五(Fri),D3-D4,LE602,,,,,,,,,否,,最低年級： 一年級 最高年級： 四年級 分發優先順序： 1開課單位學生優先,開放： 37 外系： 0 屬性： 可退可加 拒退年級： 不設定,領域： 學群：,否,
138,D0V0137621,,領科學程一,建築人文與空間規劃 Architectural Humanities and Spatial Design,2.00,選,學期,黃玉貞 專長： 科技領導、校務經營、組織領導、教育行政,中文,全,四(Thu),D7-D8,LE704,,,,,,,,,否,,最低年級： 一年級 最高年級： 四年級 分發優先順序： 1開課單位學生優先,開放： 35 外系： 0 屬性： 可退可加 拒退年級： 不設定,領域： 學群：,否,
139,D0V0224612,,領科學程二,行銷與公共關係 Marketing and public relations,2.00,選,學期,謝寧 專長： 傳播媒體對健康行為及公共政策的影響,中文,全,二(Tue),D5-D6,LE603,,,,,,,,,否,,最低年級： 二年級 最高年級： 四年級 分發優先順序： 1開課單位學生優先,開放： 35 外系： 0 屬性： 可退可加 拒退年級： 不設定,領域： 學群：,否,
140,D0V0224765,,領科學程二,方案設計與執行 Program Design and Implementation,2.00,選,學期,劉育群 專長： 人際關係與職場互動,中文,全,四(Thu),D7-D8,LE602,,,,,,,,,否,,最低年級： 二年級 最高年級： 四年級 分發優先順序： 2開課系所高年級學生優先,開放： 35 外系： 0 屬性： 可退可加 拒退年級： 不設定,領域： 學群：,否,
141,D0V0231441,,領科學程二,大數據資料分析與應用 Big Data Analytics and Its Applications,3.00,選,學期,杜海倫 專長： 自然語言處理、演算法、 語料庫相關研究、資訊檢索,中文,全,五(Fri),D3-DN,LE402,,,,,,,,,否,,最低年級： 二年級 最高年級： 四年級 分發優先順序： 1開課單位學生優先,開放： 35 外系： 0 屬性： 可退可加 拒退年級： 不設定,領域： 學群：,否,
142,D0V0237596,,領科學程二,全球教育議題 Global Issues in Education 英-專業,2.00,選,學期,趙珮晴 專長： 教育學基礎理論、師資培育、教育測驗與量化研究,全英文,全,五(Fri),D1-D2,LE603,,,,,,,,,否,,最低年級： 二年級 最高年級： 四年級 分發優先順序： 1開課單位學生優先,開放： 35 外系： 0 屬性： 可退可加 拒退年級： 不設定,領域： 學群：,否,
143,D0V0237894,,領科學程二,藝文產業與策展概論 An Introduction to Cultural Industries and Curation,2.00,選,學期,游量凱 專長： 關注博物館、策展研究、藝術史與性別議題,中文,全,四(Thu),D1-D2,LE609,,,,,,,,,否,,最低年級： 二年級 最高年級： 四年級 分發優先順序： 1開課單位學生優先,開放： 40 外系： 0 屬性： 可退可加 拒退年級： 不設定,領域： 學群：,否,
144,D0V0333433,,領科學程三,教育行政學 Educational Administration,2.00,選,學期,劉道德 專長： 教育行政、服務領導行為學、組織領導行為學,中文,全,二(Tue),D7-D8,LE603,,,,,,,,,否,,最低年級： 三年級 最高年級： 四年級 分發優先順序： 1開課單位學生優先,開放： 35 外系： 0 屬性： 可退可加 拒退年級： 不設定,領域： 學群：,否,
145,D0V0334609,,領科學程三,職場生態與員工職涯發展 Workplace ecosystems and Career management,2.00,選,學期,黃淑芬 專長： 人力資源、人力規劃、潛能開發,中文,全,二(Tue),D5-D6,LE602,,,,,,,,,否,,最低年級： 三年級 最高年級： 四年級 分發優先順序： 1開課單位學生優先,開放： 35 外系： 0 屬性： 可退可加 拒退年級： 不設定,領域： 學群：,否,
146,D0V0337852,,領科學程三,品牌經營 Brand Management,2.00,選,學期,薛雅尤 專長： 圖書資訊學、行銷理論、品牌營運、策略行銷學、消費者行為、行銷數據分析,中文,全,四(Thu),D3-D4,LE602,,,,,,,,,否,,最低年級： 三年級 最高年級： 四年級 分發優先順序： 1開課單位學生優先,開放： 45 外系： 0 屬性： 可退可加 拒退年級： 不設定,領域： 學群：,否,
147,D0W0134070,D1I0134070,醫資學程一,智慧資安講座 Lectures in Artificial Intelligence & Information Security,2.00,選,學期,許見章 專長： 人工智慧、專家系統、行動運算,中文,全,三(Wed),D7-D8,MD202,,,,,,,,,否,,最低年級： 一年級 最高年級： 四年級 分發優先順序： 1開課單位學生優先,開放： 61 外系： 0 屬性： 可退可加 拒退年級： 不設定,領域： 學群：,否,
148,D0W0202898,DSG0002898,醫資學程二,臨床醫學概論 Introduction to Clinical Medicine,3.00,選,學期,劉文勝 專長： 腎臟疾病,中文,全,二(Tue),D7-E0,ES107,,,,,,,,,否,,最低年級： 二年級 最高年級： 四年級 分發優先順序： 1開課單位學生優先,開放： 10 外系： 0 屬性： 可退可加 拒退年級： 不設定,領域： 學群：,否,
149,D0W0221195,DSG0021195,醫資學程二,基礎人體醫學概論 Introduction to basic human medicine,3.00,選,學期,吳傳頌 專長： 基礎人體醫學概論,中文,全,二(Tue),D7-E0,ES105,,,,,,,,,否,,最低年級： 二年級 最高年級： 四年級 分發優先順序： 1開課單位學生優先,開放： 10 外系： 0 屬性： 可退可加 拒退年級： 不設定,領域： 學群：,否,
150,D0W0223189,,醫資學程二,醫療資訊系統實務 Medical Information Systems Practice 程,3.00,選,學期,彭振興 專長： 演算法及計算理論、醫療資訊、人工智慧、資訊安全,中文,全,四(Thu),D7-E0,ES301,,,,,,,,,否,由彭振興、陳麗卿2位老師合上,最低年級： 二年級 最高年級： 四年級 分發優先順序： 1開課單位學生優先,開放： 50 外系： 0 屬性： 可退可加 拒退年級： 不設定,領域： 學群：,否,
151,D0W0230033,,醫資學程二,人機介面設計與使用者經驗 Human-computer Interface Design and User Experience,3.00,選,學期,葉世軒 專長： 人機介面設計與使用者經驗,中文,全,三(Wed),D7-E0,LE401,,,,,,,,,否,,最低年級： 二年級 最高年級： 四年級 分發優先順序： 1開課單位學生優先,開放： 40 外系： 0 屬性： 可退可加 拒退年級： 不設定,領域： 學群：,否,
152,D0W0333285,,醫資學程三,醫療資訊使用者介面設計 Medical Information User Interface Design,3.00,選,學期,江典泗 專長： 醫療資訊使用者介面設計,中文,全,五(Fri),D5-D7,JS108,,,,,,,,,否,此課程由江典泗、陳宗泰兩位老師合授,最低年級： 三年級 最高年級： 四年級 分發優先順序： 1開課單位學生優先,開放： 40 外系： 20 屬性： 可退可加 拒退年級： 不設定,領域： 學群：,否,
153,D100136014,,圖資一,圖書館世界探索 Exploration of Library World 英-專業,2.00,選,學年,林麗娟 專長： 數位學習、行動閱讀、教學科技、遠距學習、資訊素養、資訊教育、社區參與,全英文,全,二(Tue),D3-D4,LE205,,,,,,,,,否,上機教室LE5A,最低年級： 一年級 最高年級： 四年級 分發優先順序： 1開課單位學生優先,開放： 50 外系： 0 屬性： 可退可加 拒退年級： 不設定,領域： 學群：,否,
154,D100202492,,圖資二,資料結構 Data Structures 程,2.00,選,學年,吳政叡 專長： 元資料、檢索、神經元網路、糢糊邏輯,中英文,全,四(Thu),D5-D6,LE106,,,,,,,,,否,上機教室LE5A,最低年級： 二年級 最高年級： 四年級 分發優先順序： 1開課單位學生優先,開放： 50 外系： 0 屬性： 可退可加 拒退年級： 不設定,領域： 學群：,否,
155,D100216806,,圖資二,書目計量學導論 Introduction to Bibliometrics,2.00,選,學期,董蕙茹 專長： 資訊計量學、專利資訊、學術評鑑、資訊組織、社會網絡分析,中文,全,四(Thu),D3-D4,LE205,,,,,,,,,否,,最低年級： 二年級 最高年級： 四年級 分發優先順序： 1開課單位學生優先,開放： 50 外系： 0 屬性： 可退可加 拒退年級： 不設定,領域： 學群：,否,
156,D100217624,,圖資二,書目學理論與實務 Bibliography Theory and Practice,2.00,選,學年,陳冠至 專長： 藏書史、版本學、目錄學、圖書史、圖書館史、圖書資訊學、史學,中文,全,三(Wed),D7-D8,LE205,,,,,,,,,否,,最低年級： 二年級 最高年級： 四年級 分發優先順序： 1開課單位學生優先,開放： 50 外系： 0 屬性： 可退可加 拒退年級： 不設定,領域： 學群：,否,
157,D100232318,,圖資二,資訊視覺化概論 Introduction to Information Visualization 網,2.00,選,學期,董蕙茹 專長： 資訊計量學、專利資訊、學術評鑑、資訊組織、社會網絡分析,中文,全,二(Tue),D5-D6,LE105,,,,,,,,,否,,最低年級： 二年級 最高年級： 四年級 分發優先順序： 1開課單位學生優先,開放： 40 外系： 0 屬性： 可退可加 拒退年級： 不設定,領域： 學群：,否,
158,D100237118,,圖資二,中小學圖書館與閱讀 School Librarianship and Reading 英-專業,2.00,選,學期,"曾品方 專長： 資訊組織,主題分析,資訊檢索,資訊行為,閱讀研究, 中小學圖書館",全英文,全,五(Fri),D5-D6,LE105,,,,,,,,,否,,最低年級： 二年級 最高年級： 四年級 分發優先順序： 1開課單位學生優先,開放： 50 外系： 0 屬性： 可退可加 拒退年級： 不設定,領域： 學群：,否,
159,D100237844,,圖資二,讀者洞察與網路行銷 Reader Insight and Online Marketing 英-專業,2.00,選,學期,薛雅尤 專長： 圖書資訊學、行銷理論、品牌營運、策略行銷學、消費者行為、行銷數據分析,全英文,全,四(Thu),D5-D6,LE205,,,,,,,,,否,,最低年級： 二年級 最高年級： 四年級 分發優先順序： 1開課單位學生優先,開放： 40 外系： 0 屬性： 可退可加 拒退年級： 不設定,領域： 學群：,否,
160,D100306564,,圖資三,圖書館史 Library History.,2.00,選,學年,陳冠至 專長： 藏書史、版本學、目錄學、圖書史、圖書館史、圖書資訊學、史學,中文,全,五(Fri),D3-D4,LE105,,,,,,,,,否,,最低年級： 三年級 最高年級： 四年級 分發優先順序： 2開課系所高年級學生優先,開放： 50 外系： 0 屬性： 可退可加 拒退年級： 不設定,領域： 學群：,否,
161,D100331502,,圖資三,檔案管理與加值行銷 Archives Management and Marketing,2.00,選,學年,張嘉彬 專長： 檔案管理,中文,全,二(Tue),D7-D8,LE105,,,,,,,,,否,與「檔案管理」、「檔案加值、行銷與推廣」為相近課程，同學請勿重覆修習,最低年級： 三年級 最高年級： 四年級 分發優先順序： 2開課系所高年級學生優先,開放： 50 外系： 0 屬性： 可退可加 拒退年級： 不設定,領域： 學群：,否,
162,D100332707,,圖資三,版本學與古籍保護 Chinese Ancient  Bibliology  and Books Preservation,2.00,選,學年,陳冠至 專長： 藏書史、版本學、目錄學、圖書史、圖書館史、圖書資訊學、史學,中文,全,四(Thu),D5-D6,LE105,,,,,,,,,否,,最低年級： 三年級 最高年級： 四年級 分發優先順序： 2開課系所高年級學生優先,開放： 50 外系： 0 屬性： 可退可加 拒退年級： 不設定,領域： 學群：,否,
163,D100335168,,圖資三,人工智慧應用實務 Artificial Intelligence with Applications and Practice 程,3.00,選,學期,周遵儒 專長： 人工智慧、色彩工程、文件分析與辨識、多媒體系統開發,中文,全,五(Fri),D5-D7,LE106,,,,,,,,,否,上機教室LE5A,最低年級： 三年級 最高年級： 四年級 分發優先順序： 2開課系所高年級學生優先,開放： 40 外系： 0 屬性： 可退可加 拒退年級： 不設定,領域： 學群：,否,
164,D100337411,,圖資三,資訊架構與使用者體驗設計 Information Architecture and User Experience Design,2.00,選,學期,洪偉翔 專長： 圖書資訊學、資訊系統、網站架設,中文,全,三(Wed),D1-D2,LE106,,,,,,,,,否,上機教室LE403,最低年級： 三年級 最高年級： 四年級 分發優先順序： 2開課系所高年級學生優先,開放： 40 外系： 0 屬性： 可退可加 拒退年級： 不設定,領域： 學群：,否,
165,D100337434,,圖資三,資訊使用者行為探索 Exploration of Information User Behavior,2.00,選,學年,"曾品方 專長： 資訊組織,主題分析,資訊檢索,資訊行為,閱讀研究, 中小學圖書館",中文,全,三(Wed),D3-D4,LE202,,,,,,,,,否,,最低年級： 三年級 最高年級： 四年級 分發優先順序： 2開課系所高年級學生優先,開放： 40 外系： 0 屬性： 可退可加 拒退年級： 不設定,領域： 學群：,否,
166,D110105214,,影傳一,電影發展史 Film History,2.00,選,學期,趙庭慧 專長： 電影美學、電影理論、電影歷史、性別研究、文本分析,中文,全,五(Fri),D3-D4,LF106,,,,,,,,,否,,最低年級： 一年級 最高年級： 四年級 分發優先順序： 1開課單位學生優先,開放： 30 外系： 0 屬性： 可退拒加 拒退年級： 不設定,領域： 學群：,否,
167,D110111811,,影傳一,聲音訓練 Voice Training,2.00,選,學期,張曉瑩 專長： 聲音訓練、進階聲音訓練、廣播節目企劃與製作,中文,全,五(Fri),D7-D8,LF207,,,,,,,,,否,,最低年級： 一年級 最高年級： 四年級 分發優先順序： 1開課單位學生優先,開放： 32 外系： 0 屬性： 可退拒加 拒退年級： 不設定,領域： 學群：,否,
168,D110116259,,影傳一,類型電影 Film Genre,2.00,選,學期,趙庭慧 專長： 電影美學、電影理論、電影歷史、性別研究、文本分析,中文,全,二(Tue),D5-D6,LF106,,,,,,,,,否,,最低年級： 一年級 最高年級： 四年級 分發優先順序： 1開課單位學生優先,開放： 30 外系： 0 屬性： 可退拒加 拒退年級： 不設定,領域： 學群：,否,
169,D110116276,,影傳一,進階劇本寫作 Advanced Screenwriting for Film and Television,2.00,選,學期,張其錚 專長： 電視新聞編輯、電視節目製作、電視創意企劃、電視採訪寫作,中文,全,四(Thu),D7-D8,LF207,,,,,,,,,否,,最低年級： 一年級 最高年級： 四年級 分發優先順序： 1開課單位學生優先,開放： 36 外系： 0 屬性： 可退可加 拒退年級： 不設定,領域： 學群：,否,
170,D110116451,,影傳一,新媒體藝術概論 Introduction to New Media Arts 英-專業,2.00,選,學期,黃盟欽 專長： 新媒體科技藝術、策展規劃執行、數位媒體影音、互動藝術設計、錄像藝術,全英文,全,一(Mon),D7-D8,LE103,,,,,,,,,否,不開放人工加簽,最低年級： 一年級 最高年級： 四年級 分發優先順序： 2開課系所高年級學生優先,開放： 75 外系： 15 屬性： 可退可加 拒退年級： 不設定,領域： 學群：,否,
171,D110137678,,影傳一,影像修復與典藏 Film Archiving and Restoration,2.00,選,學期,"黃慧敏 專長： 電影典藏與修復,電影風格分析",中文,全,一(Mon),D5-D6,LF207,,,,,,,,,否,,最低年級： 一年級 最高年級： 四年級 分發優先順序： 1開課單位學生優先,開放： 42 外系： 0 屬性： 可退可加 拒退年級： 不設定,領域： 學群：,否,
172,D110203367,,影傳二,電台管理 Broadcating Management,2.00,選,學年,黃乃琦 專長： 傳播敘事、電視新聞製作、電視節目企劃與製作、影視史學、媒體全球化,中文,全,三(Wed),D7-D8,LF315,,,,,,,,,否,需先通過電台甄選面試,最低年級： 二年級 最高年級： 四年級 分發優先順序： 1開課單位學生優先,開放： 50 外系： 0 屬性： 可退拒加 拒退年級： 不設定,領域： 學群：,否,
173,D110204978,,影傳二,電腦排版與設計 Desktop Publishing and Design,2.00,選,學期,游凱麟 專長： 影音特效、動畫藝術、視覺傳達、媒體製作、平面設計,中文,全,五(Fri),D7-D8,LE403,,,,,,,,,否,不開放外系加簽,最低年級： 二年級 最高年級： 四年級 分發優先順序： 1開課單位學生優先,開放： 55 外系： 0 屬性： 可退可加 拒退年級： 不設定,領域： 學群：,否,
174,D110217494,,影傳二,日本電影 Japanese Cinema,2.00,選,學期,趙庭慧 專長： 電影美學、電影理論、電影歷史、性別研究、文本分析,中文,全,二(Tue),D3-D4,LF106,,,,,,,,,否,,最低年級： 二年級 最高年級： 四年級 分發優先順序： 1開課單位學生優先,開放： 30 外系： 0 屬性： 可退拒加 拒退年級： 不設定,領域： 學群：,否,
175,D110218684,,影傳二,導演實務 Practicum in Film Directing,3.00,選,學期,胡美芳 專長： 劇情片製作、劇本寫作、導演實務、故事開發、數位後製、畢業專題,中文,全,五(Fri),D2-D4,LF207,,,,,,,,,否,,最低年級： 二年級 最高年級： 四年級 分發優先順序： 1開課單位學生優先,開放： 36 外系： 0 屬性： 可退拒加 拒退年級： 不設定,領域： 學群：,否,
176,D110220859,,影傳二,亞際電影 Introduction to Inter-Asia Cinema(s) 英-專業,2.00,選,學期,唐維敏 專長： 傳播研究方法、電影與文化、電影史、影視文學、傳播英文,全英文,全,三(Wed),D3-D4,LF110,,,,,,,,,否,不開放人工加簽,最低年級： 二年級 最高年級： 四年級 分發優先順序： 1開課單位學生優先,開放： 45 外系： 45 屬性： 可退可加 拒退年級： 不設定,領域： 學群：,否,
177,D110233760,,影傳二,策展實務 Curatorial Practice,2.00,選,學期,徐明瀚 專長： 影視文學,中文,全,四(Thu),D3-D4,LF107,,,,,,,,,否,本課程需籌備普洛影展,最低年級： 二年級 最高年級： 四年級 分發優先順序： 1開課單位學生優先,開放： 50 外系： 0 屬性： 可退拒加 拒退年級： 不設定,領域： 學群：,否,
178,D110234061,,影傳二,進階影音節目企劃與製作 Advanced Audiovisual Program Project & Production,3.00,選,學期,黃乃琦 專長： 傳播敘事、電視新聞製作、電視節目企劃與製作、影視史學、媒體全球化,中文,全,四(Thu),D7-E0,LF307,,,,,,,,,否,不開放外系加簽,最低年級： 二年級 最高年級： 四年級 分發優先順序： 1開課單位學生優先,開放： 60 外系： 0 屬性： 可退拒加 拒退年級： 不設定,領域： 學群：,否,
179,D110234319,,影傳二,影音配樂賞析 Appreciation of Music and Sound Concepts,2.00,選,學期,張曉瑩 專長： 聲音訓練、進階聲音訓練、廣播節目企劃與製作,中文,全,五(Fri),D5-D6,LF207,,,,,,,,,否,,最低年級： 二年級 最高年級： 四年級 分發優先順序： 1開課單位學生優先,開放： 32 外系： 0 屬性： 可退拒加 拒退年級： 不設定,領域： 學群：,否,
180,D110235858,,影傳二,印度電影 Indian Cinema 英-專業,2.00,選,學期,唐維敏 專長： 傳播研究方法、電影與文化、電影史、影視文學、傳播英文,全英文,全,一(Mon),D7-D8,LF107,,,,,,,,,否,不開放人工加簽,最低年級： 二年級 最高年級： 四年級 分發優先順序： 2開課系所高年級學生優先,開放： 60 外系： 60 屬性： 可退可加 拒退年級： 不設定,領域： 學群：,否,
181,D110235859,,影傳二,當代西班牙電影 Spanish Contemporary Cinema 英-專業,2.00,選,學期,吳穎錫 專長： 美國社會、拉美區域整合、中國與拉美、歐盟研究,全英文,全,四(Thu),D5-D6,LF110,,,,,,,,,否,,最低年級： 二年級 最高年級： 四年級 分發優先順序： 1開課單位學生優先,開放： 60 外系： 60 屬性： 可退可加 拒退年級： 不設定,領域： 學群：,否,
182,D110235861,,影傳二,AI技術與影像應用 AI Technology and Visual Application,2.00,選,學期,莊正旺 專長： 3D數位動畫,中文,全,一(Mon),D5-D6,LF301,,,,,,,,,否,不開放外系加簽,最低年級： 二年級 最高年級： 四年級 分發優先順序： 1開課單位學生優先,開放： 35 外系： 0 屬性： 可退可加 拒退年級： 不設定,領域： 學群：,否,
183,D110302678,,影傳三,劇情片製作 Fiction Film Production,3.00,選,學期,柯妧青 專長： 影視製作、導演實務、影像培力研究、女性主義電影、批判教育、多元文化教育,中文,全,四(Thu),D3-DN,LF210,,,,,,,,,否,不開放外系,最低年級： 三年級 最高年級： 四年級 分發優先順序： 1開課單位學生優先,開放： 36 外系： 0 屬性： 可退拒加 拒退年級： 不設定,領域： 學群：,否,
184,D110311813,,影傳三,應用攝影 Applied Photography,2.00,選,學期,黃建亮 專長： 進階攝影,中文,全,四(Thu),D7-D8,LF210,,,,,,,,,否,,最低年級： 三年級 最高年級： 四年級 分發優先順序： 1開課單位學生優先,開放： 36 外系： 0 屬性： 可退可加 拒退年級： 不設定,領域： 學群：,否,
185,D110315881,,影傳三,互動媒體設計 Interactive Media Design 程,2.00,選,學期,黃盟欽 專長： 新媒體科技藝術、策展規劃執行、數位媒體影音、互動藝術設計、錄像藝術,中文,全,三(Wed),D7-D8,LE404A,,,,,,,,,否,,最低年級： 三年級 最高年級： 四年級 分發優先順序： 1開課單位學生優先,開放： 70 外系： 0 屬性： 可退可加 拒退年級： 不設定,領域： 學群：,否,
186,D110318320,,影傳三,影像後製 Avid & After Effect,2.00,選,學期,游凱麟 專長： 影音特效、動畫藝術、視覺傳達、媒體製作、平面設計,中文,全,一(Mon),D7-D8,LE402,,,,,,,,,否,多媒體組先修,最低年級： 三年級 最高年級： 四年級 分發優先順序： 1開課單位學生優先,開放： 55 外系： 0 屬性： 可退可加 拒退年級： 不設定,領域： 學群：,否,
187,D110320817,,影傳三,電視台實務 Practical Training in Television Programming,2.00,選,學期,常立欣 專長： 電視節目企劃與製作,中文,全,五(Fri),D5-D6,LF110,,,,,,,,,否,不開放外系加簽,最低年級： 三年級 最高年級： 四年級 分發優先順序： 1開課單位學生優先,開放： 60 外系： 0 屬性： 可退可加 拒退年級： 不設定,領域： 學群：,否,
188,D110330221,,影傳三,跨性別電影 Transgender Film,2.00,選,學期,趙庭慧 專長： 電影美學、電影理論、電影歷史、性別研究、文本分析,中文,全,一(Mon),D5-D6,LF106,,,,,,,,,否,,最低年級： 三年級 最高年級： 四年級 分發優先順序： 1開課單位學生優先,開放： 30 外系： 0 屬性： 可退拒加 拒退年級： 不設定,領域： 學群：,否,
189,D110330968,,影傳三,電視專題製作 TV Feature Production,2.00,選,學期,黃乃琦 專長： 傳播敘事、電視新聞製作、電視節目企劃與製作、影視史學、媒體全球化,中文,全,五(Fri),D3-D4,LF303,,,,,,,,,否,廣電組先修,最低年級： 三年級 最高年級： 四年級 分發優先順序： 1開課單位學生優先,開放： 48 外系： 0 屬性： 可退拒加 拒退年級： 不設定,領域： 學群：,否,
190,D110332428,,影傳三,電影策劃實務 Film Programming and Exhibiting,2.00,選,學期,徐明瀚 專長： 影視文學,中文,全,四(Thu),D5-D6,LF107,,,,,,,,,否,畢籌組先修課,最低年級： 三年級 最高年級： 四年級 分發優先順序： 1開課單位學生優先,開放： 60 外系： 0 屬性： 可退可加 拒退年級： 不設定,領域： 學群：,否,
191,D110334246,,影傳三,影音剪輯創作實務 Video Editing Practice,2.00,選,學期,施博瀚 專長： 電影與戲劇剪輯、預告片剪輯、後期流程與專案管理、戲劇結構、敘事手法分析,中文,全,三(Wed),D3-D4,LF307,,,,,,,,,否,,最低年級： 三年級 最高年級： 四年級 分發優先順序： 1開課單位學生優先,開放： 20 外系： 0 屬性： 可退拒加 拒退年級： 不設定,領域： 學群：,否,
192,D110336737,,影傳三,3D設計與影像應用 3D Design and Visual Application,3.00,選,學年,莊正旺 專長： 3D數位動畫,中文,全,三(Wed),D7-E0,LF301,,,,,,,,,否,,最低年級： 三年級 最高年級： 四年級 分發優先順序： 1開課單位學生優先,開放： 35 外系： 0 屬性： 可退拒加 拒退年級： 不設定,領域： 學群：,否,
193,D110422817,,影傳四,電影文化 Film Culture,2.00,選,學期,趙庭慧 專長： 電影美學、電影理論、電影歷史、性別研究、文本分析,中文,全,一(Mon),D3-D4,LF106,,,,,,,,,否,,最低年級： 四年級 最高年級： 四年級 分發優先順序： 1開課單位學生優先,開放： 30 外系： 0 屬性： 可退拒加 拒退年級： 不設定,領域： 學群：,否,
194,D110432094,,影傳四,明星與流行文化 Popular Culture Stars and Celebrities 英-專業,2.00,選,學期,賴以瑄 專長： 媒介與文化研究、娛樂媒體的生產與消費、文化工作者研究、質性研究方法,全英文,全,一(Mon),D7-D8,LE201,,,,,,,,,否,,最低年級： 四年級 最高年級： 四年級 分發優先順序： 1開課單位學生優先,開放： 45 外系： 30 屬性： 可退可加 拒退年級： 不設定,領域： 學群：,否,
195,D120102407,,新傳一,新聞攝影 Photojournalism,2.00,選,學期,楊光昇 專長： 新聞攝影,中文,全,五(Fri),D5-D6,LF303,,,,,,,,,否,"需先修過基礎攝影,使用器材僅開放傳播學院選修",最低年級： 一年級 最高年級： 四年級 分發優先順序： 1開課單位學生優先,開放： 40 外系： 0 屬性： 可退可加 拒退年級： 不設定,領域： 學群：,否,
196,D120135145,,新傳一,圖文編輯 News Design,3.00,選,學期,楊海蘭 專長： 新聞編輯、新聞採寫、媒體創新,中文,全,四(Thu),D2-D4,LF203,,,,,,,,,否,,最低年級： 一年級 最高年級： 四年級 分發優先順序： 2開課系所高年級學生優先,開放： 33 外系： 0 屬性： 可退可加 拒退年級： 不設定,領域： 學群：,否,
197,D120205952,,新傳二,臺灣傳播與歷史研究 Communications and History in  Taiwan,2.00,選,學期,許順成 專長： 傳播史、媒介與社會、媒介實務,中文,全,三(Wed),D7-D8,LF108,,,,,,,,,否,,最低年級： 二年級 最高年級： 四年級 分發優先順序： 1開課單位學生優先,開放： 70 外系： 40 屬性： 可退可加 拒退年級： 不設定,領域： 學群：,否,
198,D120216181,,新傳二,媒體行銷與廣告策略 Media marketing and advertising,2.00,選,學期,張文強 專長： 傳播理論、社會學、媒介組織理論,中文,全,一(Mon),D3-D4,LF110,,,,,,,,,否,,最低年級： 二年級 最高年級： 四年級 分發優先順序： 1開課單位學生優先,開放： 60 外系： 5 屬性： 可退可加 拒退年級： 不設定,領域： 學群：,否,
199,D120230201,,新傳二,新媒體內容技術與設計 New Media Techniques and Design 程,3.00,選,學期,吳泰輝 專長： 數位敘事與互動視覺化,中文,全,四(Thu),DN-D6,LE403,,,,,,,,,否,,最低年級： 二年級 最高年級： 四年級 分發優先順序： 1開課單位學生優先,開放： 40 外系： 20 屬性： 可退可加 拒退年級： 不設定,領域： 學群：,否,
200,D120237129,,新傳二,主持與播報 Hosting and Broadcasting,2.00,選,學期,劉惠卿 專長： 影音新聞製作、深度報導、社會行銷,中文,全,五(Fri),D7-D8,LF315,,,,,,,,,否,,最低年級： 二年級 最高年級： 四年級 分發優先順序： 1開課單位學生優先,開放： 16 外系： 0 屬性： 可退拒加 拒退年級： 不設定,領域： 學群：,否,
201,D120314491,,新傳三,運動與媒體 Sport and Media,2.00,選,學期,文大培 專長： 運動與媒體,中文,全,四(Thu),E1-E2,LF108,,,,,,,,,否,,最低年級： 三年級 最高年級： 四年級 分發優先順序： 1開課單位學生優先,開放： 60 外系： 20 屬性： 可退可加 拒退年級： 不設定,領域： 學群：,否,
202,D120322949,,新傳三,資訊視覺化 Data Visualization,3.00,選,學期,賴盈如 專長： 社群媒體研究、電腦中介傳播、傳播科技與社會,中文,全,四(Thu),D2-D4,SF337,,,,,,,,,否,,最低年級： 三年級 最高年級： 三年級 分發優先順序： 1開課單位學生優先,開放： 30 外系： 0 屬性： 可退可加 拒退年級： 不設定,領域： 學群：,否,
203,D120323488,,新傳三,醫療與媒體 Medical and Media,2.00,選,學期,許順成 專長： 傳播史、媒介與社會、媒介實務,中文,全,二(Tue),D5-D6,LF107,,,,,,,,,否,,最低年級： 三年級 最高年級： 四年級 分發優先順序： 1開課單位學生優先,開放： 70 外系： 50 屬性： 可退可加 拒退年級： 不設定,領域： 學群：,否,
204,D120331573,,新傳三,國際關係與傳播 International Relations and Communication,2.00,選,學期,林鴻亦 專長： 傳播政治經濟學、國際關係與傳播、影像的社會實踐,中文,全,一(Mon),D3-D4,LF303,,,,,,,,,否,,最低年級： 三年級 最高年級： 四年級 分發優先順序： 1開課單位學生優先,開放： 30 外系： 5 屬性： 可退可加 拒退年級： 不設定,領域： 學群：,否,
205,D120335143,,新傳三,影音深度報導 Advanced Broadcast Reporting,2.00,選,學期,劉惠卿 專長： 影音新聞製作、深度報導、社會行銷,中文,全,三(Wed),D3-D4,LF210,,,,,,,,,否,需先修過影音製作基礎課程,最低年級： 三年級 最高年級： 四年級 分發優先順序： 1開課單位學生優先,開放： 30 外系： 0 屬性： 可退可加 拒退年級： 不設定,領域： 學群：,否,
206,D120335838,,新傳三,影像文化與實踐 Practices of looking and visual culture,2.00,選,學期,林鴻亦 專長： 傳播政治經濟學、國際關係與傳播、影像的社會實踐,中文,全,二(Tue),D3-D4,LF303,,,,,,,,,否,第一堂課請務必到課,最低年級： 三年級 最高年級： 四年級 分發優先順序： 1開課單位學生優先,開放： 40 外系： 5 屬性： 可退可加 拒退年級： 不設定,領域： 學群：,否,
207,D120335863,,新傳三,進階國際新聞選讀 Advanced Selected Readings in International News 英-專業,2.00,選,學期,陳逸軒 專長： 英文,全英文,全,二(Tue),D7-D8,LF307,,,,,,,,,否,需先修過國際新聞選讀(英),最低年級： 三年級 最高年級： 四年級 分發優先順序： 1開課單位學生優先,開放： 40 外系： 0 屬性： 可退可加 拒退年級： 不設定,領域： 學群：,否,
208,D120407321,,新傳四,出版經營學 Publishing Management,2.00,選,學期,許順成 專長： 傳播史、媒介與社會、媒介實務,中文,全,一(Mon),D3-D4,LF307,,,,,,,,,否,,最低年級： 四年級 最高年級： 四年級 分發優先順序： 1開課單位學生優先,開放： 70 外系： 40 屬性： 可退可加 拒退年級： 不設定,領域： 學群：,否,
209,D120435144,,新傳四,新聞微型創業 Micro-entrepreneurship in Journalism,3.00,選,學期,廖怡景 專長： 創意研究、採訪寫作、微型創業、新聞學、傳播理論、研究方法,中文,全,三(Wed),D7-E0,LF210,,,,,,,,,否,,最低年級： 四年級 最高年級： 四年級 分發優先順序： 1開課單位學生優先,開放： 30 外系： 0 屬性： 可退可加 拒退年級： 不設定,領域： 學群：,否,
210,D120435866,,新傳四,"運動、媒體與社會 Sports, Media and Society 英-專業",2.00,選,學期,陳鴻嘉 專長： 運動文化媒體複合體與運動全球化、資料處理與視覺化、追蹤調查的權數建構,全英文,全,三(Wed),D3-D4,LF207,,,,,,,,,否,,最低年級： 四年級 最高年級： 四年級 分發優先順序： 1開課單位學生優先,開放： 30 外系： 10 屬性： 可退可加 拒退年級： 不設定,領域： 學群：,否,
211,D120436849,,新傳四,媒體傳播策略與危機管理 Media Communication Strategy and Crisis Management,2.00,選,學期,劉惠卿 專長： 影音新聞製作、深度報導、社會行銷,中文,全,一(Mon),D5-D6,LF303,,,,,,,,,否,,最低年級： 四年級 最高年級： 四年級 分發優先順序： 1開課單位學生優先,開放： 50 外系： 30 屬性： 可退可加 拒退年級： 不設定,領域： 學群：,否,
212,D120436850,,新傳四,新聞媒體與永續報導 News Media and Sustainable Reporting 英-專業,2.00,選,學期,劉惠卿 專長： 影音新聞製作、深度報導、社會行銷,全英文,全,五(Fri),D3-D4,LF210,,,,,,,,,否,,最低年級： 四年級 最高年級： 四年級 分發優先順序： 1開課單位學生優先,開放： 30 外系： 0 屬性： 可退可加 拒退年級： 不設定,領域： 學群：,否,
213,D130103362,,廣告一,國際廣告 International Advertising 英-專業,2.00,選,學期,洪雅慧 專長： 傳播研究方法、政治傳播、政治廣告、傳播統計,全英文,全,四(Thu),D5-D6,LF207,,,,,,,,,否,,最低年級： 一年級 最高年級： 四年級 分發優先順序： 1開課單位學生優先,開放： 30 外系： 10 屬性： 可退拒加 拒退年級： 不設定,領域： 學群：,否,
214,D130106950,,廣告一,設計繪畫 Design Painting,2.00,選,學期,游易霖 專長： 文化創意產業、數位內容_遊戲產業、視覺傳達設計、電腦動畫、動漫文本敘事,中文,全,四(Thu),D3-D4,LF106,,,,,,,,,否,,最低年級： 一年級 最高年級： 四年級 分發優先順序： 1開課單位學生優先,開放： 30 外系： 0 屬性： 可退可加 拒退年級： 不設定,領域： 學群：,否,
215,D130107320A,,廣告一,電腦影像處理 Computer Image Processing,2.00,選,學期,林江輝 專長： 品牌形象設計、視覺傳達、設計心理、設計企劃、設計管理,中文,全,一(Mon),D5-D6,LF203,,,,,,,,,否,,最低年級： 一年級 最高年級： 四年級 分發優先順序： 1開課單位學生優先,開放： 20 外系： 0 屬性： 可退可加 拒退年級： 不設定,領域： 學群：,否,
216,D130107320B,,廣告一,電腦影像處理 Computer Image Processing,2.00,選,學期,林江輝 專長： 品牌形象設計、視覺傳達、設計心理、設計企劃、設計管理,中文,全,一(Mon),D7-D8,LF203,,,,,,,,,否,,最低年級： 一年級 最高年級： 四年級 分發優先順序： 1開課單位學生優先,開放： 20 外系： 0 屬性： 可退可加 拒退年級： 不設定,領域： 學群：,否,
217,D130202691A,,廣告二,廣告設計 Advertising Design,2.00,選,學年,林江輝 專長： 品牌形象設計、視覺傳達、設計心理、設計企劃、設計管理,中文,全,三(Wed),D3-D4,LF203,,,,,,,,,否,此門課為學年課程，未修過上學期廣告設計請勿選課,最低年級： 二年級 最高年級： 四年級 分發優先順序： 1開課單位學生優先,開放： 30 外系： 0 屬性： 拒退拒加 拒退年級： 不設定,領域： 學群：,否,
218,D130202691B,,廣告二,廣告設計 Advertising Design,2.00,選,學年,林江輝 專長： 品牌形象設計、視覺傳達、設計心理、設計企劃、設計管理,中文,全,二(Tue),D3-D4,LF203,,,,,,,,,否,此門課為學年課程，未修過上學期廣告設計請勿選課,最低年級： 二年級 最高年級： 四年級 分發優先順序： 1開課單位學生優先,開放： 30 外系： 0 屬性： 可退可加 拒退年級： 不設定,領域： 學群：,否,
219,D130203369,,廣告二,廣告創意導論 Advertising Creativity,2.00,選,學期,龔大中 專長： 廣告創意導論,中文,全,五(Fri),D3-D4,LF315,,,,,,,,,否,,最低年級： 二年級 最高年級： 四年級 分發優先順序： 1開課單位學生優先,開放： 65 外系： 5 屬性： 可退可加 拒退年級： 不設定,領域： 學群：,否,
220,D130233416,,廣告二,數位廣告影片製作 Commercial Video Production,2.00,選,學期,張恩光 專長： 互動媒體、影片與動畫製作、廣告創意、數位特效,中文,全,五(Fri),D5-D6,LF203,,,,,,,,,否,此堂課教室空間有限，不接受人工加簽,最低年級： 二年級 最高年級： 四年級 分發優先順序： 1開課單位學生優先,開放： 35 外系： 0 屬性： 可退可加 拒退年級： 不設定,領域： 學群：,否,
221,D130236831,,廣告二,傳播科技與策略規劃 Communication Technology & Strategic Planning,2.00,選,學期,張佩娟 專長： 廣告企劃、廣告策略、消費行為、廣告法規、研究方法、行銷策略、廣告學,中英文,全,一(Mon),D7-D8,LF110,,,,,,,,,否,,最低年級： 二年級 最高年級： 四年級 分發優先順序： 1開課單位學生優先,開放： 50 外系： 20 屬性： 可退可加 拒退年級： 不設定,領域： 學群：,否,
222,D130237370,,廣告二,數位行銷與AI創新應用 Digital Marketing and AI Innovation Applications,2.00,選,學期,"陳巧捷 專長： 消費者觀察與分析,消費行為",中文,全,五(Fri),D7-D8,LF106,,,,,,,,,否,,最低年級： 二年級 最高年級： 四年級 分發優先順序： 1開課單位學生優先,開放： 30 外系： 15 屬性： 可退可加 拒退年級： 不設定,領域： 學群：,否,
223,D130308078,,廣告三,媒體企劃實務 Media Planning Practice,2.00,選,學期,張佩娟 專長： 廣告企劃、廣告策略、消費行為、廣告法規、研究方法、行銷策略、廣告學,中文,全,四(Thu),D7-D8,LF106,,,,,,,,,否,,最低年級： 三年級 最高年級： 四年級 分發優先順序： 1開課單位學生優先,開放： 55 外系： 0 屬性： 可退可加 拒退年級： 不設定,領域： 學群：,否,
224,D130315884,,廣告三,品牌行銷傳播 Brand Marketing Communications,2.00,選,學期,芮家楹 專長： 企業公關、品牌行銷傳播實務,中文,全,五(Fri),D7-D8,LF210,,,,,,,,,否,,最低年級： 三年級 最高年級： 四年級 分發優先順序： 1開課單位學生優先,開放： 40 外系： 0 屬性： 可退可加 拒退年級： 不設定,領域： 學群：,否,
225,D130323277,,廣告三,績效行銷 Performance Marketing,2.00,選,學期,張志峰 專長： 數位媒體、大數據分析,中文,全,四(Thu),D5-D6,LF314,,,,,,,,,否,,最低年級： 三年級 最高年級： 四年級 分發優先順序： 1開課單位學生優先,開放： 60 外系： 0 屬性： 可退可加 拒退年級： 不設定,領域： 學群：,否,
226,D130330387,,廣告三,設計思考與實踐 Human-Centered Design and User Studies,2.00,選,學年,"陳巧捷 專長： 消費者觀察與分析,消費行為",中文,全,二(Tue),D5-D6,LF315,,,,,,,,,否,此門課程為學年課，未修過上學期「設計思考與實踐」不得修課。,最低年級： 三年級 最高年級： 四年級 分發優先順序： 1開課單位學生優先,開放： 40 外系： 10 屬性： 可退可加 拒退年級： 不設定,領域： 學群：,否,
227,D130333417,,廣告三,數位廣告影片後期製作 Commercial Video Post-Production,2.00,選,學期,張恩光 專長： 互動媒體、影片與動畫製作、廣告創意、數位特效,中文,全,五(Fri),D7-D8,LF203,,,,,,,,,否,此堂課教室空間有限，不接受人工加簽,最低年級： 三年級 最高年級： 四年級 分發優先順序： 1開課單位學生優先,開放： 34 外系： 0 屬性： 拒退可加 拒退年級： 不設定,領域： 學群：,否,
228,D130333760,,廣告三,策展實務 Curatorial Practice,2.00,選,學期,黃盟欽 專長： 新媒體科技藝術、策展規劃執行、數位媒體影音、互動藝術設計、錄像藝術,中英文,全,一(Mon),D5-D6,LF315,,,,,,,,,否,,最低年級： 三年級 最高年級： 四年級 分發優先順序： 2開課系所高年級學生優先,開放： 55 外系： 10 屬性： 可退可加 拒退年級： 不設定,領域： 學群：,否,
229,D130334344,,廣告三,數位公關 Digital Publice Relations,2.00,選,學期,尤元靖 專長： 25年公關專業顧問服務經驗、20年大學教授經驗。,中文,全,四(Thu),D3-D4,LF314,,,,,,,,,否,,最低年級： 一年級 最高年級： 四年級 分發優先順序： 1開課單位學生優先,開放： 55 外系： 10 屬性： 可退可加 拒退年級： 不設定,領域： 學群：,否,
230,D130337371,,廣告三,地方創業創意行銷 Local Entrepreneurship and Creative Marketing,2.00,選,學期,"陳巧捷 專長： 消費者觀察與分析,消費行為",中文,全,一(Mon),D7-D8,LF207,,,,,,,,,否,,最低年級： 三年級 最高年級： 四年級 分發優先順序： 1開課單位學生優先,開放： 36 外系： 5 屬性： 可退可加 拒退年級： 不設定,領域： 學群：,否,
231,D130407042A,,廣告四,廣告專案活動展示設計 Display Design of Advertising Campaign,2.00,選,學期,蔡智翔 專長： 廣告實務、數位（社群）行銷、國際廣告、廣告設計、創意原理,中文,全,一(Mon),D5-D6,LF210,,,,,,,,,否,,最低年級： 四年級 最高年級： 四年級 分發優先順序： 1開課單位學生優先,開放： 35 外系： 0 屬性： 可退可加 拒退年級： 不設定,領域： 學群：,否,
232,D130407042B,,廣告四,廣告專案活動展示設計 Display Design of Advertising Campaign,2.00,選,學期,蔡智翔 專長： 廣告實務、數位（社群）行銷、國際廣告、廣告設計、創意原理,中文,全,一(Mon),D7-D8,LF210,,,,,,,,,否,,最低年級： 四年級 最高年級： 四年級 分發優先順序： 1開課單位學生優先,開放： 35 外系： 0 屬性： 可退可加 拒退年級： 不設定,領域： 學群：,否,
233,D160303638,,體育學組三,羽球 Badminton,2.00,選,學期,呂芳陽 專長： 羽球、羽球實務與欣賞,中文,全,一(Mon),D5-D6,中美堂,,,,,,,,,否,,最低年級： 三年級 最高年級： 四年級 分發優先順序： 1開課單位學生優先,開放： 70 外系： 0 屬性： 拒退拒加 拒退年級： 不設定,領域： 學群：,否,
234,D160336109,,體育學組三,運動賽事導播製作與實務 Sports event director production and practice,2.00,選,學期,羅子建 專長： 運動與媒體、運動數位媒體實作、運動賽事轉播製作、棒壘球,中文,全,四(Thu),D7-D8,LE404A,,,,,,,,,否,,最低年級： 三年級 最高年級： 四年級 分發優先順序： 1開課單位學生優先,開放： 60 外系： 10 屬性： 拒退拒加 拒退年級： 不設定,領域： 學群：,否,
235,D160336854,,體育學組三,"運動數據應用與比賽表現分析 Data Analytics in Sports: Applications, Prospects, and Match Performance 英-專業",2.00,選,學期,謝宗諭 專長： 體育、運動心理學,全英文,全,四(Thu),D1-D2,LE204,,,,,,,,,否,,最低年級： 三年級 最高年級： 四年級 分發優先順序： 1開課單位學生優先,開放： 70 外系： 20 屬性： 拒退拒加 拒退年級： 不設定,領域： 學群：,否,
236,D160423540,D160123534,體育學組四,專長項目(舉重)(八) S.E.(Weight Lifting)(8),4.00,選,學期,郭婞淳 專長： 舉重,中文,全,三(Wed),D7-D8,LP107,,,,,,,,,否,僅限舉重專長學生修習,最低年級： 四年級 最高年級： 七年級 分發優先順序： 1開課單位學生優先,開放： 10 外系： 0 屬性： 拒退拒加 拒退年級： 不設定,領域： 學群：,否,
237,D160423548,D160123542,體育學組四,專長項目(柔道)(八) S.E. (Judo)(8),4.00,選,學期,黃柏芳 專長： 柔道,中文,全,四(Thu),D7-D8,不需要教室,,,,,,,,,否,僅限柔道專長生修課。上課地點：士林家商與竹圍高中。,最低年級： 四年級 最高年級： 七年級 分發優先順序： 1開課單位學生優先,開放： 10 外系： 0 屬性： 拒退拒加 拒退年級： 不設定,領域： 學群：,否,
238,D160423564,D160123558,體育學組四,專長項目(舞蹈)(八) S.E.(Dance)(8),4.00,選,學期,郭銘勻 專長： 舞蹈,中文,全,四(Thu),D7-D8,不需要教室,,,,,,,,,否,僅限舞蹈專長生修課。上課地點：泰山體育館。,最低年級： 四年級 最高年級： 七年級 分發優先順序： 1開課單位學生優先,開放： 10 外系： 0 屬性： 拒退拒加 拒退年級： 不設定,領域： 學群：,否,
239,D160423592,D160123586,體育學組四,專長項目(網球）(八) S.E.(Tennis)(8),4.00,選,學期,謝鎮偉 專長： 保齡球、撞球、網球,中文,全,三(Wed),D7-D8,網球場,,,,,,,,,否,僅限網球專長生修課,最低年級： 四年級 最高年級： 七年級 分發優先順序： 1開課單位學生優先,開放： 10 外系： 0 屬性： 拒退拒加 拒退年級： 不設定,領域： 學群：,否,
240,D170201587,,競技組二,足球 Soccer,2.00,選,學期,邱奕文 專長： 足球、運動管理訓練學、重量訓練,中文,全,五(Fri),D1-D2,足球場,,,,,,,,,否,,最低年級： 二年級 最高年級： 四年級 分發優先順序： 1開課單位學生優先,開放： 110 外系： 0 屬性： 可退拒加 拒退年級： 不設定,領域： 學群：,否,
241,D170202979,,競技組二,體操 Gymnastic,2.00,選,學期,陳楸杉 專長： 有氧舞蹈 瑜珈 體操,中文,全,一(Mon),D3-D4,LE001,,,,,,,,,否,,最低年級： 二年級 最高年級： 四年級 分發優先順序： 1開課單位學生優先,開放： 75 外系： 0 屬性： 拒退拒加 拒退年級： 不設定,領域： 學群：,否,
242,D170205872,,競技組二,棒壘球 Baseball and Softball 英-專業,2.00,選,學期,羅子建 專長： 運動與媒體、運動數位媒體實作、運動賽事轉播製作、棒壘球,全英文,全,四(Thu),D1-D2,壘球場,,,,,,,,,否,,最低年級： 二年級 最高年級： 四年級 分發優先順序： 1開課單位學生優先,開放： 60 外系： 0 屬性： 拒退拒加 拒退年級： 不設定,領域： 學群：,否,
243,D170302073,D160202073,競技組三,國術 Chinese Martial Art,2.00,選,學期,"韓基祥 專長： 國術,太極拳",中文,全,三(Wed),D1-D2,LE001,,,,,,,,,否,,最低年級： 三年級 最高年級： 七年級 分發優先順序： 1開課單位學生優先,開放： 35 外系： 0 屬性： 拒退拒加 拒退年級： 不設定,領域： 學群：,否,
244,D170316543,,競技組三,運動團隊管理 Team Management Sport,2.00,選,學期,邱奕文 專長： 足球、運動管理訓練學、重量訓練,中文,全,五(Fri),D5-D6,LE104,,,,,,,,,否,,最低年級： 三年級 最高年級： 四年級 分發優先順序： 1開課單位學生優先,開放： 81 外系： 0 屬性： 拒退拒加 拒退年級： 不設定,領域： 學群：,否,
245,D170336855,,競技組三,龍舟 Dragon Boat,2.00,選,學期,楊漢琛 專長： 體適能與健康管理、體適能檢測體育運動處方、健康與體育概論、社區健康營造,中文,全,三(Wed),D3-D4,LE106,,,,,,,,,否,,最低年級： 三年級 最高年級： 四年級 分發優先順序： 1開課單位學生優先,開放： 50 外系： 5 屬性： 拒退拒加 拒退年級： 不設定,領域： 學群：,否,
246,D180112577,,運管組一,應用運動解剖學 Kinesiology 英-專業,2.00,選,學期,陳譽仁 專長： 運動生理學、運動產業,全英文,全,一(Mon),D7-D8,LE202,,,,,,,,,否,,最低年級： 一年級 最高年級： 四年級 分發優先順序： 1開課單位學生優先,開放： 80 外系： 0 屬性： 拒退拒加 拒退年級： 不設定,領域： 學群：,否,
247,D180222697,,運管組二,儀器治療學與實習 Therapeutic Modalities & Practicum 英-專業,2.00,選,學期,張耘齊 專長： 運動生理學,全英文,全,三(Wed),D3-D4,LE203,,,,,,,,,否,,最低年級： 二年級 最高年級： 四年級 分發優先順序： 2開課系所高年級學生優先,開放： 65 外系： 0 屬性： 拒退拒加 拒退年級： 不設定,領域： 學群：,否,
248,D180305872,D170205872,運管組三,棒壘球 Baseball and Softball 英-專業,2.00,選,學期,羅子建 專長： 運動與媒體、運動數位媒體實作、運動賽事轉播製作、棒壘球,全英文,全,四(Thu),D1-D2,壘球場,,,,,,,,,否,,最低年級： 三年級 最高年級： 七年級 分發優先順序： 1開課單位學生優先,開放： 30 外系： 0 屬性： 拒退拒加 拒退年級： 不設定,領域： 學群：,否,
249,D180323523,,運管組三,運動網站企劃與經營 Planning and Mangement of Sport Website,2.00,選,學期,羅子建 專長： 運動與媒體、運動數位媒體實作、運動賽事轉播製作、棒壘球,中文,全,三(Wed),D1-D2,LE404A,,,,,,,,,否,,最低年級： 三年級 最高年級： 四年級 分發優先順序： 1開課單位學生優先,開放： 70 外系： 0 屬性： 可退拒加 拒退年級： 不設定,領域： 學群：,否,
250,D180325128,,運管組三,運動防護實習 Internship of Sports Protection,2.00,選,學期,許應勃 專長： 運動傷害評估學,中文,全,一(Mon),D7-D8,LE305,,,,,,,,,否,須已修畢運傷急救、運傷評估學、解剖生理學。,最低年級： 三年級 最高年級： 四年級 分發優先順序： 1開課單位學生優先,開放： 80 外系： 15 屬性： 可退可加 拒退年級： 不設定,領域： 學群：,否,
251,D180336855,D170336855,運管組三,龍舟 Dragon Boat,2.00,選,學期,楊漢琛 專長： 體適能與健康管理、體適能檢測體育運動處方、健康與體育概論、社區健康營造,中文,全,三(Wed),D3-D4,LE106,,,,,,,,,否,,最低年級： 三年級 最高年級： 七年級 分發優先順序： 1開課單位學生優先,開放： 30 外系： 0 屬性： 拒退拒加 拒退年級： 不設定,領域： 學群：,否,
252,D1B0103544,D310103544,資數組一,Ｃ語言 C Language 程,3.00,選,學期,郭文彥 專長： 程式語言,中文,全,四(Thu),DN-D6,LE402,,,,,,,,,否,,最低年級： 一年級 最高年級： 四年級 分發優先順序： 2開課系所高年級學生優先,開放： 20 外系： 0 屬性： 不代入 拒退年級： 不設定,領域： 學群：,否,
253,D1B0135831,D310135831,資數組一,數學物理入門(四) Introduction to Mathematical Physics (IV) 英-專業,2.00,選,學期,葉乃實 專長： 流體力學、應用數學,全英文,全,二(Tue),D1-D2,MA307,,,,,,,,,否,,最低年級： 一年級 最高年級： 四年級 分發優先順序： 2開課系所高年級學生優先,開放： 30 外系： 0 屬性： 不代入 拒退年級： 不設定,領域： 學群：,否,
254,D1B0211513,,資數組二,線性代數專題(二) Special Topics in Linear Algebra (II),2.00,選,學期,楊南屏 專長： 近似理論、泛函分析,中文,全,四(Thu),D3-D4,MA405,,,,,,,,,否,線性代數專題(一)及格方可修讀。,最低年級： 二年級 最高年級： 四年級 分發優先順序： 1開課單位學生優先,開放： 50 外系： 20 屬性： 可退可加 拒退年級： 不設定,領域： 學群：,否,
255,D1B0231426,,資數組二,動態網頁設計 Dynamic Web Design 程,3.00,選,學期,陳奕兆 專長： Java程式語言,中文,全,一(Mon),D5-D7,MA402,,,,,,,,,否,,最低年級： 二年級 最高年級： 四年級 分發優先順序： 2開課系所高年級學生優先,開放： 35 外系： 0 屬性： 不代入 拒退年級： 不設定,領域： 學群：,否,
256,D1B0331358,,資數組三,深度學習 Deep Learning 程,3.00,選,學期,陳泓勳 專長： 圖論、演算法、機器學習,中文,全,五(Fri),D5-D7,SE117,,,,,,,,,否,,最低年級： 三年級 最高年級： 四年級 分發優先順序： 1開課單位學生優先,開放： 25 外系： 0 屬性： 不代入 拒退年級： 不設定,領域： 學群：,否,
257,D1I0237625,,智慧資安二,道德駭客 Ethical Hacking 英-專業,3.00,選,學期,黎俊榮 專長： 資訊安全、資訊與通訊系統安全   、密碼學、 區塊鏈,全英文,全,五(Fri),DN-D6,ES301,,,,,,,,,否,,最低年級： 一年級 最高年級： 四年級 分發優先順序： 1開課單位學生優先,開放： 50 外系： 0 屬性： 拒退可加 拒退年級： 不設定,領域： 學群：,否,
258,D1I0336090,,智慧資安三,企業紫隊攻防與實務演練 Enterprise purple team offensive and defensive and practical drills,3.00,選,學期,蔣恒偉 專長： 資訊安全,中文,全,四(Thu),D5-D7,JS108,,,,,,,,,否,,最低年級： 三年級 最高年級： 四年級 分發優先順序： 2開課系所高年級學生優先,開放： 40 外系： 0 屬性： 拒退可加 拒退年級： 不設定,領域： 學群：,否,
259,D1I0337635,,智慧資安三,Apple 裝置資訊安全暨實務演練 Apple device security and practical exercises,3.00,選,學期,陳嘉宏 專長： 密碼學、公開金鑰基礎建設、生物辨識、蘋果設備與行動設備資訊安全,中文,全,四(Thu),D5-D7,SF551,,,,,,,,,否,,最低年級： 一年級 最高年級： 四年級 分發優先順序： 1開課單位學生優先,開放： 60 外系： 0 屬性： 拒退可加 拒退年級： 不設定,領域： 學群：,否,
260,D1I0413859,,智慧資安四,產業實習 Internship 實,9.00,選,學期,許見章 專長： 人工智慧、專家系統、行動運算,中文,,,-,不需要教室,,,,,,,,,否,,最低年級： 三年級 最高年級： 四年級 分發優先順序： 1開課單位學生優先,開放： 30 外系： 0 屬性： 拒退拒加 拒退年級： 不設定,領域： 學群：,否,
261,D1J0109342,,跨域全英一,新聞英文閱讀 Learning to Read Journalistic English 英-專業,2.00,選,學期,吳娟 專長： 英語教學、英語遠距教學及線上教材製作、英語課程規劃,全英文,全,四(Thu),D5-D6,ES709,,,,,,,,,否,,最低年級： 一年級 最高年級： 四年級 分發優先順序： 1開課單位學生優先,開放： 60 外系： 20 屬性： 可退可加 拒退年級： 不設定,領域： 學群：,否,
262,D1J0236469,,跨域全英二,音樂與藝術賞析 Music and Art Appreciation 英-專業,2.00,選,學期,張詠晴 專長： 企業社會責任(CSR)、社會創業及社會企業、時尚產業,全英文,全,三(Wed),D7-D8,ES309,,,,,,,,,否,,最低年級： 二年級 最高年級： 七年級 分發優先順序： 1開課單位學生優先,開放： 60 外系： 20 屬性： 可退可加 拒退年級： 不設定,領域： 學群：,否,
263,D1J0237543,,跨域全英二,華人移民社會與文化 Culture and Society of Chinese Immigrants 英-專業,2.00,選,學期,楊惟安 專長： 歐洲飲食文化史,全英文,全,四(Thu),D3-D4,ES309,,,,,,,,,否,,最低年級： 二年級 最高年級： 四年級 分發優先順序： 1開課單位學生優先,開放： 50 外系： 20 屬性： 可退可加 拒退年級： 不設定,領域： 學群：,否,
264,D1J0320859,D110220859,跨域全英三,亞際電影 Introduction to Inter-Asia Cinema(s) 英-專業,2.00,選,學期,唐維敏 專長： 傳播研究方法、電影與文化、電影史、影視文學、傳播英文,全英文,全,三(Wed),D3-D4,LF110,,,,,,,,,否,不開放人工加簽,最低年級： 二年級 最高年級： 四年級 分發優先順序： 1開課單位學生優先,開放： 20 外系： 0 屬性： 可退可加 拒退年級： 不設定,領域： 學群：,否,
265,D1J0332718,D1P0232718,跨域全英三,數位故事創作 Digital Storytelling 英-專業 程,2.00,選,學期,周德嬚 專長： 媒體概論,全英文,全,一(Mon),D1-D2,FG302,,,,,,,,,否,,最低年級： 三年級 最高年級： 四年級 分發優先順序： 1開課單位學生優先,開放： 10 外系： 0 屬性： 可退可加 拒退年級： 不設定,領域： 學群：,否,
266,D1J0336478,,跨域全英三,商業視角下的永續發展和環境管理 Sustainable Development and Environmental Management from a Business Perspective 英-專業,2.00,選,學期,藍易振 專長： 環境管理、知識管理、數位行銷、全球企業轉型、綠色商業轉型、碳足跡標籤,全英文,全,二(Tue),D3-D4,JSB15,,,,,,,,,否,,最低年級： 三年級 最高年級： 四年級 分發優先順序： 1開課單位學生優先,開放： 50 外系： 30 屬性： 可退可加 拒退年級： 不設定,領域： 學群：,否,
267,D1J0337544,,跨域全英三,AI跨領域應用 AI for Interdisciplinary Studies 英-專業,3.00,選,學期,彭議霆 專長： 生成式AI、人工智慧、自然語言處理、社群網絡分析,全英文,全,四(Thu),D2-D4,ES409,,,,,,,,,否,,最低年級： 三年級 最高年級： 四年級 分發優先順序： 1開課單位學生優先,開放： 50 外系： 20 屬性： 可退可加 拒退年級： 不設定,領域： 學群：,否,
268,D1J0401982,,跨域全英四,財務報表分析 Financial Statement Analysis 英-專業,3.00,選,學期,劉正寰 專長： 銀行實務、國際金融及財務分析,全英文,全,四(Thu),D2-D4,ES709,,,,,,,,,否,,最低年級： 四年級 最高年級： 四年級 分發優先順序： 1開課單位學生優先,開放： 50 外系： 20 屬性： 可退可加 拒退年級： 不設定,領域： 學群：,否,
269,D1J0437508,,跨域全英四,永續發展研討 Seminar on Sustainable Development 英-專業,3.00,選,學期,張詠晴 專長： 企業社會責任(CSR)、社會創業及社會企業、時尚產業,全英文,全,二(Tue),D5-D7,ES709,,,,,,,,,否,,最低年級： 四年級 最高年級： 四年級 分發優先順序： 1開課單位學生優先,開放： 50 外系： 20 屬性： 可退可加 拒退年級： 不設定,領域： 學群：,否,
270,D1N0237519,,社創學程二,人文與社區文化 Humanities and Community Culture,2.00,選,學期,曾聖益 專長： 春秋三傳、三禮、經學史、清代學術史、校讎文獻學,中文,全,三(Wed),D7-D8,LI405,,,,,,,,,否,,最低年級： 二年級 最高年級： 四年級 分發優先順序： 1開課單位學生優先,開放： 50 外系： 10 屬性： 可退可加 拒退年級： 不設定,領域： 學群：,否,
271,D1N0237520,,社創學程二,循環經濟的商業模式 Business Models of the Circular Economy,2.00,選,學期,翁至鋐 專長： 循環經濟與商業模式、企業概論、ESG、國際企業、產業分析與企業競爭策略,中文,全,五(Fri),D3-D4,LI404,,,,,,,,,否,,最低年級： 二年級 最高年級： 四年級 分發優先順序： 1開課單位學生優先,開放： 50 外系： 10 屬性： 可退可加 拒退年級： 不設定,領域： 學群：,否,
272,D1N0237521,,社創學程二,圖像敘事 Visual Narrative,2.00,選,學期,吳佩縈 專長： 視覺傳達設計、視覺敘事、美學、圖文意象,中文,全,四(Thu),D3-D4,LI404,,,,,,,,,否,,最低年級： 二年級 最高年級： 四年級 分發優先順序： 1開課單位學生優先,開放： 50 外系： 10 屬性： 可退可加 拒退年級： 不設定,領域： 學群：,否,
273,D1P0130394,D200130394,科創學程一,英語教學與跨文化溝通服務學習(二) TESOL and Cross-Cultural Communication: Service Learning II 英-專業,2.00,選,學期,曾明怡 專長： 英文寫作教學、質性研究、言談、論述分析、教師專業成長、學術英文,全英文,全,三(Wed),D7-D8,FG302,,,,,,,,,否,英文系專業課程，不接受外系學生選課,最低年級： 一年級 最高年級： 二年級 分發優先順序： 2開課系所高年級學生優先,開放： 7 外系： 0 屬性： 拒退拒加 拒退年級： 不設定,領域： 學群：,否,
274,D1P0134986,G226234986,科創學程一,國際精品行銷與數據分析 International Luxury Marketing and Data Analysis,2.00,選,學期,沈中衡 專長： 政治學、國際關係、網路教學,中文,全,三(Wed),D3-D4,LE402,,,,,,,,,否,,最低年級： 一年級 最高年級： 一年級 分發優先順序： 1開課單位學生優先,開放： 5 外系： 0 屬性： 可退可加 拒退年級： 不設定,領域： 學群：,否,
275,D1P0236877,G206036877,科創學程二,提示工程與問題解決(二) Prompt Engineering and Problem-solving (II),2.00,選,學期,周德嬚 專長： 媒體概論,中英文,全,五(Fri),D3-D4,ES301,,,,,,,,,否,,最低年級： 一年級 最高年級： 四年級 分發優先順序： 2開課系所高年級學生優先,開放： 5 外系： 0 屬性： 可退可加 拒退年級： 不設定,領域： 學群：,否,
276,D1R0220305,,物理電物二,光電導論 Introduction to Optoelectronics,2.00,選,學期,陳慧琪 專長： 傅氏光學、光鉗應用、光資訊處理、電腦全像、生醫光電,中文,全,二(Tue),D2-D3,ES308,,,,,,,,,否,,最低年級： 二年級 最高年級： 四年級 分發優先順序： 1開課單位學生優先,開放： 60 外系： 0 屬性： 不代入 拒退年級： 不設定,領域： 學群：,否,
277,D200010692,DFG0010692,英文系,聖經與文化 Bible and Civilization,2.00,選,學期,柯士達 專長： 宗教與藝術、義大利語教學,中英文,全,二(Tue),D7-D8,LB404,,,,,,,,,否,,最低年級： 一年級 最高年級： 四年級 分發優先順序： 2開課系所高年級學生優先,開放： 10 外系： 0 屬性： 可退可加 拒退年級： 不設定,領域： 學群：,否,
278,D200130394,,英文一,英語教學與跨文化溝通服務學習(二) TESOL and Cross-Cultural Communication: Service Learning II 英-專業,2.00,選,學期,曾明怡 專長： 英文寫作教學、質性研究、言談、論述分析、教師專業成長、學術英文,全英文,全,三(Wed),D7-D8,FG302,,,,,,,,,否,英文系專業課程，不接受外系學生選課,最低年級： 一年級 最高年級： 四年級 分發優先順序： 2開課系所高年級學生優先,開放： 19 外系： 0 屬性： 可退拒加 拒退年級： 不設定,領域： 學群：,否,
279,D200136536,,英文一,數位行銷與教學專題(二) Projects on Digital Marketing and Mobile Learning II,3.00,選,學期,劉紀雯 專長： 當代加拿大與台灣後現代都市電影、當代加拿大後殖民文學,中英文,,,-,不需要教室,,,,,,,,,否,,最低年級： 一年級 最高年級： 四年級 分發優先順序： 1開課單位學生優先,開放： 10 外系： 0 屬性： 拒退拒加 拒退年級： 不設定,領域： 學群：,否,
280,D200207957,,英文二,閱讀教法 Teaching Reading 英-專業,2.00,選,學期,袁韻璧 專長： 語言評量、閱讀教法（大量閱讀）、英語教學,全英文,全,一(Mon),D5-D6,SF130,,,,,,,,,否,英文系專業課程，不接受學生網路選課,最低年級： 二年級 最高年級： 四年級 分發優先順序： 2開課系所高年級學生優先,開放： 45 外系： 0 屬性： 可退拒加 拒退年級： 不設定,領域： 學群：,否,
281,D200217468,,英文二,中華文化多語談-英語 Chinese Culture through Foreign Languages-English 英-專業,3.00,選,學期,李桂芬 專長： 語測口說與寫作,全英文,全,一(Mon),D5-D7,LA213,,,,,,,,,否,英文系專業課程，不接受學生網路選課,最低年級： 二年級 最高年級： 四年級 分發優先順序： 2開課系所高年級學生優先,開放： 30 外系： 0 屬性： 可退拒加 拒退年級： 不設定,領域： 學群：,否,
282,D200217561,,英文二,美國文學(一)：殖民時期至1865年 American Literature I: Colonial Period to 1865 英-專業,3.00,選,學期,墨樵 專長： 文學與宗教、美國文學、文學與視覺藝術、現代主義與後現代主義,全英文,全,一(Mon),D5-D7,LB306,,,,,,,,,否,英文系專業課程，不接受學生網路選課,最低年級： 二年級 最高年級： 四年級 分發優先順序： 2開課系所高年級學生優先,開放： 45 外系： 0 屬性： 可退拒加 拒退年級： 不設定,領域： 學群：,否,
283,D200221837,,英文二,當代小說選讀 Contemporary Chinese Fiction,2.00,選,學期,吳燕真 專長： 楚辭、楚辭學、文學理論、現代小說,中文,全,四(Thu),D5-D6,SF130,,,,,,,,,否,英文系專業課程，不接受學生網路選課,最低年級： 二年級 最高年級： 四年級 分發優先順序： 2開課系所高年級學生優先,開放： 45 外系： 0 屬性： 可退拒加 拒退年級： 不設定,領域： 學群：,否,
284,D200224432,,英文二,年度大戲(二) Annual Play II 英-專業,3.00,選,學期,倪淑蘭 專長： 德國舞蹈劇場、表演藝術跨領域研究、西洋戲劇史、後現代劇場,全英文,全,四(Thu),D5-D7,LB509,,,,,,,,,否,英文系專業課程，不接受學生網路選課,最低年級： 二年級 最高年級： 四年級 分發優先順序： 2開課系所高年級學生優先,開放： 32 外系： 0 屬性： 可退拒加 拒退年級： 不設定,領域： 學群：,否,
285,D200235241,,英文二,英語教學實習(二) TESOL Internship II,2.00,選,學期,鄭偉成 專長： 句法理論、比較句法(南島語)、形式語意學、語言習得、語句處理,中英文,,,-,不需要教室,,,,,,,,,否,本課程非產業實習,最低年級： 二年級 最高年級： 四年級 分發優先順序： 2開課系所高年級學生優先,開放： 40 外系： 0 屬性： 可退拒加 拒退年級： 不設定,領域： 學群：,否,
286,D200237305,,英文二,跨媒介敘事創作 Transmedia Storytelling and Creative Practice 英-專業,3.00,選,學期,王念英 專長： 文學理論、文化研究、電影研究、聲音理論,全英文,全,四(Thu),D5-D7,LB301,,,,,,,,,否,英文系專業課程，不接受學生網路選課,最低年級： 二年級 最高年級： 四年級 分發優先順序： 2開課系所高年級學生優先,開放： 45 外系： 0 屬性： 可退拒加 拒退年級： 不設定,領域： 學群：,否,
287,D200303715,,英文三,當代英美戲劇 Contemporary Drama 英-專業,2.00,選,學期,包磊思 專長： 戲劇理論與批評、加拿大與魁北克戲劇、倫理學,全英文,全,二(Tue),D3-D4,LB306,,,,,,,,,否,英文系專業課程，不接受學生網路選課,最低年級： 三年級 最高年級： 四年級 分發優先順序： 2開課系所高年級學生優先,開放： 45 外系： 0 屬性： 拒退可加 拒退年級： 不設定,領域： 學群：,否,
288,D200308702,,英文三,英中翻譯(一) English-Chinese Translation(I),2.00,選,學期,李桂芬 專長： 語測口說與寫作,中英文,全,一(Mon),D3-D4,SF130,,,,,,,,,否,英文系專業課程，不接受學生網路選課,最低年級： 三年級 最高年級： 四年級 分發優先順序： 2開課系所高年級學生優先,開放： 30 外系： 0 屬性： 可退拒加 拒退年級： 不設定,領域： 學群：,否,
289,D200334102,,英文三,文創產業與翻譯 Cultural Creative Industry and Translation,3.00,選,學期,張瓈文 專長： 英語教學、翻譯、比較戲劇、文學與宗教、佛教文學與跨藝術研究,中英文,全,一(Mon),D2-D4,LC302,,,,,,,,,否,,最低年級： 三年級 最高年級： 四年級 分發優先順序： 2開課系所高年級學生優先,開放： 25 外系： 0 屬性： 拒退拒加 拒退年級： 不設定,領域： 學群：,否,
290,D200335222,,英文三,創意旅遊導覽(二)：深度主題旅遊 Creative Tourism II: Rural and Local Tourism 英-專業,2.00,選,學期,李桂芬 專長： 語測口說與寫作,全英文,全,三(Wed),D3-D4,FG302,,,,,,,,,否,英文系專業課程，不接受學生網路選課,最低年級： 三年級 最高年級： 四年級 分發優先順序： 2開課系所高年級學生優先,開放： 30 外系： 0 屬性： 可退拒加 拒退年級： 不設定,領域： 學群：,否,
291,D200335799,,英文三,議題導向新媒體應用 Issue-based new media applications,2.00,選,學期,周德嬚 專長： 媒體概論,中英文,全,一(Mon),D5-D6,SF340,,,,,,,,,否,,最低年級： 三年級 最高年級： 四年級 分發優先順序： 2開課系所高年級學生優先,開放： 30 外系： 0 屬性： 拒退拒加 拒退年級： 不設定,領域： 學群：,否,
292,D200336133,,英文三,跨文化商務溝通實務 Techniques of Intercultural Business Communication 英-專業,2.00,選,學期,吳穎錫 專長： 美國社會、拉美區域整合、中國與拉美、歐盟研究,全英文,全,一(Mon),D8-E0,FG208,,,,,,,,,否,,最低年級： 三年級 最高年級： 四年級 分發優先順序： 1開課單位學生優先,開放： 10 外系： 0 屬性： 可退拒加 拒退年級： 不設定,領域： 學群：,否,
293,D200435803,,英文四,翻譯概論：理論與實務(二) Introduction to Translation Studies: Theories and Applications II,2.00,選,學期,杜欣欣 專長： 專業寫作：英中翻譯,中英文,全,三(Wed),D7-D8,LB306,,,,,,,,,否,本系專業課程，不接受外系學生網路選課,最低年級： 四年級 最高年級： 四年級 分發優先順序： 1開課單位學生優先,開放： 26 外系： 0 屬性： 可退拒加 拒退年級： 不設定,領域： 學群：,否,
294,D200437298,,英文四,中英AI翻譯(二)：AI時代的人類譯者 AI in Chinese-English Translation (II): The Human Translator in the Age of AI,2.00,選,學期,楊得睿 專長： 政治、國際關係、跨文化研究,中英文,全,四(Thu),D3-D4,LA308,,,,,,,,,否,英文系核心課程，不接受外系學生選課,最低年級： 四年級 最高年級： 四年級 分發優先順序： 1開課單位學生優先,開放： 26 外系： 0 屬性： 可退拒加 拒退年級： 不設定,領域： 學群：,否,
295,D200437833,,英文四,AI時代的商務溝通寫作：專業書信與實務應用 Business Writing in the Age of AI: Professional Correspondence for Global Communication 英-語言,2.00,選,學期,姚凱元 專長： 英文,全英文,全,四(Thu),D7-D8,LA211,,,,,,,,,否,英文系核心課程，不接受外系學生選課,最低年級： 四年級 最高年級： 四年級 分發優先順序： 1開課單位學生優先,開放： 26 外系： 0 屬性： 可退拒加 拒退年級： 不設定,領域： 學群：,否,
296,D220010692,DFG0010692,法文系,聖經與文化 Bible and Civilization,2.00,選,學期,柯士達 專長： 宗教與藝術、義大利語教學,中英文,全,二(Tue),D7-D8,LB404,,,,,,,,,否,,最低年級： 一年級 最高年級： 四年級 分發優先順序： 2開課系所高年級學生優先,開放： 10 外系： 0 屬性： 可退可加 拒退年級： 不設定,領域： 學群：,否,
297,D220307874,,法文三,法國文化史 History of French Culture,2.00,選,學期,劉秋蘭 專長： 歐洲藝術史、博物館學,全法文,全,四(Thu),D5-D6,FG204,,,,,,,,,否,,最低年級： 三年級 最高年級： 四年級 分發優先順序： 1開課單位學生優先,開放： 35 外系： 0 屬性： 可退可加 拒退年級： 不設定,領域： 學群：,否,
298,D220309307,,法文三,法國文化政策 Cultural Policy of France,2.00,選,學期,陳淑珍 專長： 語言學、法國文化政策、網路輔助法語教學,中法文,全,四(Thu),D1-D2,LB206,,,,,,,,,否,,最低年級： 三年級 最高年級： 四年級 分發優先順序： 1開課單位學生優先,開放： 35 外系： 0 屬性： 可退可加 拒退年級： 不設定,領域： 學群：,否,
299,D220310476,,法文三,商業法語實務與溝通技巧 Commercial French Affairs and Communicate Techniques,2.00,選,學期,紀欣萍 專長： 商務法語、跨文化溝通、法語教學,全法文,全,三(Wed),D1-D2,SF337,,,,,,,,,否,,最低年級： 三年級 最高年級： 四年級 分發優先順序： 1開課單位學生優先,開放： 35 外系： 0 屬性： 可退可加 拒退年級： 不設定,領域： 學群：,否,
300,D220312653,,法文三,十七至十八世紀法國文學 French Literature from XVII Century to XVIII Century,2.00,選,學期,林韋君 專長： 二十世紀法國小說、文學翻譯,全法文,全,一(Mon),D5-D6,FG204,,,,,,,,,否,,最低年級： 三年級 最高年級： 四年級 分發優先順序： 1開課單位學生優先,開放： 35 外系： 0 屬性： 可退可加 拒退年級： 不設定,領域： 學群：,否,
301,D220315021,,法文三,法國政經新聞導讀 Introduction to News-French Politics and Economy,2.00,選,學期,沈中衡 專長： 政治學、國際關係、網路教學,中法文,全,二(Tue),D5-D6,SF131,,,,,,,,,否,,最低年級： 三年級 最高年級： 四年級 分發優先順序： 1開課單位學生優先,開放： 35 外系： 0 屬性： 可退可加 拒退年級： 不設定,領域： 學群：,否,
302,D220318590,,法文三,聖經導讀 Introduction to the Bible,2.00,選,學期,施恩加 專長： 發展傳播、教育理論、人生哲學,全法文,全,五(Fri),D7-D8,FG204,,,,,,,,,否,,最低年級： 三年級 最高年級： 四年級 分發優先順序： 1開課單位學生優先,開放： 35 外系： 0 屬性： 可退可加 拒退年級： 不設定,領域： 學群：,否,
303,D220331189,,法文三,漢法筆譯入門 Introduction to Translation (Mandarin to French),2.00,選,學期,藍凱琳 專長： 法語教學,中法文,全,二(Tue),D1-D2,FG204,,,,,,,,,否,,最低年級： 三年級 最高年級： 四年級 分發優先順序： 1開課單位學生優先,開放： 35 外系： 0 屬性： 可退可加 拒退年級： 不設定,領域： 學群：,否,
304,D220333277,,法文三,數位行銷與實習(二) Digital Marketing and Internship (II) 實,3.00,選,學期,紀欣萍 專長： 商務法語、跨文化溝通、法語教學,中文,,,-,不需要教室,,,,,,,,,否,,最低年級： 三年級 最高年級： 四年級 分發優先順序： 1開課單位學生優先,開放： 1 外系： 0 屬性： 可退可加 拒退年級： 不設定,領域： 學群：,否,
305,D220416395,,法文四,二十世紀法國經典文本導讀 Introduction to XX Century French Classic Text,2.00,選,學期,林韋君 專長： 二十世紀法國小說、文學翻譯,中法文,全,一(Mon),D3-D4,FG204,,,,,,,,,否,,最低年級： 三年級 最高年級： 四年級 分發優先順序： 2開課系所高年級學生優先,開放： 35 外系： 0 屬性： 可退可加 拒退年級： 不設定,領域： 學群：,否,
306,D220416594,,法文四,法國歷史導論(二) Introduction to French History (II),2.00,選,學期,狄百彥 專長： 法國歷史,全法文,全,三(Wed),D3-D4,FG204,,,,,,,,,否,,最低年級： 四年級 最高年級： 四年級 分發優先順序： 2開課系所高年級學生優先,開放： 35 外系： 0 屬性： 可退可加 拒退年級： 不設定,領域： 學群：,否,
307,D220432083,,法文四,中法口譯 Chinese-French Interpretation,2.00,選,學期,黃孟蘭 專長： 法語文法、法語語言學、漢法翻譯與口譯,中法文,全,二(Tue),D3-D4,FG204,,,,,,,,,否,,最低年級： 四年級 最高年級： 四年級 分發優先順序： 2開課系所高年級學生優先,開放： 30 外系： 0 屬性： 可退可加 拒退年級： 不設定,領域： 學群：,否,
308,D220432167,,法文四,戲劇製作與實踐 Theater Production and Practice,2.00,選,學期,孟詩葛 專長： 法語教學,中法文,全,四(Thu),D7-D8,LB204,,,,,,,,,否,,最低年級： 三年級 最高年級： 四年級 分發優先順序： 2開課系所高年級學生優先,開放： 35 外系： 0 屬性： 拒退拒加 拒退年級： 不設定,領域： 學群：,否,
309,D220436009,,法文四,電影鑑賞與分析 Film appreciation and analysis 英-專業,2.00,選,學期,李宜蓓 專長： 法國文學、Litterature francaise,全英文,全,四(Thu),D3-D4,SF130,,,,,,,,,否,,最低年級： 三年級 最高年級： 四年級 分發優先順序： 1開課單位學生優先,開放： 30 外系： 0 屬性： 可退可加 拒退年級： 不設定,領域： 學群：,否,
310,D220436010,,法文四,歐盟與國際組織 European Union and International Institutions: Policies and Politics 英-專業,2.00,選,學期,沈中衡 專長： 政治學、國際關係、網路教學,全英文,全,二(Tue),D7-D8,LB401,,,,,,,,,否,,最低年級： 三年級 最高年級： 四年級 分發優先順序： 1開課單位學生優先,開放： 29 外系： 0 屬性： 可退可加 拒退年級： 不設定,領域： 學群：,否,
311,D230010692,DFG0010692,西文系,聖經與文化 Bible and Civilization,2.00,選,學期,柯士達 專長： 宗教與藝術、義大利語教學,中英文,全,二(Tue),D7-D8,LB404,,,,,,,,,否,,最低年級： 一年級 最高年級： 四年級 分發優先順序： 2開課系所高年級學生優先,開放： 10 外系： 0 屬性： 可退可加 拒退年級： 不設定,領域： 學群：,否,
312,D230214809,,西文二,拉丁美洲短篇敘事 Short narrative of Latin America,2.00,選,學期,許玉燕 專長： 比較文學、跨藝術研究、中西兒童與青少年文學比較、西語短篇敘事研究,中西文,全,一(Mon),D5-D6,LA211,,,,,,,,,否,,最低年級： 二年級 最高年級： 四年級 分發優先順序： 1開課單位學生優先,開放： 30 外系： 0 屬性： 可退可加 拒退年級： 不設定,領域： 學群：,否,
313,D230214812,,西文二,中南美洲文化概論(二) Hispanic World:A Panoramic View (II),2.00,選,學期,李素卿 專長： 西語教學、西語文學、漢西翻譯,中西文,全,五(Fri),D3-D4,LB103,,,,,,,,,否,,最低年級： 二年級 最高年級： 四年級 分發優先順序： 1開課單位學生優先,開放： 32 外系： 0 屬性： 可退可加 拒退年級： 不設定,領域： 學群：,否,
314,D230233598,,西文二,跨文化溝通理解 Understanding Intercultural Communication,2.00,選,學期,林昱任 專長： 西班牙語熟語、認知語言學、中西文對比分析,中西文,全,二(Tue),D7-D8,FG303,,,,,,,,,否,,最低年級： 二年級 最高年級： 四年級 分發優先順序： 1開課單位學生優先,開放： 29 外系： 0 屬性： 可退可加 拒退年級： 不設定,領域： 學群：,否,
315,D230236903,,西文二,多媒體與西語句型應用 Application of Spanish Syntax with Multimedia,2.00,選,學期,簡藝珊 專長： 西語教學、語言分析、語言及文化,中西文,全,四(Thu),D5-D6,FG303,,,,,,,,,否,,最低年級： 二年級 最高年級： 四年級 分發優先順序： 1開課單位學生優先,開放： 25 外系： 0 屬性： 可退可加 拒退年級： 不設定,領域： 學群：,否,
316,D230237841,,西文二,西語聽力與發音練習 Spanish Listening and Pronunciation,2.00,選,學期,"柏安克 專長： Spanish DELE, Writing, Speaking",中西文,全,一(Mon),D3-D4,FG302,,,,,,,,,否,,最低年級： 二年級 最高年級： 四年級 分發優先順序： 1開課單位學生優先,開放： 30 外系： 0 屬性： 可退可加 拒退年級： 不設定,領域： 學群：,否,
317,D230336120,,西文三,西語檢定B1強化課程 Levelling Advanced B1,2.00,選,學期,明小河 專長： 西語教學,中西文,全,一(Mon),D7-D8,LB304,,,,,,,,,否,,最低年級： 三年級 最高年級： 四年級 分發優先順序： 1開課單位學生優先,開放： 30 外系： 0 屬性： 可退可加 拒退年級： 不設定,領域： 學群：,否,
318,D230336907,,西文三,中西對比語法探究 Problemas fundamentales de la gramática española desde una perspectiva contrastiva chino-español,2.00,選,學期,"高子杰 專長： 西班牙文語言學, 西班牙文應用語言學, 西班牙及拉丁美洲文化",全西文,全,三(Wed),D7-D8,FG303,,,,,,,,,否,,最低年級： 三年級 最高年級： 四年級 分發優先順序： 1開課單位學生優先,開放： 26 外系： 0 屬性： 可退可加 拒退年級： 不設定,領域： 學群：,否,
319,D230337842,,西文三,商務西語 Spanish for Business,2.00,選,學期,明小河 專長： 西語教學,中西文,全,一(Mon),D5-D6,LB304,,,,,,,,,否,,最低年級： 三年級 最高年級： 四年級 分發優先順序： 1開課單位學生優先,開放： 25 外系： 0 屬性： 可退可加 拒退年級： 不設定,領域： 學群：,否,
320,D230408962,,西文四,表演藝術(二) Art of Performance (II),1.00,選,學期,賴彥伶 專長： 西班牙語教學、西班牙文化、新聞文學、飲食文學,全西文,單,二(Tue),D5-D6,CFL,,,,,,,,,否,欲參與畢業公演者必選,最低年級： 四年級 最高年級： 四年級 分發優先順序： 2開課系所高年級學生優先,開放： 65 外系： 0 屬性： 可退可加 拒退年級： 不設定,領域： 學群：,否,
321,D230435034,,西文四,西語電影賞析(二) Spanish Cinema(II),2.00,選,學期,李素卿 專長： 西語教學、西語文學、漢西翻譯,中西文,全,四(Thu),D3-D4,LB304,,,,,,,,,否,,最低年級： 三年級 最高年級： 四年級 分發優先順序： 2開課系所高年級學生優先,開放： 31 外系： 0 屬性： 可退可加 拒退年級： 不設定,領域： 學群：,否,
322,D230436123,,西文四,西語編譯應用與實作(二) Application and Practice of Editing and Translation into Spanish (II),2.00,選,學期,杜孝捷 專長： 西班牙語,中西文,全,五(Fri),D3-D4,FG303,,,,,,,,,否,,最低年級： 三年級 最高年級： 四年級 分發優先順序： 1開課單位學生優先,開放： 25 外系： 0 屬性： 可退可加 拒退年級： 不設定,領域： 學群：,否,
323,D230437843,,西文四,"進階西語視聽說 Advanced Spanish: Listening, Speaking, and Visual Comprehension",2.00,選,學期,"柏安克 專長： Spanish DELE, Writing, Speaking",中西文,全,一(Mon),D7-D8,FG302,,,,,,,,,否,,最低年級： 四年級 最高年級： 四年級 分發優先順序： 1開課單位學生優先,開放： 25 外系： 0 屬性： 可退可加 拒退年級： 不設定,領域： 學群：,否,
324,D240207507,,日文二,日本近現代史 A History of Modern Japan,2.00,選,學期,林賢參 專長： 日本政治與外交安保政策，日中關係，東亞區域安全,中日文,全,四(Thu),D3-D4,FG202,,,,,,,,,否,,最低年級： 二年級 最高年級： 四年級 分發優先順序： 1開課單位學生優先,開放： 60 外系： 0 屬性： 可退可加 拒退年級： 不設定,領域： 學群：,否,
325,D240220056,,日文二,日本文化賞析 Appreciation to Japanese Culture,2.00,選,學期,劉慶瑞 專長： 日本經濟、區域經濟整合（FTA）、日式經營、台日廠商策略聯盟,中日文,全,二(Tue),D1-D2,FG202,,,,,,,,,否,,最低年級： 二年級 最高年級： 四年級 分發優先順序： 1開課單位學生優先,開放： 60 外系： 0 屬性： 可退可加 拒退年級： 不設定,領域： 學群：,否,
326,D240320057,,日文三,台日新聞專題 Topics in Taiwan and Japanese News,2.00,選,學期,太田榮次 專長： 日本語教育・言語学・日本語中国語対照研究,中日文,全,一(Mon),D1-D2,FG202,,,,,,,,,否,,最低年級： 三年級 最高年級： 四年級 分發優先順序： 1開課單位學生優先,開放： 55 外系： 0 屬性： 可退可加 拒退年級： 不設定,領域： 學群：,否,
327,D240320065,,日文三,日語語法專題 Japanese Language: Thematic Grammar,2.00,選,學期,何欣泰 專長： 日語語言學、中日詞彙學,中日文,全,四(Thu),D7-D8,SF132,,,,,,,,,否,,最低年級： 三年級 最高年級： 四年級 分發優先順序： 1開課單位學生優先,開放： 60 外系： 0 屬性： 可退可加 拒退年級： 不設定,領域： 學群：,否,
328,D240333937,,日文三,媒體與台日文化 Taiwanese and Japanese Cultural Studies in Media,2.00,選,學期,清水裕美子 專長： 日語教學、日語翻譯．口譯、日本文化、日本歷史,全日文,全,五(Fri),D3-D4,FG202,,,,,,,,,否,,最低年級： 三年級 最高年級： 四年級 分發優先順序： 1開課單位學生優先,開放： 55 外系： 0 屬性： 拒退拒加 拒退年級： 不設定,領域： 學群：,否,
329,D240334081,,日文三,休閒與醫療日語 Leisure and Medical Japanese,2.00,選,學期,賴振南 專長： 日本古典文學、日本近現代文學、翻譯實務與理論、永井隆博士研究,中日文,全,二(Tue),D3-D4,LB105,,,,,,,,,否,,最低年級： 三年級 最高年級： 四年級 分發優先順序： 1開課單位學生優先,開放： 40 外系： 0 屬性： 可退可加 拒退年級： 不設定,領域： 學群：,否,
330,D240334196,,日文三,日本舞台劇賞析 Appreciation of Japanese Theater,2.00,選,學期,中村祥子 專長： 日本平安朝物語文學、日記文學,全日文,全,二(Tue),D7-D8,LA202,,,,,,,,,否,,最低年級： 三年級 最高年級： 四年級 分發優先順序： 1開課單位學生優先,開放： 35 外系： 0 屬性： 可退拒加 拒退年級： 不設定,領域： 學群：,否,
331,D240334897,,日文三,AI科技與日語學習應用 AI Technology Application in Japanese Learning,2.00,選,學期,施列庭 專長： 電腦輔助日語教學、第二外語習得、大規模語料庫之教學應用,中日文,全,一(Mon),D7-D8,LB105,,,,,,,,,否,,最低年級： 三年級 最高年級： 四年級 分發優先順序： 1開課單位學生優先,開放： 40 外系： 0 屬性： 可退可加 拒退年級： 不設定,領域： 學群：,否,
332,D240337336,,日文三,AI翻譯實務 Practical Applications of AI Translation,2.00,選,學期,賴振南 專長： 日本古典文學、日本近現代文學、翻譯實務與理論、永井隆博士研究,中日文,全,三(Wed),D7-D8,FG202,,,,,,,,,否,,最低年級： 三年級 最高年級： 四年級 分發優先順序： 1開課單位學生優先,開放： 50 外系： 0 屬性： 可退可加 拒退年級： 不設定,領域： 學群：,否,
333,D240408966,,日文四,進階口譯 Advanced Interpretation,2.00,選,學年,陳韶琪 專長： 日本語學,中日文,全,一(Mon),D7-D8,JSB16,,,,,,,,,否,須繳交語言實費,最低年級： 四年級 最高年級： 四年級 分發優先順序： 1開課單位學生優先,開放： 50 外系： 0 屬性： 拒退拒加 拒退年級： 不設定,領域： 學群：,否,
334,D240415784,,日文四,翻譯(中譯日) Translation(Chinese to Japanese),2.00,選,學年,安西真理子 專長： 筆譯理論與實務,全日文,全,五(Fri),D5-D6,LE403,,,,,,,,,否,,最低年級： 四年級 最高年級： 四年級 分發優先順序： 1開課單位學生優先,開放： 25 外系： 0 屬性： 可退可加 拒退年級： 不設定,領域： 學群：,否,
335,D240422127,,日文四,日本企業經營策略 Management strategy of Japanese company,2.00,選,學期,劉慶瑞 專長： 日本經濟、區域經濟整合（FTA）、日式經營、台日廠商策略聯盟,中日文,全,一(Mon),D5-D6,LB206,,,,,,,,,否,,最低年級： 四年級 最高年級： 四年級 分發優先順序： 1開課單位學生優先,開放： 60 外系： 10 屬性： 可退可加 拒退年級： 不設定,領域： 學群：,否,
336,D240436144,,日文四,日文商務書信溝通 Communication in Japanese Business Letters,2.00,選,學期,藤井康子 專長： 教育學、台灣史,全日文,全,二(Tue),D3-D4,FG202,,,,,,,,,否,,最低年級： 四年級 最高年級： 四年級 分發優先順序： 1開課單位學生優先,開放： 40 外系： 0 屬性： 可退可加 拒退年級： 不設定,領域： 學群：,否,
337,D241115778,,日文一甲,日本國情 Introduction to Japanese society and culture,2.00,選,學期,黃翠娥 專長： 日本近現代文學、日本文化,中日文,全,一(Mon),D7-D8,FG202,,,,,,,,,否,非日文系學生選課須取得授課教師書面同意後人工加選，且外語學院學生優先。,最低年級： 一年級 最高年級： 二年級 分發優先順序： 1開課單位學生優先,開放： 60 外系： 0 屬性： 可退可加 拒退年級： 不設定,領域： 學群：,否,
338,D241118375,,日文一甲,大一日語聽講實習 Basic Japanese Language Lab,1.00,選,學年,施列庭 專長： 電腦輔助日語教學、第二外語習得、大規模語料庫之教學應用,中日文,全,二(Tue),D3-D4,JSB04,,,,,,,,,否,重補修課者須繳交語言實習費,最低年級： 一年級 最高年級： 四年級 分發優先順序： 1開課單位學生優先,開放： 60 外系： 0 屬性： 拒退可加 拒退年級： 不設定,領域： 學群：,否,
339,D241436143,,日文四甲,專業日語實務 Professional Japanese Conversation Practice,2.00,選,學期,清水裕美子 專長： 日語教學、日語翻譯．口譯、日本文化、日本歷史,全日文,全,四(Thu),D7-D8,SF205,,,,,,,,,否,,最低年級： 四年級 最高年級： 四年級 分發優先順序： 1開課單位學生優先,開放： 30 外系： 0 屬性： 可退可加 拒退年級： 不設定,領域： 學群：,否,
340,D242115778,,日文一乙,日本國情 Introduction to Japanese society and culture,2.00,選,學期,黃翠娥 專長： 日本近現代文學、日本文化,中日文,全,一(Mon),D5-D6,FG202,,,,,,,,,否,,最低年級： 一年級 最高年級： 二年級 分發優先順序： 1開課單位學生優先,開放： 60 外系： 0 屬性： 可退可加 拒退年級： 不設定,領域： 學群：,否,
341,D242118375,,日文一乙,大一日語聽講實習 Basic Japanese Language Lab,1.00,選,學年,馮寶珠 專長： 句法學、日語教學研究、語料庫語言學、言談分析、習得研究、中日對比研究,中日文,全,二(Tue),D7-D8,JSB04,,,,,,,,,否,重補修課者須繳交語言實習費,最低年級： 一年級 最高年級： 四年級 分發優先順序： 1開課單位學生優先,開放： 60 外系： 0 屬性： 拒退可加 拒退年級： 不設定,領域： 學群：,否,
342,D242436143,,日文四乙,專業日語實務 Professional Japanese Conversation Practice,2.00,選,學期,藤井康子 專長： 教育學、台灣史,全日文,全,四(Thu),D5-D6,LA314,,,,,,,,,否,,最低年級： 三年級 最高年級： 四年級 分發優先順序： 1開課單位學生優先,開放： 30 外系： 0 屬性： 可退可加 拒退年級： 不設定,領域： 學群：,否,
343,D250010692,DFG0010692,義文系,聖經與文化 Bible and Civilization,2.00,選,學期,柯士達 專長： 宗教與藝術、義大利語教學,中英文,全,二(Tue),D7-D8,LB404,,,,,,,,,否,,最低年級： 一年級 最高年級： 四年級 分發優先順序： 2開課系所高年級學生優先,開放： 10 外系： 0 屬性： 可退可加 拒退年級： 不設定,領域： 學群：,否,
344,D250118069,,義文一,初級義語詞彙 Basic Italian Lexicon,2.00,選,學期,周曉安 專長： 義大利文閱讀與寫作，商業義大利文,中義文,全,三(Wed),D7-D8,LA310,,,,,,,,,否,,最低年級： 一年級 最高年級： 一年級 分發優先順序： 1開課單位學生優先,開放： 40 外系： 0 屬性： 拒退拒加 拒退年級： 不設定,領域： 學群：,否,
345,D250119892,,義文一,義大利與音樂文化 Italy and the musical culture,2.00,選,學期,王新盟 專長： 聖經、神學、天主教教理、語言學、音韻學,中義文,全,三(Wed),D3-D4,LB404,,,,,,,,,否,,最低年級： 一年級 最高年級： 一年級 分發優先順序： 1開課單位學生優先,開放： 40 外系： 0 屬性： 拒退拒加 拒退年級： 不設定,領域： 學群：,否,
346,D250233167,,義文二,比較政府與政治：義大利與其他國家 Comparative Government and Politics: Italy and Other Countries,2.00,選,學期,張孟仁 專長： 義大利政治與外交、歐盟研究、國際關係,中文,全,一(Mon),D7-D8,FG507,,,,,,,,,否,,最低年級： 二年級 最高年級： 四年級 分發優先順序： 1開課單位學生優先,開放： 60 外系： 0 屬性： 拒退拒加 拒退年級： 不設定,領域： 學群：,否,
347,D250235277,,義文二,義大利飲食文化面面觀 Italian Food and Wine - View from Every Aspect,2.00,選,學期,白淑貞 專長： 義大利語言和文化教學、口筆譯,中義文,全,四(Thu),D3-D4,LA211,,,,,,,,,否,,最低年級： 二年級 最高年級： 二年級 分發優先順序： 1開課單位學生優先,開放： 60 外系： 0 屬性： 拒退拒加 拒退年級： 不設定,領域： 學群：,否,
348,D250317478,,義文三,中華文化多語談-義語(二) Chinese Culture through Foreign Languages (Italian) II,2.00,選,學期,白安理 專長： 義大利語教學、漢學研究,中文,全,一(Mon),D5-D6,FG208,,,,,,,,,否,,最低年級： 三年級 最高年級： 四年級 分發優先順序： 2開課系所高年級學生優先,開放： 30 外系： 0 屬性： 拒退拒加 拒退年級： 不設定,領域： 學群：,否,
349,D250319004,,義文三,義大利文藝復興藝術史 Italian Renaissance Art History,2.00,選,學期,柯士達 專長： 宗教與藝術、義大利語教學,全義文,全,二(Tue),D5-D6,LB404,,,,,,,,,否,,最低年級： 三年級 最高年級： 四年級 分發優先順序： 1開課單位學生優先,開放： 40 外系： 0 屬性： 拒退拒加 拒退年級： 不設定,領域： 學群：,否,
350,D250319005,,義文三,基礎翻譯(二) Basic Translation Techniques II,2.00,選,學期,陳奕廷 專長： 義大利文中文雙向口筆譯、中義跨文化研究、義大利戲劇,中義文,全,一(Mon),D7-D8,SF204,,,,,,,,,否,,最低年級： 三年級 最高年級： 四年級 分發優先順序： 1開課單位學生優先,開放： 60 外系： 0 屬性： 拒退拒加 拒退年級： 不設定,領域： 學群：,否,
351,D250321487,,義文三,進階新聞義大利文 Advanced Journalistic Italian,2.00,選,學期,卡特羅 專長： 古西方文學、中國文學、中國西方比較文學、義大利語文教學,中義文,全,二(Tue),D3-D4,LB509,,,,,,,,,否,,最低年級： 三年級 最高年級： 四年級 分發優先順序： 1開課單位學生優先,開放： 40 外系： 0 屬性： 拒退拒加 拒退年級： 不設定,領域： 學群：,否,
352,D250337568,,義文三,"歐盟、大中華與國際關係 The European Union, Greater China, and Int.l Relations. 英-專業",2.00,選,學期,歐陽永樂 專長： 中國大陸政治制度、義大利語言教學,全英文,全,三(Wed),D7-D8,FG208,,,,,,,,,否,,最低年級： 三年級 最高年級： 四年級 分發優先順序： 1開課單位學生優先,開放： 35 外系： 0 屬性： 拒退拒加 拒退年級： 不設定,領域： 學群：,否,
353,D250408949,,義文四,商業義大利文(二) Italian Commerce(II),2.00,選,學期,周曉安 專長： 義大利文閱讀與寫作，商業義大利文,全義文,全,三(Wed),D3-D4,FG208,,,,,,,,,否,,最低年級： 四年級 最高年級： 四年級 分發優先順序： 2開課系所高年級學生優先,開放： 35 外系： 0 屬性： 拒退拒加 拒退年級： 不設定,領域： 學群：,否,
354,D250417162,,義文四,進階表演戲劇 Advanced Acting a Play,2.00,選,學期,施喬佳 專長： 義大利文閱讀與寫作、會話,全義文,全,一(Mon),D5-D6,FG507,,,,,,,,,否,,最低年級： 四年級 最高年級： 四年級 分發優先順序： 2開課系所高年級學生優先,開放： 35 外系： 0 屬性： 拒退拒加 拒退年級： 不設定,領域： 學群：,否,
355,D250432590,,義文四,法律義大利文 Legal Italian,2.00,選,學期,歐陽永樂 專長： 中國大陸政治制度、義大利語言教學,中義文,全,二(Tue),D5-D6,SF204,,,,,,,,,否,若三年級同學具備四年級語言能力，經授課老師同意可先選修本課,最低年級： 四年級 最高年級： 四年級 分發優先順序： 1開課單位學生優先,開放： 37 外系： 0 屬性： 拒退拒加 拒退年級： 不設定,領域： 學群：,否,
356,D260135887,,德語一,大家說德語 Let's Talk in German,2.00,選,學期,"郭牧萱 專長： 現代德語教學法,德語音樂概論教學",中德文,全,二(Tue),D3-D4,LA208,,,,,,,,,否,語言程度A1/國際溝通模組/限德語一及外系學生選修,最低年級： 一年級 最高年級： 一年級 分發優先順序： 1開課單位學生優先,開放： 30 外系： 0 屬性： 可退可加 拒退年級： 不設定,領域： 學群：,否,
357,D260202990,,德語二,德文短篇故事 German Short Stories,2.00,選,學期,"鄭慧君 專長： 德語近代文學,德國近代史,翻譯,德語教學",中德文,全,二(Tue),D5-D6,LA316,,,,,,,,,否,語言程度A2/B1；學術研究模組,最低年級： 二年級 最高年級： 二年級 分發優先順序： 1開課單位學生優先,開放： 32 外系： 0 屬性： 可退拒加 拒退年級： 不設定,領域： 學群：,否,
358,D260234133,,德語二,德語日常情境聽講(二) Daily German Listening and Speaking II,2.00,選,學期,吳克安 專長： 德語教學,中德文,全,四(Thu),D1-D2,LA304,,,,,,,,,否,語言程度A2/B1；語言學習模組,最低年級： 二年級 最高年級： 二年級 分發優先順序： 1開課單位學生優先,開放： 20 外系： 0 屬性： 可退可加 拒退年級： 不設定,領域： 學群：,否,
359,D260234946,,德語二,用德語談哲學與武術-從理論到生活實證 Philosophy and Kungfu in German. From theory to life practice,2.00,選,學期,禪悟 專長： 學術論文寫作訓練、教學法、語言教學優化方法理論研究,全德文,全,二(Tue),D7-D8,LE001,,,,,,,,,否,語言程度A2/B1；學術研究模組,最低年級： 二年級 最高年級： 二年級 分發優先順序： 1開課單位學生優先,開放： 20 外系： 0 屬性： 可退可加 拒退年級： 不設定,領域： 學群：,否,
360,D260306246,,德語三,德國文化 German Culture,2.00,選,學期,許書珊 專長： 跨文化理論及跨文化溝通、運用當代媒體進行德語教學、任務型導向德語教學,中德文,全,三(Wed),D3-D4,LA204,,,,,,,,,否,語言程度B1；文化創意模組 ； 必修<德國文化>重補修替代課程,最低年級： 三年級 最高年級： 三年級 分發優先順序： 1開課單位學生優先,開放： 20 外系： 0 屬性： 可退拒加 拒退年級： 不設定,領域： 學群：,否,
361,D260308677,,德語三,德語語言學導論(一) Introduction to German Linguistics (I),2.00,選,學期,張志成 專長： 德語語言學、德漢語言比較、德漢翻譯,中德文,全,二(Tue),D5-D6,LA208,,,,,,,,,否,語言程度B1；學術研究模組,最低年級： 三年級 最高年級： 三年級 分發優先順序： 1開課單位學生優先,開放： 25 外系： 0 屬性： 可退拒加 拒退年級： 不設定,領域： 學群：,否,
362,D260313061,,德語三,德文國貿實務(二) Foreign Trading Practice (II),2.00,選,學期,羅燦慶 專長： 跨文化管理、國家形象研究、跨文化經貿溝通理論、跨文化談判訓練,中德文,全,二(Tue),D3-D4,LB301,,,,,,,,,否,語言程度B1；國際溝通模組,最低年級： 三年級 最高年級： 三年級 分發優先順序： 1開課單位學生優先,開放： 22 外系： 0 屬性： 可退拒加 拒退年級： 不設定,領域： 學群：,否,
363,D260320658,,德語三,畢業專題討論 Graduation Production,2.00,選,學期,許書珊 專長： 跨文化理論及跨文化溝通、運用當代媒體進行德語教學、任務型導向德語教學,中德文,,,-,不需要教室,,,,,,,,,否,(一) 學生於畢業前需依本系「學習成果展示實施辦法」完成學習成果展示，始有畢業資格。(二)為協助學生如期完成學習成果展示作品，執行製作作品當學期應選「畢業專題討論」課程，惟該課程屬輔導性質，故不得計入畢業學分。,最低年級： 三年級 最高年級： 四年級 分發優先順序： 1開課單位學生優先,開放： 65 外系： 0 屬性： 可退拒加 拒退年級： 不設定,領域： 學群：,否,
364,D260322423,,德語三,二十世紀德國史 Germany in the Twentieth Century,2.00,選,學期,楊小華 專長： 跨文化議題研究、東亞新音樂與全球化現象研究、歐洲音樂文化史,中德文,全,五(Fri),D7-D8,LA304,,,,,,,,,否,語言程度B1；學術研究模組,最低年級： 三年級 最高年級： 三年級 分發優先順序： 1開課單位學生優先,開放： 20 外系： 0 屬性： 可退可加 拒退年級： 不設定,領域： 學群：,否,
365,D260335881,,德語三,童話與藝術童話 Fairy tale and literary fairy tale,2.00,選,學期,莊適瑜 專長： 德語教學、德語語言學、德語文學、華語文教學,中德文,全,四(Thu),D5-D6,LA202,,,,,,,,,否,語言程度B1；文化創意模組,最低年級： 三年級 最高年級： 三年級 分發優先順序： 1開課單位學生優先,開放： 20 外系： 0 屬性： 可退可加 拒退年級： 不設定,領域： 學群：,否,
366,D260337777,,德語三,德國文學與德國歌劇 German Literature and German Opera,2.00,選,學期,"吳宜盈 專長： 音樂與文學(戲劇與歌劇, 詩歌與藝術歌曲),互文與跨媒體理論,文學翻譯",中德文,全,一(Mon),D5-D6,LB101,,,,,,,,,否,語言程度B1；學術研究模組,最低年級： 三年級 最高年級： 三年級 分發優先順序： 1開課單位學生優先,開放： 28 外系： 0 屬性： 可退拒加 拒退年級： 不設定,領域： 學群：,否,
367,D260402732,,德語四,德國戲劇 German Drama,2.00,選,學年,"吳宜盈 專長： 音樂與文學(戲劇與歌劇, 詩歌與藝術歌曲),互文與跨媒體理論,文學翻譯",中德文,全,二(Tue),D7-D8,LB103,,,,,,,,,否,語言程度B1/B2；文化創意模組。學年課，須上下學期皆修畢方取得學分。,最低年級： 三年級 最高年級： 四年級 分發優先順序： 1開課單位學生優先,開放： 20 外系： 0 屬性： 拒退拒加 拒退年級： 不設定,領域： 學群：,否,
368,D260431519,,德語四,翻譯與產業 Specialist Translation,2.00,選,學期,鄭惠芬 專長： 翻譯研究、翻譯理論、文化研究,中德文,全,四(Thu),D3-D4,LA204,,,,,,,,,否,語言程度B1/B2；國際溝通模組,最低年級： 四年級 最高年級： 四年級 分發優先順序： 1開課單位學生優先,開放： 20 外系： 0 屬性： 可退可加 拒退年級： 不設定,領域： 學群：,否,
369,D260433277,D220333277,德語四,數位行銷與實習(二) Digital Marketing and Internship (II) 實,3.00,選,學期,紀欣萍 專長： 商務法語、跨文化溝通、法語教學,中文,,,-,不需要教室,,,,,,,,,否,,最低年級： 三年級 最高年級： 四年級 分發優先順序： 2開課系所高年級學生優先,開放： 10 外系： 0 屬性： 可退可加 拒退年級： 不設定,領域： 學群：,否,
370,D260433397,,德語四,德語文學作品選讀 Selected German Literature Texts,2.00,選,學期,"鄭慧君 專長： 德語近代文學,德國近代史,翻譯,德語教學",中德文,全,五(Fri),D3-D4,LA316,,,,,,,,,否,語言程度B1/B2；學術研究模組。必修<德語文學導讀(0/2)>重補修替代課程,最低年級： 四年級 最高年級： 四年級 分發優先順序： 1開課單位學生優先,開放： 20 外系： 0 屬性： 可退可加 拒退年級： 不設定,領域： 學群：,否,
371,D260436016,,德語四,會展德語 Trade Show Participation and Presentation,2.00,選,學期,光月波 專長： 語言教學，文化比較，翻譯,英德文,全,二(Tue),D3-D4,LA316,,,,,,,,,否,語言程度B1/B2；國際溝通模組,最低年級： 四年級 最高年級： 四年級 分發優先順序： 1開課單位學生優先,開放： 20 外系： 0 屬性： 可退可加 拒退年級： 不設定,領域： 學群：,否,
372,D260436552,,德語四,用德語教中文 German for Teaching Chinese,2.00,選,學期,馬佑真 專長： 中德翻譯、德語教學、德語華語教學,中德文,全,五(Fri),D5-D6,LA304,,,,,,,,,否,語言程度B1/B2；國際溝通模組,最低年級： 四年級 最高年級： 四年級 分發優先順序： 1開課單位學生優先,開放： 20 外系： 0 屬性： 可退可加 拒退年級： 不設定,領域： 學群：,否,
373,D310103544,,應數一,Ｃ語言 C Language 程,3.00,選,學期,郭文彥 專長： 程式語言,中文,全,四(Thu),DN-D6,LE402,,,,,,,,,否,,最低年級： 一年級 最高年級： 四年級 分發優先順序： 2開課系所高年級學生優先,開放： 35 外系： 0 屬性： 不代入 拒退年級： 不設定,領域： 學群：,否,
374,D310135831,,應數一,數學物理入門(四) Introduction to Mathematical Physics (IV) 英-專業,2.00,選,學期,葉乃實 專長： 流體力學、應用數學,全英文,全,二(Tue),D1-D2,MA307,,,,,,,,,否,,最低年級： 一年級 最高年級： 四年級 分發優先順序： 2開課系所高年級學生優先,開放： 30 外系： 0 屬性： 不代入 拒退年級： 不設定,領域： 學群：,否,
375,D310137321,,應數一,數理及其它邏輯比較與應用 Comparison and Application of Mathematical and Other Logic Systems,2.00,選,學期,葉乃實 專長： 流體力學、應用數學,中文,全,二(Tue),D5-D6,MA307,,,,,,,,,否,,最低年級： 一年級 最高年級： 四年級 分發優先順序： 2開課系所高年級學生優先,開放： 90 外系： 45 屬性： 不代入 拒退年級： 不設定,領域： 學群：,否,
376,D310137323,,應數一,開始學數學 Start Learning Mathematics,3.00,選,學期,蘇萾欽 專長： 偏微分方程,中文,全,四(Thu),D2-D4,MA307,,,,,,,,,否,,最低年級： 一年級 最高年級： 四年級 分發優先順序： 1開課單位學生優先,開放： 65 外系： 10 屬性： 不代入 拒退年級： 不設定,領域： 學群：,否,
377,D310201633,,應數二,拓樸學 Topology,2.00,選,學年,葉乃實 專長： 流體力學、應用數學,中文,全,二(Tue),D3-D4,MA403,,,,,,,,,否,,最低年級： 二年級 最高年級： 四年級 分發優先順序： 2開課系所高年級學生優先,開放： 50 外系： 25 屬性： 可退可加 拒退年級： 不設定,領域： 學群：,否,
378,D310231426,D1B0231426,應數二,動態網頁設計 Dynamic Web Design 程,3.00,選,學期,陳奕兆 專長： Java程式語言,中文,全,一(Mon),D5-D7,MA402,,,,,,,,,否,,最低年級： 二年級 最高年級： 四年級 分發優先順序： 2開課系所高年級學生優先,開放： 17 外系： 0 屬性： 不代入 拒退年級： 不設定,領域： 學群：,否,
379,D310305820,D1B0305820,應數三,密碼學 Cryptography,3.00,選,學期,李安莉 專長： 數論,中文,全,三(Wed),D7-E0,MA307,,,,,,,,,否,數論及格者方可修讀。,最低年級： 三年級 最高年級： 四年級 分發優先順序： 2開課系所高年級學生優先,開放： 20 外系： 0 屬性： 不代入 拒退年級： 不設定,領域： 學群：,否,
380,D310331358,D1B0331358,應數三,深度學習 Deep Learning 程,3.00,選,學期,陳泓勳 專長： 圖論、演算法、機器學習,中文,全,五(Fri),D5-D7,SE117,,,,,,,,,否,,最低年級： 三年級 最高年級： 四年級 分發優先順序： 1開課單位學生優先,開放： 10 外系： 0 屬性： 不代入 拒退年級： 不設定,領域： 學群：,否,
381,D330124029,,化學一,化學入門 Introduction to Chemistry,2.00,選,學期,劉彥祥 專長： 單晶X光繞射晶體結構學、無機化學、超分子固態化學,中文,全,三(Wed),D7-D8,CH118,,,,,,,,,否,,最低年級： 一年級 最高年級： 二年級 分發優先順序： 1開課單位學生優先,開放： 80 外系： 0 屬性： 可退可加 拒退年級： 不設定,領域： 學群：,否,
382,D330136681,,化學一,時代進步中的化學 Chemistry for Changing Times,2.00,選,學期,李國安 專長： 有機化學,中文,全,二(Tue),D3-D4,CH105,,,,,,,,,否,,最低年級： 一年級 最高年級： 四年級 分發優先順序： 1開課單位學生優先,開放： 80 外系： 0 屬性： 拒退拒加 拒退年級： 不設定,領域： 學群：,否,
383,D330233529,,化學二,化學研究技術簡介(二) Introduction of Chemical Research Techniques(II),1.00,選,學期,劉維民 專長： 有機化學合成、生物有機,中文,,,-,不需要教室,,,,,,,,,否,,最低年級： 二年級 最高年級： 二年級 分發優先順序： 1開課單位學生優先,開放： 30 外系： 0 屬性： 拒退拒加 拒退年級： 不設定,領域： 學群：,否,
384,D330236097,,化學二,化學英文(二) English for Chemistry(II),2.00,選,學期,周善行 專長： 有機化學及材料化學,中文,全,一(Mon),D5-D6,ES106,,,,,,,,,否,,最低年級： 二年級 最高年級： 四年級 分發優先順序： 1開課單位學生優先,開放： 45 外系： 0 屬性： 可退可加 拒退年級： 不設定,領域： 學群：,否,
385,D330301175A,,化學三,化學研究技術 Chemical Research Techniques,1.00,選,學年,劉靜萍 專長： 物理化學、光譜學、奈米生醫應用,中文,,,-,不需要教室,,,,,,,,,否,,最低年級： 三年級 最高年級： 三年級 分發優先順序： 1開課單位學生優先,開放： 15 外系： 0 屬性： 拒退拒加 拒退年級： 不設定,領域： 學群：,否,
386,D330301175B,,化學三,化學研究技術 Chemical Research Techniques,1.00,選,學年,陳協志 專長： 材料設計、能源材料、固態化學、金屬有機框架、鈣鈦礦太陽能電池,中文,,,-,不需要教室,,,,,,,,,否,,最低年級： 三年級 最高年級： 三年級 分發優先順序： 1開課單位學生優先,開放： 15 外系： 0 屬性： 拒退拒加 拒退年級： 不設定,領域： 學群：,否,
387,D330301175C,,化學三,化學研究技術 Chemical Research Techniques,1.00,選,學年,黃炳綜 專長： 高分子摻合、高分子有機發光二極體、有機太陽能電池,中文,,,-,不需要教室,,,,,,,,,否,,最低年級： 三年級 最高年級： 三年級 分發優先順序： 1開課單位學生優先,開放： 15 外系： 0 屬性： 拒退拒加 拒退年級： 不設定,領域： 學群：,否,
388,D330301175D,,化學三,化學研究技術 Chemical Research Techniques,1.00,選,學年,施宗廷 專長： 分析化學,中文,,,-,不需要教室,,,,,,,,,否,,最低年級： 三年級 最高年級： 四年級 分發優先順序： 1開課單位學生優先,開放： 15 外系： 0 屬性： 拒退拒加 拒退年級： 不設定,領域： 學群：,否,
389,D330301175E,,化學三,化學研究技術 Chemical Research Techniques,1.00,選,學年,張哲健 專長： 有機合成、生物有機、自由基聚合,中文,,,-,不需要教室,,,,,,,,,否,,最低年級： 三年級 最高年級： 三年級 分發優先順序： 1開課單位學生優先,開放： 15 外系： 0 屬性： 拒退拒加 拒退年級： 不設定,領域： 學群：,否,
390,D330301175F,,化學三,化學研究技術 Chemical Research Techniques,1.00,選,學年,許哲生 專長： 有機化學,中文,,,-,不需要教室,,,,,,,,,否,,最低年級： 三年級 最高年級： 三年級 分發優先順序： 1開課單位學生優先,開放： 15 外系： 0 屬性： 拒退拒加 拒退年級： 不設定,領域： 學群：,否,
391,D330301175G,,化學三,化學研究技術 Chemical Research Techniques,1.00,選,學年,陳建盛 專長： 有機化學、化學生物學、功能性醣質化學,中文,,,-,不需要教室,,,,,,,,,否,,最低年級： 三年級 最高年級： 三年級 分發優先順序： 1開課單位學生優先,開放： 15 外系： 0 屬性： 拒退拒加 拒退年級： 不設定,領域： 學群：,否,
392,D330402152A,,化學四,專題研究 Special Topics,1.00,選,學年,陳元璋 專長： 無機化學、錯鹽光物理行為,中文,,,-,不需要教室,,,,,,,,,否,,最低年級： 四年級 最高年級： 四年級 分發優先順序： 1開課單位學生優先,開放： 15 外系： 0 屬性： 拒退拒加 拒退年級： 不設定,領域： 學群：,否,
393,D330402152B,,化學四,專題研究 Special Topics,1.00,選,學年,廖振成 專長： 物理化學、計算化學、普通化學,中文,,,-,不需要教室,,,,,,,,,否,,最低年級： 四年級 最高年級： 四年級 分發優先順序： 1開課單位學生優先,開放： 15 外系： 0 屬性： 拒退拒加 拒退年級： 不設定,領域： 學群：,否,
394,D330402152C,,化學四,專題研究 Special Topics,1.00,選,學年,劉彥祥 專長： 單晶X光繞射晶體結構學、無機化學、超分子固態化學,中文,,,-,不需要教室,,,,,,,,,否,,最低年級： 四年級 最高年級： 四年級 分發優先順序： 1開課單位學生優先,開放： 15 外系： 0 屬性： 拒退拒加 拒退年級： 不設定,領域： 學群：,否,
395,D330402152D,,化學四,專題研究 Special Topics,1.00,選,學年,李慧玲 專長： 微電泳晶片製作與生化分析之應用、高效能液相層析儀串聯質譜分析,中文,,,-,不需要教室,,,,,,,,,否,,最低年級： 四年級 最高年級： 四年級 分發優先順序： 1開課單位學生優先,開放： 15 外系： 0 屬性： 拒退拒加 拒退年級： 不設定,領域： 學群：,否,
396,D330402152E,,化學四,專題研究 Special Topics,1.00,選,學年,游源祥 專長： 高分子奈米複合材料、光電材料,中文,,,-,不需要教室,,,,,,,,,否,,最低年級： 四年級 最高年級： 四年級 分發優先順序： 1開課單位學生優先,開放： 15 外系： 0 屬性： 拒退拒加 拒退年級： 不設定,領域： 學群：,否,
397,D330402152F,,化學四,專題研究 Special Topics,1.00,選,學年,楊恩哲 專長： 配位化合物的合成及配位化合物磁性之研究,中文,,,-,不需要教室,,,,,,,,,否,,最低年級： 四年級 最高年級： 四年級 分發優先順序： 1開課單位學生優先,開放： 15 外系： 0 屬性： 拒退拒加 拒退年級： 不設定,領域： 學群：,否,
398,D330402152G,,化學四,專題研究 Special Topics,1.00,選,學年,何美霖 專長： 光譜學與材料應用、疾病檢測的新方法開發,中文,,,-,不需要教室,,,,,,,,,否,,最低年級： 四年級 最高年級： 四年級 分發優先順序： 1開課單位學生優先,開放： 15 外系： 0 屬性： 拒退拒加 拒退年級： 不設定,領域： 學群：,否,
399,D390118959,,心理一,學習心理學 Learning Psychology,3.00,選,學期,高玉靜 專長： 教育統計、資料分析、測驗與評量、教育心理學、學習診斷與輔導,中文,全,五(Fri),D2-D4,SF237,,,,,,,,,否,,最低年級： 一年級 最高年級： 四年級 分發優先順序： 2開課系所高年級學生優先,開放： 72 外系： 0 屬性： 可退可加 拒退年級： 不設定,領域： 學群：,否,
400,D390217103,,心理二,數位行銷 Digital Marketing 網,3.00,選,學期,杜秉叡 專長： 工商心理學、消費心理學、組織行為、人力資源管理、心理計量,中文,全,三(Wed),D7-E0,ES801,,,,,,,,,否,,最低年級： 二年級 最高年級： 四年級 分發優先順序： 2開課系所高年級學生優先,開放： 126 外系： 63 屬性： 可退可加 拒退年級： 不設定,領域： 學群：,否,
401,D390301349,,心理三,犯罪心理學 Criminal Psychology,3.00,選,學期,"王伯頎 專長： 心理測驗,犯罪心理學,社會科學研究方法,諮商與輔導,警政發展",中文,全,一(Mon),D5-D7,SF236,,,,,,,,,否,,最低年級： 三年級 最高年級： 四年級 分發優先順序： 2開課系所高年級學生優先,開放： 48 外系： 0 屬性： 可退可加 拒退年級： 不設定,領域： 學群：,否,
402,D390303382,,心理三,社區心理學 Psychology of Community,3.00,選,學期,王醒之 專長： 社區心理學,中文,全,三(Wed),D2-D4,SF236,,,,,,,,,否,,最低年級： 三年級 最高年級： 四年級 分發優先順序： 2開課系所高年級學生優先,開放： 20 外系： 0 屬性： 可退可加 拒退年級： 不設定,領域： 學群：,否,
403,D390305948,,心理三,健康心理學 Health Psychology,3.00,選,學期,邱倚璿 專長： 認知神經科學、心理語言學、記憶、聾人、手語、雙語研究,中文,全,二(Tue),D5-D7,SF236,,,,,,,,,否,,最低年級： 三年級 最高年級： 四年級 分發優先順序： 2開課系所高年級學生優先,開放： 48 外系： 0 屬性： 可退可加 拒退年級： 不設定,領域： 學群：,否,
404,D390305985,,心理三,薪資管理 Compensation Management,3.00,選,學期,鄭瀛川 專長： 人力資源,中文,全,二(Tue),D2-D4,SF236,,,,,,,,,否,,最低年級： 三年級 最高年級： 四年級 分發優先順序： 2開課系所高年級學生優先,開放： 48 外系： 0 屬性： 可退可加 拒退年級： 不設定,領域： 學群：,否,
405,D390331374,,心理三,伴侶與家族治療概論 Couple and Family Therapy,3.00,選,學期,蔡春美 專長： 伴侶與家族治療、同志伴侶與家庭諮商、團體動力、團體工作,中文,全,四(Thu),D5-D7,SF237,,,,,,,,,否,擋修科目：輔導與諮商概論,最低年級： 三年級 最高年級： 四年級 分發優先順序： 2開課系所高年級學生優先,開放： 70 外系： 0 屬性： 可退可加 拒退年級： 不設定,領域： 學群：,否,
406,D390333398,,心理三,認同與人我關係發展 Self and Others: Development of Identity and Relationships,3.00,選,學期,張慈宜 專長： 社會心理學、被邊緣化的青少年、心理傳記、性別、質性研究,中文,全,三(Wed),D7-E0,SF851,,,,,,,,,否,,最低年級： 三年級 最高年級： 四年級 分發優先順序： 2開課系所高年級學生優先,開放： 44 外系： 0 屬性： 可退拒加 拒退年級： 不設定,領域： 學群：,否,
407,D390333840,,心理三,大數據分析 Big Data Analysis 程,3.00,選,學期,洪屹傑 專長： 機器學習、資料探勘、大數據分析,中文,全,五(Fri),D5-D7,ES302,,,,,,,,,否,,最低年級： 三年級 最高年級： 四年級 分發優先順序： 2開課系所高年級學生優先,開放： 35 外系： 0 屬性： 可退可加 拒退年級： 不設定,領域： 學群：,否,
408,D390334091,,心理三,社會心理與社會科學導論 Introduction to social psychology and social science,3.00,選,學期,何東洪 專長： 文化經濟學、青年文化與政策、當代批判理論、媒體研究、流行音樂研究,中文,全,二(Tue),D2-D4,SF237,,,,,,,,,否,,最低年級： 二年級 最高年級： 四年級 分發優先順序： 2開課系所高年級學生優先,開放： 72 外系： 0 屬性： 可退可加 拒退年級： 不設定,領域： 學群：,否,
409,D390335035,,心理三,文化研究通論：流行音樂研究導論 Introduction to Culture Studies: An Introduction of Popular Music Studies,3.00,選,學期,何東洪 專長： 文化經濟學、青年文化與政策、當代批判理論、媒體研究、流行音樂研究,中文,全,二(Tue),D5-D7,SF851,,,,,,,,,否,,最低年級： 三年級 最高年級： 四年級 分發優先順序： 2開課系所高年級學生優先,開放： 70 外系： 0 屬性： 可退可加 拒退年級： 不設定,領域： 學群：,否,
410,D390335817,,心理三,敘事取向生涯諮商與諮詢 Career counseling & coaching: A narrative approach,3.00,選,學期,王思峯 專長： 工商心理學、職場諮商諮詢、AI心理應用,中文,全,五(Fri),D2-D4,SF236,,,,,,,,,否,,最低年級： 三年級 最高年級： 四年級 分發優先順序： 2開課系所高年級學生優先,開放： 48 外系： 5 屬性： 可退可加 拒退年級： 不設定,領域： 學群：,否,
411,D390335821,,心理三,失落與哀傷諮商 Loss and Grief Counseling,3.00,選,學期,蔡群瑞 專長： 心理諮商、遊戲治療、表達性藝術治療、性別教育,中文,全,三(Wed),D7-E0,ES405,,,,,,,,,否,,最低年級： 三年級 最高年級： 四年級 分發優先順序： 2開課系所高年級學生優先,開放： 30 外系： 0 屬性： 可退可加 拒退年級： 不設定,領域： 學群：,否,
412,D390335825,,心理三,"團體輔導諮商與方案設計 Group Guidance, Group Counseling and Program Design",3.00,選,學期,蔡春美 專長： 伴侶與家族治療、同志伴侶與家庭諮商、團體動力、團體工作,中文,全,五(Fri),D5-D7,SF851,,,,,,,,,否,擋修科目:輔導與諮商概論3學分,最低年級： 三年級 最高年級： 四年級 分發優先順序： 2開課系所高年級學生優先,開放： 42 外系： 0 屬性： 可退可加 拒退年級： 不設定,領域： 學群：,否,
413,D390336932,,心理三,音樂治療入門 Introduction to Music Therapy,3.00,選,學期,李一萱 專長： 音樂治療、早療兒童、兒童青少年、長者、成人舒壓情緒調節。,中文,全,一(Mon),D2-D4,SF237,,,,,,,,,否,擋修科目：普通心理學6學分。,最低年級： 三年級 最高年級： 四年級 分發優先順序： 2開課系所高年級學生優先,開放： 30 外系： 0 屬性： 可退可加 拒退年級： 不設定,領域： 學群：,否,
414,D390406696,,心理四,諮商與輔導實習 Counseling Practicum,2.00,選,學年,張志豪 專長： 戲劇治療、創傷與復原力、青少年工作諮商與心理治療、團體諮商與心理治療,中文,全,一(Mon),D3-D4,SF851,,,,,,,,,否,學年課，上學期未修者勿選,最低年級： 四年級 最高年級： 四年級 分發優先順序： 2開課系所高年級學生優先,開放： 30 外系： 0 屬性： 可退拒加 拒退年級： 不設定,領域： 學群：,否,
415,D390433091,,心理四,助人者自我覺察與專業成長 Helpers' Self-Awareness and Professional Growth,2.00,選,學期,張志豪 專長： 戲劇治療、創傷與復原力、青少年工作諮商與心理治療、團體諮商與心理治療,中文,全,四(Thu),D3-D4,SF236,,,,,,,,,否,擋修科目:輔導與諮商概論3學分。,最低年級： 三年級 最高年級： 四年級 分發優先順序： 2開課系所高年級學生優先,開放： 48 外系： 0 屬性： 可退可加 拒退年級： 不設定,領域： 學群：,否,
416,D390437552,,心理四,文化表達專題 Special Topics in Culture Performance,2.00,選,學期,張慈宜 專長： 社會心理學、被邊緣化的青少年、心理傳記、性別、質性研究,中文,全,二(Tue),DN-DN,SF232,全,三(Wed),DN-DN,SF232,,,,,否,畢展課,最低年級： 一年級 最高年級： 四年級 分發優先順序： 2開課系所高年級學生優先,開放： 50 外系： 0 屬性： 可退可加 拒退年級： 不設定,領域： 學群：,否,
417,D390437851,,心理四,影像發聲研究法 Photovoice Research Method,2.00,選,學期,蔡春美 專長： 伴侶與家族治療、同志伴侶與家庭諮商、團體動力、團體工作,中文,全,三(Wed),D3-D4,SF851,,,,,,,,,否,,最低年級： 三年級 最高年級： 四年級 分發優先順序： 1開課單位學生優先,開放： 30 外系： 0 屬性： 可退拒加 拒退年級： 不設定,領域： 學群：,否,
418,D460207000A,,織品設計二,服裝構成學與實習 Clothing Construction,3.00,選,學期,呂忠靜 專長： AI Fashion 服裝設計 服飾畫 機能服飾設計與打版,中文,全,五(Fri),D2-D4,TC309,,,,,,,,,否,,最低年級： 二年級 最高年級： 四年級 分發優先順序： 1開課單位學生優先,開放： 30 外系： 0 屬性： 可退可加 拒退年級： 不設定,領域： 學群：,否,
419,D460207000B,,織品設計二,服裝構成學與實習 Clothing Construction,3.00,選,學期,呂忠靜 專長： AI Fashion 服裝設計 服飾畫 機能服飾設計與打版,中文,全,五(Fri),D5-D7,TC309,,,,,,,,,否,,最低年級： 二年級 最高年級： 四年級 分發優先順序： 1開課單位學生優先,開放： 30 外系： 0 屬性： 可退可加 拒退年級： 不設定,領域： 學群：,否,
420,D460232043,,織品設計二,時尚媒體編輯與設計實務 Fashion Media Editing and Design,3.00,選,學期,林怡慈 專長： 設計基礎,中文,全,一(Mon),D7-E0,TC503,,,,,,,,,否,,最低年級： 二年級 最高年級： 四年級 分發優先順序： 1開課單位學生優先,開放： 30 外系： 0 屬性： 可退可加 拒退年級： 不設定,領域： 學群：,否,
421,D460234206,,織品設計二,印花應用實務 Printing Applications in Practice,3.00,選,學期,羅濟賢 專長： 印染技藝學,中文,全,二(Tue),D7-E0,TC409,,,,,,,,,否,,最低年級： 二年級 最高年級： 四年級 分發優先順序： 1開課單位學生優先,開放： 70 外系： 0 屬性： 可退可加 拒退年級： 不設定,領域： 學群：,否,
422,D460303129,,織品設計三,針織設計 Knitting Design,2.00,選,學年,尹承達 專長： 針織設計,中文,全,三(Wed),E1-E3,TC107,,,,,,,,,否,,最低年級： 三年級 最高年級： 四年級 分發優先順序： 1開課單位學生優先,開放： 40 外系： 0 屬性： 可退可加 拒退年級： 不設定,領域： 學群：,否,
423,D460304807,,織品設計三,梭織設計 Weaving Design,2.00,選,學年,蔡禮如 專長： 梭織產品開發企劃、織品設計、創意思考,中文,全,二(Tue),D5-D7,TC505,,,,,,,,,否,,最低年級： 三年級 最高年級： 四年級 分發優先順序： 1開課單位學生優先,開放： 20 外系： 0 屬性： 可退可加 拒退年級： 不設定,領域： 學群：,否,
424,D460305390,,織品設計三,印染設計 Printing Design 英-專業,2.00,選,學期,陳宏宇 專長： 印染設計,全英文,全,五(Fri),D5-D7,TC407,,,,,,,,,否,同一科目開授-英、-網、-英-網之課程，視為重複修習不得列計畢業學分。,最低年級： 三年級 最高年級： 四年級 分發優先順序： 1開課單位學生優先,開放： 30 外系： 0 屬性： 可退可加 拒退年級： 不設定,領域： 學群：,否,
425,D460310926,,織品設計三,圓編針織技藝學 Circular Knitting Technology,3.00,選,學年,簡禹芬 專長： 針織技術、針織設計、電腦輔助橫編針織,中文,全,三(Wed),D1-D2,TC205,全,三(Wed),D3-D4,TC009,,,,,否,實習課週三D3-D4,最低年級： 三年級 最高年級： 四年級 分發優先順序： 1開課單位學生優先,開放： 30 外系： 0 屬性： 可退可加 拒退年級： 不設定,領域： 學群：,否,
426,D460317534,,織品設計三,圖案設計 Textile Pattern Design 英-專業,2.00,選,學年,陳宏宇 專長： 印染設計,全英文,全,四(Thu),D5-D7,TC505,,,,,,,,,否,同一科目開授-英、-網、-英-網之課程，視為重複修習不得列計畢業學分。,最低年級： 三年級 最高年級： 四年級 分發優先順序： 1開課單位學生優先,開放： 40 外系： 0 屬性： 可退可加 拒退年級： 不設定,領域： 學群：,否,
427,D460317535,,織品設計三,梭織織紋分析 Weave Analysis,2.00,選,學年,廖文鳳 專長： 引導學生探索品牌男裝襯衫布料，善用彩圖做設計開發。,中文,全,四(Thu),D3-D4,TC401,,,,,,,,,否,,最低年級： 三年級 最高年級： 四年級 分發優先順序： 1開課單位學生優先,開放： 20 外系： 0 屬性： 可退可加 拒退年級： 不設定,領域： 學群：,否,
428,D460318415,,織品設計三,毛衣設計(二) Sweater Design (II),3.00,選,學期,莊生 專長： 毛衣設計、毛衣構成與創意基礎,中文,全,五(Fri),D5-D8,TC401,,,,,,,,,否,,最低年級： 三年級 最高年級： 四年級 分發優先順序： 1開課單位學生優先,開放： 25 外系： 0 屬性： 可退可加 拒退年級： 不設定,領域： 學群：,否,
429,D460321445,,織品設計三,數位印花 Theory and application on digital printing,2.00,選,學期,張輔玲 專長： 數位印花,中文,全,二(Tue),E1-E3,TC107,,,,,,,,,否,,最低年級： 三年級 最高年級： 四年級 分發優先順序： 1開課單位學生優先,開放： 30 外系： 0 屬性： 可退可加 拒退年級： 不設定,領域： 學群：,否,
430,D460333873,,織品設計三,進階電腦輔助橫編針織設計 Advanced Computer Aided Design in Flat Knitting,2.00,選,學期,簡禹芬 專長： 針織技術、針織設計、電腦輔助橫編針織,中文,全,五(Fri),D2-D4,TC401,,,,,,,,,否,,最低年級： 三年級 最高年級： 四年級 分發優先順序： 1開課單位學生優先,開放： 21 外系： 0 屬性： 可退可加 拒退年級： 不設定,領域： 學群：,否,
431,D460333874,,織品設計三,毛衣構成學二 Knitwear Construction II,3.00,選,學期,莊生 專長： 毛衣設計、毛衣構成與創意基礎,中文,全,四(Thu),D1-D4,TC303,,,,,,,,,否,,最低年級： 三年級 最高年級： 四年級 分發優先順序： 1開課單位學生優先,開放： 21 外系： 0 屬性： 可退可加 拒退年級： 不設定,領域： 學群：,否,
432,D460337486,,織品設計三,織品與文化-東南亞的物質文化與創新 Textiles and Culture:  Material Culture and Innovation in Southeast Asia 英-專業,2.00,選,學期,"王麗蘭 專長： 博物館學, 文化人類學, 田野調查",全英文,全,三(Wed),D7-D8,TC205,,,,,,,,,否,,最低年級： 二年級 最高年級： 四年級 分發優先順序： 1開課單位學生優先,開放： 50 外系： 30 屬性： 可退可加 拒退年級： 不設定,領域： 學群：,否,
433,D460417987,,織品設計四,室內設計織物應用 Textile Application in Interior Design,2.00,選,學期,彭麗文 專長： 室內設計織物應用,中文,全,二(Tue),D3-D4,TC305,,,,,,,,,否,,最低年級： 三年級 最高年級： 四年級 分發優先順序： 1開課單位學生優先,開放： 35 外系： 5 屬性： 可退可加 拒退年級： 不設定,領域： 學群：,否,
434,D460422364,,織品設計四,作品集設計 Portfolio Design 英-專業,2.00,選,學期,高元龍 專長： 服裝設計、織品設計、毛衣設計、作品集設計及創意思考,全英文,全,一(Mon),D5-D6,TC407,,,,,,,,,否,同一科目開授-英、-網、-英-網之課程，視為重複修習不得列計畢業學分。,最低年級： 四年級 最高年級： 四年級 分發優先順序： 1開課單位學生優先,開放： 45 外系： 15 屬性： 可退可加 拒退年級： 不設定,領域： 學群：,否,
435,D460437911,,織品設計四,英語能力檢定導向學習 English Learning for Proficiency Exams 英-語言,1.00,選,學期,"王麗蘭 專長： 博物館學, 文化人類學, 田野調查",全英文,單,二(Tue),D7-D8,TC107,,,,,,,,,否,,最低年級： 三年級 最高年級： 四年級 分發優先順序： 2開課系所高年級學生優先,開放： 50 外系： 20 屬性： 可退可加 拒退年級： 不設定,領域： 學群：,否,
436,D480107615,,服飾行銷一,基本服飾學與實習 Fashion Technology Fundamentals,2.00,選,學期,胡秀玲 專長： 服裝構成，gerber電腦打版，Vstitcher3D模擬。,中文,全,四(Thu),D5-D6,TC309,,,,,,,,,否,,最低年級： 一年級 最高年級： 四年級 分發優先順序： 1開課單位學生優先,開放： 30 外系： 0 屬性： 可退可加 拒退年級： 不設定,領域： 學群：,否,
437,D480119422,,服飾行銷一,設計基礎 Design Fundamentals,3.00,選,學年,曾淑娟 專長： 包裝設計,中文,全,五(Fri),D5-D7,LE402,,,,,,,,,否,,最低年級： 一年級 最高年級： 四年級 分發優先順序： 1開課單位學生優先,開放： 55 外系： 0 屬性： 可退可加 拒退年級： 不設定,領域： 學群：,否,
438,D480214768,,服飾行銷二,品牌行銷 Brand Marketing 英-專業 網,3.00,選,學期,王慧雯 專長： 品牌管理、商品採購、品牌行銷,全英文,全,一(Mon),D5-D7,TC109,,,,,,,,,否,同一科目開授-英、-網、-英-網之課程，視為重複修習不得列計畢業學分。,最低年級： 二年級 最高年級： 四年級 分發優先順序： 1開課單位學生優先,開放： 80 外系： 15 屬性： 可退可加 拒退年級： 不設定,領域： 學群：,否,
439,D480218708,,服飾行銷二,商業軟體應用 Business Software Application,2.00,選,學期,古德興 專長： 機能性紡織品、纖維與高分子科學、電子商務與網路行銷、服務品質管理,中文,全,四(Thu),D7-D8,LE403,,,,,,,,,否,,最低年級： 二年級 最高年級： 四年級 分發優先順序： 1開課單位學生優先,開放： 50 外系： 0 屬性： 可退可加 拒退年級： 不設定,領域： 學群：,否,
440,D480232421,,服飾行銷二,3D電腦打版 3D Computer-Aided Pattern Design 網,2.00,選,學期,施善贏 專長： 電腦輔助設計、建築資訊模型、 虛擬實境、設計科學,中文,全,五(Fri),D8-E0,TC107,,,,,,,,,否,同一科目開授-英、-網、-英-網之課程，視為重複修習不得列計畢業學分。本課程第一週為實體課程，請已選上本課程與欲加選本課程的同學務必到指定教室上課。,最低年級： 二年級 最高年級： 四年級 分發優先順序： 1開課單位學生優先,開放： 60 外系： 0 屬性： 可退可加 拒退年級： 不設定,領域： 學群：,否,
441,D480233876,,服飾行銷二,市集學 The Marketplace - How to Sell and Become a Vendor at a Market,2.00,選,學期,王贊元 專長： 數位行銷,中文,全,一(Mon),D5-D6,TC305,,,,,,,,,否,,最低年級： 二年級 最高年級： 四年級 分發優先順序： 1開課單位學生優先,開放： 65 外系： 0 屬性： 可退可加 拒退年級： 不設定,領域： 學群：,否,
442,D480308787,,服飾行銷三,服飾商店管理 Fashion Store Management,2.00,選,學期,楊濱燦 專長： 消費者心理、服務行銷、組織行為與理論,中文,全,四(Thu),D5-D6,TC407,,,,,,,,,否,,最低年級： 一年級 最高年級： 四年級 分發優先順序： 1開課單位學生優先,開放： 75 外系： 0 屬性： 可退可加 拒退年級： 不設定,領域： 學群：,否,
443,D480320745,,服飾行銷三,奢侈品品牌管理 The Luxury Sector and Luxury Brand Management 英-專業,2.00,選,學期,王慧雯 專長： 品牌管理、商品採購、品牌行銷,全英文,全,四(Thu),D3-D4,TC205,,,,,,,,,否,同一科目開授-英、-網、-英-網之課程，視為重複修習不得列計畢業學分。,最低年級： 二年級 最高年級： 四年級 分發優先順序： 1開課單位學生優先,開放： 70 外系： 0 屬性： 可退可加 拒退年級： 不設定,領域： 學群：,否,
444,D480321556,,服飾行銷三,織品服飾財務報表分析 Textiles and Clothing of Financial Statement Analysis,3.00,選,學期,余適安 專長： 織品服飾財務報表分析,中文,全,五(Fri),D5-D7,TC207,,,,,,,,,否,,最低年級： 三年級 最高年級： 四年級 分發優先順序： 1開課單位學生優先,開放： 60 外系： 10 屬性： 可退可加 拒退年級： 不設定,領域： 學群：,否,
445,D480333249,,服飾行銷三,自媒體實務 Social Media and Practice,2.00,選,學期,盧淑芬 專長： 時尚媒體、時尚潮流趨勢、時尚策展、時尚精品經營策略,中文,全,一(Mon),D5-D6,TC107,,,,,,,,,否,,最低年級： 三年級 最高年級： 四年級 分發優先順序： 1開課單位學生優先,開放： 40 外系： 0 屬性： 可退可加 拒退年級： 不設定,領域： 學群：,否,
446,D480333294,,服飾行銷三,視覺化資料與分析 Visual Data Analysis,2.00,選,學期,李世綱 專長： 視覺設計、Adobe軟體、多媒體、平面設計、出版編輯,中文,全,一(Mon),D7-D8,ES301,,,,,,,,,否,,最低年級： 三年級 最高年級： 四年級 分發優先順序： 1開課單位學生優先,開放： 50 外系： 0 屬性： 可退可加 拒退年級： 不設定,領域： 學群：,否,
447,D480336709,,服飾行銷三,國際行銷與展覽管理 International Marketing and Exhibition Management 英-專業,2.00,選,學期,蘇盈月 專長： 國際行銷、消費者行為研究、整合行銷溝通、品牌管理、顧客關係管理,全英文,全,四(Thu),D7-D8,TC305,,,,,,,,,否,,最低年級： 一年級 最高年級： 四年級 分發優先順序： 1開課單位學生優先,開放： 60 外系： 30 屬性： 可退可加 拒退年級： 不設定,領域： 學群：,否,
448,D480418710,,服飾行銷四,織品服裝新素材 New Textile and Apparel Materials,2.00,選,學期,古德興 專長： 機能性紡織品、纖維與高分子科學、電子商務與網路行銷、服務品質管理,中文,全,四(Thu),D5-D6,TC305,,,,,,,,,否,,最低年級： 三年級 最高年級： 四年級 分發優先順序： 1開課單位學生優先,開放： 70 外系： 0 屬性： 可退可加 拒退年級： 不設定,領域： 學群：,否,
449,D480432703,,服飾行銷四,微型創業 Micro Enterprise 英-專業,2.00,選,學期,王贊元 專長： 數位行銷,全英文,全,一(Mon),D3-D4,TC205,,,,,,,,,否,同一科目開授-英、-網、-英-網之課程，視為重複修習不得列計畢業學分。,最低年級： 四年級 最高年級： 四年級 分發優先順序： 1開課單位學生優先,開放： 50 外系： 10 屬性： 可退可加 拒退年級： 不設定,領域： 學群：,否,
450,D480434152,,服飾行銷四,時尚媒體與公關 Fashion Media and Public Relations,2.00,選,學期,盧淑芬 專長： 時尚媒體、時尚潮流趨勢、時尚策展、時尚精品經營策略,中文,全,三(Wed),D3-D4,TC407,,,,,,,,,否,,最低年級： 四年級 最高年級： 四年級 分發優先順序： 1開課單位學生優先,開放： 40 外系： 0 屬性： 可退可加 拒退年級： 不設定,領域： 學群：,否,
451,D480436658,,服飾行銷四,網紅經濟與社群媒體行銷 Key Opinion Leader (KOL )and Social Media Marketing 英-專業,2.00,選,學期,黃琬茹 專長： 行銷管理、消費者行為研究、社群媒體,全英文,全,二(Tue),D5-D6,LM106,,,,,,,,,否,,最低年級： 三年級 最高年級： 四年級 分發優先順序： 1開課單位學生優先,開放： 65 外系： 20 屬性： 可退可加 拒退年級： 不設定,領域： 學群：,否,
452,D510106123,,資工一,離散數學(二) Discrete Mathematics (II),3.00,選,學期,陳良華 專長： 計算機視覺、圖形辨識,中文,全,一(Mon),DN-D6,SF234,,,,,,,,,否,,最低年級： 一年級 最高年級： 四年級 分發優先順序： 1開課單位學生優先,開放： 80 外系： 0 屬性： 可退可加 拒退年級： 不設定,領域： 學群：,否,
453,D510114766,,資工一,Linux作業系統概論 Introduction to Linux Operating System,3.00,選,學期,葉佐任 專長： 作業系統、分散式系統、儲存系統,中文,全,三(Wed),D7-E0,SF645,,,,,,,,,否,,最低年級： 一年級 最高年級： 四年級 分發優先順序： 1開課單位學生優先,開放： 64 外系： 0 屬性： 可退可加 拒退年級： 不設定,領域： 學群：,否,
454,D510118916,,資工一,遠距醫療健康服務 Telemedicine and Telehealth Services 網,3.00,選,學期,梅興 專長： 新興Web技術、無線行動軟體、社交網路、3D虛擬世界,中文,,,-,不需要教室,,,,,,,,,否,"1.本門課需3次實體到課日:  3/3(二), 4/28(二), 6/2(二)DN-D6。2.實體上課教室:ES917",最低年級： 一年級 最高年級： 四年級 分發優先順序： 1開課單位學生優先,開放： 131 外系： 55 屬性： 可退可加 拒退年級： 不設定,領域： 學群：,否,
455,D510201586,,資工二,系統程式 Systems Programming 程,3.00,選,學期,林振緯 專長： 雲端計算、網路、容錯計算、分散式系統,中文,全,二(Tue),D5-D7,SF233,,,,,,,,,否,,最低年級： 二年級 最高年級： 四年級 分發優先順序： 1開課單位學生優先,開放： 72 外系： 0 屬性： 可退可加 拒退年級： 不設定,領域： 學群：,否,
456,D510216560,,資工二,3D程式設計 3D Programming 程,3.00,選,學期,郭文彥 專長： 程式語言,中文,全,五(Fri),D7-D7,SF233,全,五(Fri),D8-E0,SF645,,,,,否,開放網路與多媒體學分學程選修,最低年級： 二年級 最高年級： 四年級 分發優先順序： 1開課單位學生優先,開放： 64 外系： 0 屬性： 可退可加 拒退年級： 不設定,領域： 學群：,否,
457,D510222260,,資工二,進階資料結構 Advanced Data Structures 程,3.00,選,學期,彭議霆 專長： 生成式AI、人工智慧、自然語言處理、社群網絡分析,中文,全,一(Mon),D5-D7,MD204,,,,,,,,,否,,最低年級： 二年級 最高年級： 四年級 分發優先順序： 1開課單位學生優先,開放： 70 外系： 0 屬性： 可退可加 拒退年級： 不設定,領域： 學群：,否,
458,D510233955,,資工二,程式競賽解題實務 Practice of Solving Programming Contest Problem 程,3.00,選,學期,張信宏 專長： 多媒體應用、網路通訊系統,中文,全,三(Wed),D7-E0,SF648,,,,,,,,,否,,最低年級： 二年級 最高年級： 四年級 分發優先順序： 1開課單位學生優先,開放： 48 外系： 0 屬性： 可退可加 拒退年級： 不設定,領域： 學群：,否,
459,D510304621,,資工三,編譯器設計 Compiler Design 程,3.00,選,學期,鄭進和 專長： 電腦圖學、計算幾何,中文,全,五(Fri),D2-D4,SF233,,,,,,,,,否,,最低年級： 三年級 最高年級： 四年級 分發優先順序： 1開課單位學生優先,開放： 72 外系： 0 屬性： 可退可加 拒退年級： 不設定,領域： 學群：,否,
460,D510308298,,資工三,網路安全 Network Security 程,3.00,選,學期,呂俊賢 專長： 寬頻網路、點對點網路、效能分析,中文,全,二(Tue),D5-D7,SF234,,,,,,,,,否,,最低年級： 三年級 最高年級： 四年級 分發優先順序： 1開課單位學生優先,開放： 111 外系： 0 屬性： 可退可加 拒退年級： 不設定,領域： 學群：,否,
461,D510309669,,資工三,網路通訊與管理 Network Communications and Management 程,3.00,選,學期,呂俊賢 專長： 寬頻網路、點對點網路、效能分析,中文,全,一(Mon),D5-D7,SF233,,,,,,,,,否,,最低年級： 三年級 最高年級： 四年級 分發優先順序： 1開課單位學生優先,開放： 72 外系： 0 屬性： 可退可加 拒退年級： 不設定,領域： 學群：,否,
462,D510311885,,資工三,自然語言處理 Natural Language Processing 英-專業,3.00,選,學期,黎氏芳 專長： Machine learning for Biomedicine,全英文,全,二(Tue),D5-D7,MD204,,,,,,,,,否,,最低年級： 三年級 最高年級： 四年級 分發優先順序： 1開課單位學生優先,開放： 64 外系： 0 屬性： 可退可加 拒退年級： 不設定,領域： 學群：,否,
463,D510324316,,資工三,智能機器人學與應用 Introduction to Intelligent Robot and Applications 程,3.00,選,學期,范姜永益 專長： 行動軟體開發、多媒體人機互動系統、普及計算、行動嵌入式系統,中文,全,五(Fri),D7-E0,SF648,,,,,,,,,否,開放給 機器人學分學程修課,最低年級： 三年級 最高年級： 四年級 分發優先順序： 1開課單位學生優先,開放： 48 外系： 0 屬性： 可退可加 拒退年級： 不設定,領域： 學群：,否,
464,D510335934,,資工三,計算思維與應用簡介 Introduction to computational thinking and application 英-專業 程,3.00,選,學期,黎氏芳 專長： Machine learning for Biomedicine,全英文,全,一(Mon),D2-D4,SF648,,,,,,,,,否,,最低年級： 三年級 最高年級： 四年級 分發優先順序： 1開課單位學生優先,開放： 48 外系： 0 屬性： 可退可加 拒退年級： 不設定,領域： 學群：,否,
465,D510336453,,資工三,應用密碼學導論 Introduction to Applied Cryptography 英-專業,3.00,選,學期,盧淑萍 專長： 影像處理、網際網路技術、分散式計算、通訊安全,全英文,全,二(Tue),D2-D4,SF233,,,,,,,,,否,,最低年級： 三年級 最高年級： 四年級 分發優先順序： 1開課單位學生優先,開放： 72 外系： 0 屬性： 可退可加 拒退年級： 不設定,領域： 學群：,否,
466,D510424153,,資工四,資訊工程產業實習 Practical Training in Information Industry 程 實,9.00,選,學期,林振緯 專長： 雲端計算、網路、容錯計算、分散式系統,中文,,,-,不需要教室,,,,,,,,,否,"實習生需要一週至少實習4天,實習單位需與資訊相關,並經任課老師確認才能選修此課",最低年級： 四年級 最高年級： 四年級 分發優先順序： 1開課單位學生優先,開放： 20 外系： 0 屬性： 拒退拒加 拒退年級： 不設定,領域： 學群：,否,
467,D540102297,,生科一,植物分類學 Plant Taxonomy,3.00,選,學期,李瑞宗 專長： 植物分類,中文,全,三(Wed),D2-D4,ES417,,,,,,,,,否,,最低年級： 一年級 最高年級： 四年級 分發優先順序： 1開課單位學生優先,開放： 90 外系： 15 屬性： 可退可加 拒退年級： 不設定,領域： 學群：,否,
468,D540334011,,生科三,模式動物斑馬魚研究生物醫學 Zebrafish Served as a Model Animal to Study Biomedical Sciences,2.00,選,學期,蔡懷楨 專長： 分子生物學、基因工程及轉殖學、 胚胎發育生物學,中文,全,四(Thu),D3-D4,SE404,,,,,,,,,否,,最低年級： 二年級 最高年級： 四年級 分發優先順序： 1開課單位學生優先,開放： 60 外系： 10 屬性： 可退可加 拒退年級： 不設定,領域： 學群：,否,
469,D540336147,,生科三,生技醫藥開發概論 Introduction to the Development of Biopharmaceutics 英-專業,2.00,選,學期,辜惠君 專長： 新藥研發、人類疾病致病機轉探討,全英文,全,一(Mon),D5-D6,ES517,,,,,,,,,否,,最低年級： 一年級 最高年級： 四年級 分發優先順序： 1開課單位學生優先,開放： 100 外系： 0 屬性： 可退可加 拒退年級： 不設定,領域： 學群：,否,
470,D540417179,,生科四,醫用免疫學 Medical Immunology,2.00,選,學期,周秀慧 專長： 免疫生物學,中文,全,四(Thu),D3-D4,LS207,,,,,,,,,否,,最低年級： 二年級 最高年級： 四年級 分發優先順序： 1開課單位學生優先,開放： 55 外系： 0 屬性： 可退可加 拒退年級： 不設定,領域： 學群：,否,
471,D550318607,,物理三,理論力學(一) Theoretical Mechanics I,3.00,選,學期,謝智明 專長： 埃秒雷射,中文,全,四(Thu),D5-D7,ES308,,,,,,,,,否,"若是重修課程, 選別請改為必",最低年級： 三年級 最高年級： 四年級 分發優先順序： 1開課單位學生優先,開放： 60 外系： 0 屬性： 不代入 拒退年級： 不設定,領域： 學群：,否,
472,D550319045,,物理三,科學英文 English for Science,2.00,選,學期,林更青 專長： 實驗技術,中文,全,一(Mon),D5-D6,ES504,,,,,,,,,否,,最低年級： 二年級 最高年級： 四年級 分發優先順序： 1開課單位學生優先,開放： 40 外系： 0 屬性： 不代入 拒退年級： 不設定,領域： 學群：,否,
473,D550336194,,物理三,量子電腦概論 Introduction to quantum computer 英-專業,2.00,選,學期,"邱劭斌 專長： 低溫電性量測,半導體量子元件",全英文,全,三(Wed),D7-D8,PH116,,,,,,,,,否,,最低年級： 二年級 最高年級： 四年級 分發優先順序： 1開課單位學生優先,開放： 60 外系： 0 屬性： 不代入 拒退年級： 不設定,領域： 學群：,否,
474,D550336452,,物理三,半導體製程概論 Fundamentals of semiconductor fabrication,2.00,選,學期,"邱劭斌 專長： 低溫電性量測,半導體量子元件",中文,全,五(Fri),D5-D6,ES308,,,,,,,,,否,,最低年級： 二年級 最高年級： 四年級 分發優先順序： 1開課單位學生優先,開放： 60 外系： 0 屬性： 不代入 拒退年級： 不設定,領域： 學群：,否,
475,D550336938,,物理三,半導體元件 Semiconductor Devices,2.00,選,學期,"邱劭斌 專長： 低溫電性量測,半導體量子元件",中英文,全,一(Mon),D3-D4,ES308,,,,,,,,,否,,最低年級： 三年級 最高年級： 四年級 分發優先順序： 1開課單位學生優先,開放： 60 外系： 0 屬性： 不代入 拒退年級： 不設定,領域： 學群：,否,
476,D550425115,,物理四,產業實習(甲) Industrial Internship I 實,9.00,選,學期,張敏娟 專長： 粒子物理、電子電路,中文,,,-,不需要教室,,,,,,,,,否,,最低年級： 四年級 最高年級： 四年級 分發優先順序： 1開課單位學生優先,開放： 10 外系： 0 屬性： 不代入 拒退年級： 不設定,領域： 學群：,否,
477,D560217841,,光電二,普通化學(二) General Chemistry (II),2.00,選,學期,黃炳綜 專長： 高分子摻合、高分子有機發光二極體、有機太陽能電池,中文,全,一(Mon),D3-D4,ES408,,,,,,,,,否,"若是重修課程, 選別請改為必",最低年級： 二年級 最高年級： 四年級 分發優先順序： 1開課單位學生優先,開放： 60 外系： 0 屬性： 不代入 拒退年級： 不設定,領域： 學群：,否,
478,D560306523,,光電三,真空鍍膜技術 Vacuum Coating Technology,2.00,選,學期,徐進成 專長： 光學薄膜、真空鍍膜系統、光學及光纖研磨,中文,,,-,不需要教室,,,,,,,,,否,先至PH102室向助教登記後選課,最低年級： 二年級 最高年級： 四年級 分發優先順序： 1開課單位學生優先,開放： 26 外系： 0 屬性： 可退拒加 拒退年級： 不設定,領域： 學群：,否,
479,D560313076,,光電三,液晶顯示器概論 Introduction to Liquid Crystal Display,2.00,選,學期,陳熊光 專長： 半導體顯示器、半導體產業製造封裝,中文,全,五(Fri),D5-D6,PH118,,,,,,,,,否,,最低年級： 三年級 最高年級： 四年級 分發優先順序： 1開課單位學生優先,開放： 60 外系： 0 屬性： 不代入 拒退年級： 不設定,領域： 學群：,否,
480,D560319815,,光電三,專題演講(二) Colloquia II,1.00,選,學期,"邱劭斌 專長： 低溫電性量測,半導體量子元件",中文,全,四(Thu),D5-D6,LH108,,,,,,,,,否,,最低年級： 二年級 最高年級： 四年級 分發優先順序： 1開課單位學生優先,開放： 60 外系： 0 屬性： 不代入 拒退年級： 不設定,領域： 學群：,否,
481,D560323522,,光電三,生醫光電導論 Introduction to Biophotonics,2.00,選,學期,陳慧琪 專長： 傅氏光學、光鉗應用、光資訊處理、電腦全像、生醫光電,中文,全,五(Fri),D3-D4,LH108,,,,,,,,,否,,最低年級： 三年級 最高年級： 四年級 分發優先順序： 2開課系所高年級學生優先,開放： 80 外系： 30 屬性： 不代入 拒退年級： 不設定,領域： 學群：,否,
482,D560330611,,光電三,物理英文 English for Physics,2.00,選,學期,方德貴 專長： 計算物理、理論原子物理,中文,全,三(Wed),D7-D8,PH118,,,,,,,,,否,,最低年級： 二年級 最高年級： 四年級 分發優先順序： 1開課單位學生優先,開放： 25 外系： 0 屬性： 不代入 拒退年級： 不設定,領域： 學群：,否,
483,D570202107,,餐旅二,國際禮儀 International Etiquette,2.00,選,學期,嚴雯聖 專長： 組織行為管理、餐旅行銷、餐旅人員之肌肉骨胳傷病,中文,全,三(Wed),D7-D8,LH103,,,,,,,,,否,,最低年級： 二年級 最高年級： 四年級 分發優先順序： 2開課系所高年級學生優先,開放： 71 外系： 0 屬性： 可退可加 拒退年級： 不設定,領域： 學群：,否,
484,D570202589,,餐旅二,團體膳食製備 Quantity Food Preparation,2.00,選,學期,童富源 專長： 中西式料理、餐飲製備,中文,單,五(Fri),D5-D8,HE204,,,,,,,,,否,DN為前置時間,最低年級： 二年級 最高年級： 四年級 分發優先順序： 1開課單位學生優先,開放： 40 外系： 0 屬性： 可退可加 拒退年級： 不設定,領域： 學群：,否,
485,D570207851,,餐旅二,飲料管理 Beverage Management,2.00,選,學期,林希軒 專長： 餐飲連鎖產業管理與經營、餐旅永續經營探討、咖啡生產與通路研究,中文,全,三(Wed),D7-D8,HE071,,,,,,,,,否,,最低年級： 二年級 最高年級： 四年級 分發優先順序： 2開課系所高年級學生優先,開放： 50 外系： 0 屬性： 可退可加 拒退年級： 不設定,領域： 學群：,否,
486,D570212263,,餐旅二,宴會管理 Conference Management,2.00,選,學期,蘇紅文 專長： 宴會管理,中文,全,五(Fri),D5-D6,HE171,,,,,,,,,否,,最低年級： 二年級 最高年級： 四年級 分發優先順序： 2開課系所高年級學生優先,開放： 68 外系： 0 屬性： 可退可加 拒退年級： 不設定,領域： 學群：,否,
487,D570214662,,餐旅二,異國料理 Foreign Cuisine,2.00,選,學期,童富源 專長： 中西式料理、餐飲製備,中文,雙,五(Fri),DN-D8,HE204,,,,,,,,,否,DN為前製時間,最低年級： 二年級 最高年級： 四年級 分發優先順序： 2開課系所高年級學生優先,開放： 28 外系： 0 屬性： 可退拒加 拒退年級： 不設定,領域： 學群：,否,
488,D570223780,,餐旅二,餐旅經營實務 Operational Practice in Hospitality,1.00,選,學期,胡欣慧 專長： 餐旅消費者行為、餐旅科技與創新創業、量化研究,中文,,,-,不需要教室,,,,,,,,,否,上課地點為生活午茶,最低年級： 二年級 最高年級： 四年級 分發優先順序： 2開課系所高年級學生優先,開放： 50 外系： 0 屬性： 拒退拒加 拒退年級： 不設定,領域： 學群：,否,
489,D570223781,,餐旅二,航空旅運業概論 Introduction of Airline and Travel Industry,2.00,選,學期,江莞兒 專長： 餐旅管理、旅館管理、餐旅觀光行銷、人力資源、綠色永續、服務業管理,中文,全,一(Mon),D5-D6,ES301,,,,,,,,,否,,最低年級： 二年級 最高年級： 四年級 分發優先順序： 2開課系所高年級學生優先,開放： 55 外系： 0 屬性： 可退可加 拒退年級： 不設定,領域： 學群：,否,
490,D570224022,,餐旅二,會展規劃與管理 Conference and Exhibition Planning Management,2.00,選,學期,盧碧蓮 專長： 餐旅營運管理,中文,全,四(Thu),D7-D8,ES108,,,,,,,,,否,,最低年級： 二年級 最高年級： 四年級 分發優先順序： 2開課系所高年級學生優先,開放： 70 外系： 0 屬性： 可退可加 拒退年級： 不設定,領域： 學群：,否,
491,D570231318,,餐旅二,餐旅會計與報表導讀 Introduction to Hospitality Accounting,2.00,選,學期,王媛慧 專長： 餐旅財務與管理經濟,中文,全,二(Tue),D7-D8,LH103,,,,,,,,,否,,最低年級： 二年級 最高年級： 四年級 分發優先順序： 2開課系所高年級學生優先,開放： 71 外系： 0 屬性： 可退可加 拒退年級： 不設定,領域： 學群：,否,
492,D570304000,,餐旅三,日本料理 Japan culinary arts,2.00,選,學期,永連生 專長： 日本料理,中文,雙,四(Thu),DN-D8,HE204,,,,,,,,,否,DN為前製時間,最低年級： 三年級 最高年級： 四年級 分發優先順序： 2開課系所高年級學生優先,開放： 28 外系： 0 屬性： 可退拒加 拒退年級： 不設定,領域： 學群：,否,
493,D570305251,,餐旅三,速食業之經營管理 Fast-Food Management,2.00,選,學期,文長安 專長： 速食業之經營管理,中文,全,五(Fri),D5-D6,HE104,,,,,,,,,否,會有參訪活動建議D7-D8不選課,最低年級： 三年級 最高年級： 四年級 分發優先順序： 2開課系所高年級學生優先,開放： 40 外系： 0 屬性： 可退可加 拒退年級： 不設定,領域： 學群：,否,
494,D570305705,,餐旅三,宴會膳食 Banquet Service,2.00,選,學期,鄭衍基 專長： 宴會膳食,中文,單,四(Thu),DN-D8,HE204,,,,,,,,,否,DN為前置時間,最低年級： 三年級 最高年級： 四年級 分發優先順序： 2開課系所高年級學生優先,開放： 28 外系： 0 屬性： 可退拒加 拒退年級： 不設定,領域： 學群：,否,
495,D570306472,,餐旅三,酒類專論 Wine Appreciation 英-專業,2.00,選,學期,江郁智 專長： 睡眠健康與活動管理,全英文,全,二(Tue),D5-D6,HE071,,,,,,,,,否,,最低年級： 三年級 最高年級： 四年級 分發優先順序： 2開課系所高年級學生優先,開放： 50 外系： 0 屬性： 可退可加 拒退年級： 不設定,領域： 學群：,否,
496,D580102343,,兒家一,視聽媒體製作 Audio-Visual Design and Planning,2.00,選,學期,許順成 專長： 傳播史、媒介與社會、媒介實務,中文,全,一(Mon),D7-D8,HE104,,,,,,,,,否,,最低年級： 一年級 最高年級： 四年級 分發優先順序： 1開課單位學生優先,開放： 55 外系： 0 屬性： 可退可加 拒退年級： 不設定,領域： 學群：,否,
497,D580114759,,兒家一,多元文化與家庭 Multiculture and Family,2.00,選,學期,潘榮吉 專長： 家庭史研究、家庭教育,中文,全,二(Tue),D7-D8,HE304A,,,,,,,,,否,,最低年級： 一年級 最高年級： 四年級 分發優先順序： 1開課單位學生優先,開放： 66 外系： 0 屬性： 可退可加 拒退年級： 不設定,領域： 學群：,否,
498,D580202812,,兒家二,諮商理論與技術 Theories and Techniques of Counseling,2.00,選,學期,楊康臨 專長： 家庭研究:家庭與人生發展、婚姻與伴侶關係,中文,全,二(Tue),D5-D6,HE304A,,,,,,,,,否,,最低年級： 二年級 最高年級： 四年級 分發優先順序： 1開課單位學生優先,開放： 60 外系： 0 屬性： 可退可加 拒退年級： 不設定,領域： 學群：,否,
499,D580207817,,兒家二,幼兒學習環境設計 Planning Learning Environment for Young Children,2.00,選,學期,黃秀琦 專長： 幼兒發展、幼兒行為、家人關係,中文,全,四(Thu),D5-D6,HE305,,,,,,,,,否,,最低年級： 二年級 最高年級： 四年級 分發優先順序： 1開課單位學生優先,開放： 70 外系： 0 屬性： 可退可加 拒退年級： 不設定,領域： 學群：,否,
500,D580212417,,兒家二,兒童產業行銷 Marketing in Child ProductIndustry,2.00,選,學期,葛惠 專長： 幼教師資培訓、心理輔導、親子關係、園所經營輔導,中文,全,四(Thu),D7-D8,HE305,,,,,,,,,否,,最低年級： 二年級 最高年級： 四年級 分發優先順序： 1開課單位學生優先,開放： 50 外系： 0 屬性： 可退可加 拒退年級： 不設定,領域： 學群：,否,
501,D580308377,,兒家三,青少年與家庭 Adolescence and Family,2.00,選,學期,林麗玲 專長： 個案工作、團體工作、親子關係、青少年發展與家庭、依附與獨立自主,中文,全,四(Thu),D7-D8,ES404,,,,,,,,,否,,最低年級： 三年級 最高年級： 四年級 分發優先順序： 1開課單位學生優先,開放： 51 外系： 0 屬性： 可退可加 拒退年級： 不設定,領域： 學群：,否,
502,D580323217,,兒家三,幼兒學習評量 Assessment of Young Children's Learning,2.00,選,學期,陳富美 專長： 親職教育、兒童發展、兒童行為輔導、親職角色與子職角色、家庭關係,中文,全,二(Tue),D7-D8,HE305,,,,,,,,,否,,最低年級： 三年級 最高年級： 四年級 分發優先順序： 1開課單位學生優先,開放： 70 外系： 0 屬性： 可退可加 拒退年級： 不設定,領域： 學群：,否,
503,D580404308,,兒家四,家庭危機 Crisis in the Family 英-專業,2.00,選,學期,焦源羚 專長： 家庭社會學、家的時間觀,全英文,全,三(Wed),D3-D4,HE104,,,,,,,,,否,,最低年級： 四年級 最高年級： 四年級 分發優先順序： 1開課單位學生優先,開放： 50 外系： 0 屬性： 可退可加 拒退年級： 不設定,領域： 學群：,否,
504,D580412233,,兒家四,家庭法律與政策 Family Law and Policy,2.00,選,學期,黃志堅 專長： 民事財產法、不動產交易法規、基礎法學,中文,全,二(Tue),D5-D6,HE103,,,,,,,,,否,,最低年級： 四年級 最高年級： 四年級 分發優先順序： 1開課單位學生優先,開放： 50 外系： 0 屬性： 可退可加 拒退年級： 不設定,領域： 學群：,否,
505,D580422948,,兒家四,托育服務與管理 Services and Management for Family Child Care System,2.00,選,學期,王翠鳳 專長： 嬰幼兒學習環境規劃、嬰幼兒遊戲與活動規劃、托育政策、法規與服務,中文,全,一(Mon),D3-D4,HE103,,,,,,,,,否,,最低年級： 四年級 最高年級： 四年級 分發優先順序： 1開課單位學生優先,開放： 50 外系： 0 屬性： 可退可加 拒退年級： 不設定,領域： 學群：,否,
506,D630121841,,社會一,老年社會學 Sociology of Aging,2.00,選,學期,巫麗雪 專長： 方法、高齡社會學、家庭社會學、婦女生命歷程、社會階層與社會流動,中文,全,一(Mon),D5-D6,ES105,,,,,,,,,否,,最低年級： 一年級 最高年級： 四年級 分發優先順序： 1開課單位學生優先,開放： 40 外系： 0 屬性： 可退可加 拒退年級： 不設定,領域： 學群：,否,
507,D630132166,,社會一,女性主義社會學 Feminist Sociology,3.00,選,學期,白爾雅 專長： 性別研究、性別社會學、女性主義社會學、親密關係、伴侶研究,中文,全,二(Tue),D2-D4,BS112,,,,,,,,,否,,最低年級： 一年級 最高年級： 四年級 分發優先順序： 1開課單位學生優先,開放： 60 外系： 0 屬性： 可退可加 拒退年級： 不設定,領域： 學群：,否,
508,D630135006,,社會一,發展研究之過去與現在 Past and Present of Development Studies,3.00,選,學期,謝宏仁 專長： 資訊產業研究、發展研究、智慧財產財、全球不平等、世界經濟體系理論,中文,全,一(Mon),D5-D7,BS112,,,,,,,,,否,不開放人工加簽,最低年級： 一年級 最高年級： 四年級 分發優先順序： 1開課單位學生優先,開放： 81 外系： 35 屬性： 可退可加 拒退年級： 不設定,領域： 學群：,否,
509,D630201790,,社會二,政治社會學 Political Sociology,3.00,選,學期,林文正 專長： 經驗研究方法、比較政治與民主化、性別政治、民粹政治、政治社會學,中文,全,五(Fri),DN-D6,BS112,,,,,,,,,否,,最低年級： 二年級 最高年級： 四年級 分發優先順序： 1開課單位學生優先,開放： 60 外系： 0 屬性： 可退可加 拒退年級： 不設定,領域： 學群：,否,
510,D630202168,,社會二,教育社會學 Educational Sociology,2.00,選,學期,張明宜 專長： 社會網絡、量化方法、教育社會學、青少年研究,中文,全,三(Wed),D3-D4,ES507,,,,,,,,,否,,最低年級： 二年級 最高年級： 四年級 分發優先順序： 1開課單位學生優先,開放： 60 外系： 0 屬性： 可退可加 拒退年級： 不設定,領域： 學群：,否,
511,D630202457,,社會二,經濟學 Economics,2.00,選,學年,林克釗 專長： 財政學、公共經濟學,中文,全,一(Mon),D5-D6,LM106,,,,,,,,,否,,最低年級： 二年級 最高年級： 四年級 分發優先順序： 1開課單位學生優先,開放： 60 外系： 0 屬性： 可退可加 拒退年級： 不設定,領域： 學群：,否,
512,D630217579,,社會二,"符號、意義與社會 Symbol, Meaning, and Society",3.00,選,學期,魯貴顯 專長： 社會學理論、系統理論、風險社會學、建構理論,中文,全,三(Wed),D2-D4,LM106,,,,,,,,,否,,最低年級： 二年級 最高年級： 四年級 分發優先順序： 1開課單位學生優先,開放： 30 外系： 0 屬性： 可退可加 拒退年級： 不設定,領域： 學群：,否,
513,D630222275,,社會二,媒介與溝通 Media and Communication,3.00,選,學期,魯貴顯 專長： 社會學理論、系統理論、風險社會學、建構理論,中文,全,五(Fri),D2-D4,ES105,,,,,,,,,否,,最低年級： 二年級 最高年級： 四年級 分發優先順序： 1開課單位學生優先,開放： 60 外系： 0 屬性： 可退可加 拒退年級： 不設定,領域： 學群：,否,
514,D630235691,,社會二,社會科學專業簡報表達力 Effective Presentation Skills for Social Sciences Professionals 網,2.00,選,學期,張慶玉 專長： 情緒社會學,中文,全,四(Thu),D5-D6,LM106,,,,,,,,,否,,最低年級： 二年級 最高年級： 四年級 分發優先順序： 1開課單位學生優先,開放： 40 外系： 0 屬性： 可退可加 拒退年級： 不設定,領域： 學群：,否,
515,D630235962,,社會二,半導體地緣政治學與「傳統」國際關係理論 Geopolitics of Semiconductor and “Traditional” International Relation Theories,3.00,選,學期,謝宏仁 專長： 資訊產業研究、發展研究、智慧財產財、全球不平等、世界經濟體系理論,中文,全,三(Wed),D2-D4,ES105,,,,,,,,,否,不開放人工加簽,最低年級： 一年級 最高年級： 四年級 分發優先順序： 1開課單位學生優先,開放： 77 外系： 35 屬性： 可退可加 拒退年級： 不設定,領域： 學群：,否,
516,D630237426,,社會二,性別政治 Gender Politics,3.00,選,學期,盧孟宗 專長： 審議民主與公共參與；性別政治,中文,全,五(Fri),D2-D4,LM106,,,,,,,,,否,,最低年級： 二年級 最高年級： 四年級 分發優先順序： 1開課單位學生優先,開放： 60 外系： 0 屬性： 可退可加 拒退年級： 不設定,領域： 學群：,否,
517,D630301199,,社會三,文化人類學 Cultural Anthropology,3.00,選,學期,戴伯芬 專長： 都市研究、性別研究、文化人類學、教育社會學、勞動社會學,中文,全,一(Mon),D5-D7,ES507,,,,,,,,,否,,最低年級： 三年級 最高年級： 四年級 分發優先順序： 1開課單位學生優先,開放： 60 外系： 0 屬性： 可退可加 拒退年級： 不設定,領域： 學群：,否,
518,D630301200,,社會三,文化社會學 The Sociology of Culture,3.00,選,學期,石易平 專長： 家庭社會學、文化社會學、兒童與青少年研究、全球化,中文,全,二(Tue),D2-D4,ES507,,,,,,,,,否,,最低年級： 三年級 最高年級： 四年級 分發優先順序： 1開課單位學生優先,開放： 60 外系： 0 屬性： 可退可加 拒退年級： 不設定,領域： 學群：,否,
519,D630321843,,社會三,情緒社會學 Sociology of Emotion,3.00,選,學期,張慶玉 專長： 情緒社會學,中文,全,四(Thu),D2-D4,LM106,,,,,,,,,否,,最低年級： 三年級 最高年級： 四年級 分發優先順序： 1開課單位學生優先,開放： 60 外系： 0 屬性： 可退可加 拒退年級： 不設定,領域： 學群：,否,
520,D630322270,,社會三,藝術社會學 Sociology of Arts,3.00,選,學期,石易平 專長： 家庭社會學、文化社會學、兒童與青少年研究、全球化,中文,全,二(Tue),D5-D7,ES507,,,,,,,,,否,,最低年級： 三年級 最高年級： 四年級 分發優先順序： 1開課單位學生優先,開放： 60 外系： 0 屬性： 可退可加 拒退年級： 不設定,領域： 學群：,否,
521,D630331270,,社會三,"科技與社會 Science, Technology and Society",3.00,選,學期,劉清耿 專長： 科技、產業與社會,中文,全,五(Fri),D2-D4,BS112,,,,,,,,,否,,最低年級： 三年級 最高年級： 四年級 分發優先順序： 1開課單位學生優先,開放： 60 外系： 0 屬性： 可退可加 拒退年級： 不設定,領域： 學群：,否,
522,D630333941,,社會三,質性研究-紮根理論 Qualitative research method-Grounded Theory,2.00,選,學期,吳宗昇 專長： 經濟社會學、金融社會學、社會企業、社會經濟理論,中文,全,三(Wed),D3-D4,BS212,,,,,,,,,否,,最低年級： 三年級 最高年級： 四年級 分發優先順序： 1開課單位學生優先,開放： 25 外系： 0 屬性： 可退可加 拒退年級： 不設定,領域： 學群：,否,
523,D630337823,,社會三,身體社會學 Sociology of Body,3.00,選,學期,徐蓓婕 專長： 醫療社會學、科技與社會研究、性別與家庭、東亞比較研究,中文,全,四(Thu),D5-D7,ES507,,,,,,,,,否,,最低年級： 三年級 最高年級： 四年級 分發優先順序： 1開課單位學生優先,開放： 60 外系： 0 屬性： 可退可加 拒退年級： 不設定,領域： 學群：,否,
524,D630337824,,社會三,環境社會學： 成長與永續的辯證 Environmental Sociology: Debates on Growth and Sustainability,3.00,選,學期,黃俊豪 專長： 環境社會學、能源轉型研究及抗爭政治,中文,全,四(Thu),D2-D4,ES105,,,,,,,,,否,,最低年級： 三年級 最高年級： 四年級 分發優先順序： 1開課單位學生優先,開放： 60 外系： 0 屬性： 可退可加 拒退年級： 不設定,領域： 學群：,否,
525,D640207965,,社工二,家庭社會工作 Family Social Work,2.00,選,學期,莊文芳 專長： 兒童福利、保護性社會工作、直接服務技巧、社會工作督導,中文,全,三(Wed),D3-D4,BS303,,,,,,,,,否,,最低年級： 二年級 最高年級： 四年級 分發優先順序： 1開課單位學生優先,開放： 90 外系： 0 屬性： 可退可加 拒退年級： 不設定,領域： 學群：,否,
526,D640209712,,社工二,身心障礙者福利服務 Social Work with Disabled People,3.00,選,學期,謝東儒 專長： 身心障礙者福利服務,中文,全,四(Thu),D5-D7,BS111,,,,,,,,,否,,最低年級： 二年級 最高年級： 四年級 分發優先順序： 1開課單位學生優先,開放： 81 外系： 0 屬性： 可退可加 拒退年級： 不設定,領域： 學群：,否,
527,D640218736,,社工二,災難管理與社會工作 Disaster management and social work,2.00,選,學期,林珍珍 專長： 社會政策分析、長期照顧、災難治理、藝術治療,中文,全,一(Mon),D7-D8,LW405,,,,,,,,,否,,最低年級： 二年級 最高年級： 四年級 分發優先順序： 1開課單位學生優先,開放： 15 外系： 0 屬性： 可退可加 拒退年級： 不設定,領域： 學群：,否,
528,D640222431,,社工二,原住民族社會工作 Social Work for Indigenous People,3.00,選,學期,莊文芳 專長： 兒童福利、保護性社會工作、直接服務技巧、社會工作督導,中文,全,二(Tue),D5-D7,BS111,,,,,,,,,否,,最低年級： 二年級 最高年級： 四年級 分發優先順序： 1開課單位學生優先,開放： 81 外系： 0 屬性： 可退可加 拒退年級： 不設定,領域： 學群：,否,
529,D640235958,,社工二,少年司法與社會工作 Youth justice and social work,3.00,選,學期,"劉燕萍 專長： 正向少年發展,少年就業與社會心理發展,同儕影響與友誼網絡",中文,全,四(Thu),D2-D4,ES108,,,,,,,,,否,,最低年級： 二年級 最高年級： 四年級 分發優先順序： 1開課單位學生優先,開放： 77 外系： 0 屬性： 可退可加 拒退年級： 不設定,領域： 學群：,否,
530,D640308799,,社工三,個案管理 Case Management,2.00,選,學期,王潔媛 專長： 老人福利服務、老人社會工作、社區照顧、長期照顧,中文,全,一(Mon),D3-D4,ES108,,,,,,,,,否,,最低年級： 三年級 最高年級： 四年級 分發優先順序： 1開課單位學生優先,開放： 77 外系： 0 屬性： 可退可加 拒退年級： 不設定,領域： 學群：,否,
531,D640320260,,社工三,家庭暴力 Family Violence,2.00,選,學期,鍾佩怡 專長： 性侵害與性別暴力、司法社會工作、家庭社會工作、社工人身安全、社工督導,中文,全,三(Wed),D3-D4,BS111,,,,,,,,,否,,最低年級： 三年級 最高年級： 四年級 分發優先順序： 1開課單位學生優先,開放： 81 外系： 0 屬性： 可退可加 拒退年級： 不設定,領域： 學群：,否,
532,D640331184,,社工三,酒癮與藥癮防治 The Prevention of  Substance Abuse,2.00,選,學期,陳怡青 專長： 藥酒癮防治、精神病理社會工作、家庭暴力防治工作、團體治療,中文,全,二(Tue),D5-D6,BS303,,,,,,,,,否,,最低年級： 三年級 最高年級： 四年級 分發優先順序： 1開課單位學生優先,開放： 90 外系： 0 屬性： 可退可加 拒退年級： 不設定,領域： 學群：,否,
533,D640400002,,社工四,英文 English,2.00,選,學期,陳寶蓮 專長： 英語會話,中英文,全,一(Mon),D5-D6,ES108,,,,,,,,,否,,最低年級： 四年級 最高年級： 四年級 分發優先順序： 1開課單位學生優先,開放： 77 外系： 0 屬性： 可退可加 拒退年級： 不設定,領域： 學群：,否,
534,D640401476,,社工四,行政法 Administrative Law,2.00,選,學期,"何吉森 專長： 傳播公共政策與規範, 網路治理",中文,全,二(Tue),D5-D6,ES108,,,,,,,,,否,,最低年級： 四年級 最高年級： 四年級 分發優先順序： 1開課單位學生優先,開放： 77 外系： 0 屬性： 可退可加 拒退年級： 不設定,領域： 學群：,否,
535,D640401941,,社工四,家族治療 Family Therapy,2.00,選,學期,莊文芳 專長： 兒童福利、保護性社會工作、直接服務技巧、社會工作督導,中文,全,一(Mon),D3-D4,BS206,,,,,,,,,否,,最低年級： 四年級 最高年級： 四年級 分發優先順序： 1開課單位學生優先,開放： 45 外系： 0 屬性： 可退可加 拒退年級： 不設定,領域： 學群：,否,
536,D640410939,,社工四,社會工作實務理論 Social Work Practice Theory,2.00,選,學期,"劉燕萍 專長： 正向少年發展,少年就業與社會心理發展,同儕影響與友誼網絡",中文,全,四(Thu),D5-D6,ES108,,,,,,,,,否,,最低年級： 四年級 最高年級： 四年級 分發優先順序： 1開課單位學生優先,開放： 77 外系： 0 屬性： 可退可加 拒退年級： 不設定,領域： 學群：,否,
537,D640436683,,社工四,延伸實習二 extended internship II 實,1.00,選,學期,王潔媛 專長： 老人福利服務、老人社會工作、社區照顧、長期照顧,中文,,,-,不需要教室,,,,,,,,,否,,最低年級： 四年級 最高年級： 四年級 分發優先順序： 1開課單位學生優先,開放： 70 外系： 0 屬性： 可退可加 拒退年級： 不設定,領域： 學群：,否,
538,D650100012,,經濟一,大一英文會話 Freshman English Conversation,2.00,選,學年,陳寶蓮 專長： 英語會話,中英文,全,五(Fri),D5-D6,BS113,,,,,,,,,否,,最低年級： 一年級 最高年級： 四年級 分發優先順序： 1開課單位學生優先,開放： 75 外系： 0 屬性： 可退可加 拒退年級： 不設定,領域： 學群：,否,
539,D650136600,,經濟一,資料科學與經濟分析入門 Introduction to Data Science and Economic Analysis 程,3.00,選,學期,朱建達 專長： 實證產業組織、應用個體經濟學、計量經濟學,中文,全,五(Fri),D2-D4,ES606,,,,,,,,,否,,最低年級： 一年級 最高年級： 四年級 分發優先順序： 1開課單位學生優先,開放： 80 外系： 0 屬性： 可退可加 拒退年級： 不設定,領域： 學群：,否,
540,D650201343,,經濟二,民法概要 Introduction to Civil Law,2.00,選,學年,黃志堅 專長： 民事財產法、不動產交易法規、基礎法學,中文,全,一(Mon),D5-D6,ES317,,,,,,,,,否,,最低年級： 二年級 最高年級： 四年級 分發優先順序： 1開課單位學生優先,開放： 102 外系： 0 屬性： 可退可加 拒退年級： 不設定,領域： 學群：,否,
541,D650201579,,經濟二,投資學 Investments,3.00,選,學期,邱翊展 專長： 機器學習、人工智慧、投資學、投資管理,中文,全,四(Thu),D2-D4,LE2A,,,,,,,,,否,,最低年級： 二年級 最高年級： 四年級 分發優先順序： 1開課單位學生優先,開放： 130 外系： 0 屬性： 可退可加 拒退年級： 不設定,領域： 學群：,否,
542,D650209303,,經濟二,成本與管理會計學 Cost and Management Accounting,3.00,選,學年,林瑞青 專長： 財務會計、管理會計、風險管理、非營利事業會計、審計,中文,全,三(Wed),D2-D4,LM501,,,,,,,,,否,,最低年級： 二年級 最高年級： 四年級 分發優先順序： 1開課單位學生優先,開放： 100 外系： 0 屬性： 可退可加 拒退年級： 不設定,領域： 學群：,否,
543,D650301924,,經濟三,套裝軟體 Computer Packages 程,2.00,選,學年,曹維光 專長： 計量經濟學、計量統計軟體,中文,全,三(Wed),D7-D8,ES401,,,,,,,,,否,,最低年級： 三年級 最高年級： 四年級 分發優先順序： 1開課單位學生優先,開放： 90 外系： 5 屬性： 可退可加 拒退年級： 不設定,領域： 學群：,否,
544,D650301981,,經濟三,財政學 Public Finance,3.00,選,學年,林雪瑜 專長： 財政政策之總體效果、DSGE模型、最適財政與貨幣政策,中文,全,五(Fri),D2-D4,LM501,,,,,,,,,否,,最低年級： 三年級 最高年級： 四年級 分發優先順序： 1開課單位學生優先,開放： 100 外系： 0 屬性： 可退可加 拒退年級： 不設定,領域： 學群：,否,
545,D650301982,,經濟三,財務報表分析 Financial Statement Analysis,2.00,選,學期,林志彥 專長： 公司理財、投資學,中文,全,二(Tue),D5-D6,LM501,,,,,,,,,否,,最低年級： 三年級 最高年級： 四年級 分發優先順序： 1開課單位學生優先,開放： 110 外系： 20 屬性： 可退可加 拒退年級： 不設定,領域： 學群：,否,
546,D650302056,,經濟三,商事法 Commercial Law,2.00,選,學年,劉建宏 專長： 原住民法規、勞動法、民法,中文,全,一(Mon),D5-D6,ES606,,,,,,,,,否,,最低年級： 三年級 最高年級： 四年級 分發優先順序： 1開課單位學生優先,開放： 75 外系： 5 屬性： 可退可加 拒退年級： 不設定,領域： 學群：,否,
547,D650302744,,經濟三,數理經濟學 Mathematical Economics,2.00,選,學年,彭正浩 專長： 產業經濟學、國際貿易理論與政策、個體經濟學,中文,全,三(Wed),D3-D4,LM107,,,,,,,,,否,,最低年級： 三年級 最高年級： 四年級 分發優先順序： 1開課單位學生優先,開放： 60 外系： 0 屬性： 可退可加 拒退年級： 不設定,領域： 學群：,否,
548,D650331500,,經濟三,計量經濟學(二) Econometrics(II) 程,3.00,選,學期,朱建達 專長： 實證產業組織、應用個體經濟學、計量經濟學,中文,全,二(Tue),D2-D4,LM501,,,,,,,,,否,,最低年級： 三年級 最高年級： 四年級 分發優先順序： 1開課單位學生優先,開放： 75 外系： 10 屬性： 可退可加 拒退年級： 不設定,領域： 學群：,否,
549,D650337555,,經濟三,人工智慧應用 Application of Artificial Intelligence,3.00,選,學期,邱翊展 專長： 機器學習、人工智慧、投資學、投資管理,中文,全,四(Thu),D5-D7,ES607,,,,,,,,,否,,最低年級： 三年級 最高年級： 四年級 分發優先順序： 1開課單位學生優先,開放： 75 外系： 0 屬性： 可退可加 拒退年級： 不設定,領域： 學群：,否,
550,D650337557,,經濟三,初階資產管理實務(二) Introductory Asset Management Practices（二） 網,3.00,選,學期,陳韋達 專長： 金融機構管理,中文,全,二(Tue),D7-E0,ES801,,,,,,,,,否,,最低年級： 三年級 最高年級： 四年級 分發優先順序： 1開課單位學生優先,開放： 75 外系： 0 屬性： 可退可加 拒退年級： 不設定,領域： 學群：,否,
551,D650403656,,經濟四,產業經濟學（二） Industrial Economics (II),2.00,選,學期,彭正浩 專長： 產業經濟學、國際貿易理論與政策、個體經濟學,中文,全,二(Tue),D5-D6,LM107,,,,,,,,,否,,最低年級： 三年級 最高年級： 四年級 分發優先順序： 1開課單位學生優先,開放： 65 外系： 0 屬性： 可退可加 拒退年級： 不設定,領域： 學群：,否,
552,D650414787,,經濟四,外匯市場與衍生性商品 Foreign Exchange Market and Derivatives,2.00,選,學期,李紀綱 專長： 外匯市場與衍生性商品,中英文,全,五(Fri),D3-D4,BS113,,,,,,,,,否,,最低年級： 二年級 最高年級： 四年級 分發優先順序： 1開課單位學生優先,開放： 40 外系： 0 屬性： 可退可加 拒退年級： 不設定,領域： 學群：,否,
553,D650416228,,經濟四,進修英文 Advanced English,2.00,選,學期,陳寶蓮 專長： 英語會話,中英文,全,二(Tue),D7-D8,BS113,,,,,,,,,否,英檢未過之補修班,最低年級： 三年級 最高年級： 四年級 分發優先順序： 1開課單位學生優先,開放： 75 外系： 0 屬性： 可退可加 拒退年級： 不設定,領域： 學群：,否,
554,D660100012,,法律一,大一英文會話 Freshman English Conversation,1.00,選,學年,陳寶蓮 專長： 英語會話,中英文,全,一(Mon),D1-D2,ES604,,,,,,,,,否,,最低年級： 一年級 最高年級： 四年級 分發優先順序： 1開課單位學生優先,開放： 40 外系： 10 屬性： 可退可加 拒退年級： 不設定,領域： 學群：,否,
555,D660101225,,法律一,日文 Japanese,2.00,選,學年,陳明楷 專長： 家族法、債法,中日文,全,四(Thu),D7-D8,LW214,,,,,,,,,否,,最低年級： 一年級 最高年級： 四年級 分發優先順序： 1開課單位學生優先,開放： 60 外系： 0 屬性： 可退可加 拒退年級： 不設定,領域： 學群：,否,
556,D660101686,,法律一,法學方法論 Legal Methodology,2.00,選,學期,蘇柏榮 專長： 基礎法學、哈伯瑪斯,中文,全,三(Wed),D7-D8,ES604,,,,,,,,,否,,最低年級： 一年級 最高年級： 四年級 分發優先順序： 1開課單位學生優先,開放： 80 外系： 10 屬性： 可退可加 拒退年級： 不設定,領域： 學群：,否,
557,D660101832,,法律一,英美法導論 Introduction to Anglo-American Law 英-專業,2.00,選,學期,邱彥琳 專長： 歐洲聯盟法、歐洲公司與金融法、歐美法、國際比較法,全英文,全,三(Wed),D7-D8,LW214,,,,,,,,,否,,最低年級： 一年級 最高年級： 四年級 分發優先順序： 1開課單位學生優先,開放： 35 外系： 0 屬性： 可退可加 拒退年級： 不設定,領域： 學群：,否,
558,D660102710,,法律一,德文 German,2.00,選,學年,蘇柏榮 專長： 基礎法學、哈伯瑪斯,中德文,全,四(Thu),D7-D8,LW212,,,,,,,,,否,,最低年級： 一年級 最高年級： 四年級 分發優先順序： 1開課單位學生優先,開放： 40 外系： 0 屬性： 可退可加 拒退年級： 不設定,領域： 學群：,否,
559,D660137166,,法律一,國民法官法 Citizen Judges Act,2.00,選,學期,范揚弦 專長： 人權、法理學、法社會學、立法學、,中文,全,二(Tue),D3-D4,ES217,,,,,,,,,否,,最低年級： 一年級 最高年級： 四年級 分發優先順序： 1開課單位學生優先,開放： 80 外系： 10 屬性： 可退可加 拒退年級： 不設定,領域： 學群：,否,
560,D660211849,,法律二,西洋法制史 Western Legal History,2.00,選,學年,吳豪人 專長： 西洋法律史、台灣法律史、法社會學、人權思想、原住民法與殖民主義,中文,全,一(Mon),D7-D8,ES604,,,,,,,,,否,,最低年級： 二年級 最高年級： 四年級 分發優先順序： 1開課單位學生優先,開放： 80 外系： 10 屬性： 可退可加 拒退年級： 不設定,領域： 學群：,否,
561,D660221447,,法律二,原住民與人權 Indigenous peoples and human rights,2.00,選,學期,林慈偉 專長： 刑事法、人權法、法與社會研究,中文,全,四(Thu),D7-D8,ES217,,,,,,,,,否,,最低年級： 二年級 最高年級： 四年級 分發優先順序： 1開課單位學生優先,開放： 90 外系： 15 屬性： 可退可加 拒退年級： 不設定,領域： 學群：,否,
562,D660234675,,法律二,地方制度法 Local Government Law,2.00,選,學期,林依仁 專長： 憲法、行政法總論、行政法各論（經濟、文化、能源、地方等）,中文,全,三(Wed),D7-D8,LW121,,,,,,,,,否,,最低年級： 二年級 最高年級： 四年級 分發優先順序： 1開課單位學生優先,開放： 70 外系： 5 屬性： 可退可加 拒退年級： 不設定,領域： 學群：,否,
563,D660235505,,法律二,東亞法律思想史導論 An Introduction to the History of Eastern-Asian Legal Thoughts,2.00,選,學期,范揚弦 專長： 人權、法理學、法社會學、立法學、,中文,全,二(Tue),D7-D8,ES217,,,,,,,,,否,,最低年級： 二年級 最高年級： 四年級 分發優先順序： 1開課單位學生優先,開放： 80 外系： 10 屬性： 可退可加 拒退年級： 不設定,領域： 學群：,否,
564,D660300039,,法律三,專利法 Patent Laws,2.00,選,學期,"陳蕙君 專長： 智慧財產權法,智慧財產權管理,財產法",中文,全,五(Fri),D3-D4,ES617,,,,,,,,,否,,最低年級： 二年級 最高年級： 四年級 分發優先順序： 1開課單位學生優先,開放： 95 外系： 0 屬性： 可退可加 拒退年級： 不設定,領域： 學群：,否,
565,D660303619,,法律三,國家賠償法 National Compensation Law,2.00,選,學期,葉百修 專長： 損失補償法,中文,全,五(Fri),D3-D4,LM104,,,,,,,,,否,須先修習「行政法」,最低年級： 二年級 最高年級： 四年級 分發優先順序： 1開課單位學生優先,開放： 50 外系： 0 屬性： 可退可加 拒退年級： 不設定,領域： 學群：,否,
566,D660320535,G665020535,法律三,醫事法律理論與實務(二) Theory and Practice of Medical Law (II),2.00,選,學期,陳榮隆 專長： 民法、信託法、公平交易法、金融資產證券化條例,中文,全,二(Tue),E1-E2,LW201,,,,,,,,,否,延修生需依規定繳交碩專班學分費，請延修生自行斟酌是否選課。法律系、財法系限大三、大四以上選課。,最低年級： 三年級 最高年級： 四年級 分發優先順序： 2開課系所高年級學生優先,開放： 5 外系： 5 屬性： 可退可加 拒退年級： 不設定,領域： 學群：,否,
567,D660330466,,法律三,精神醫學與刑事法學專論 Discourse on the Interplay and Integration of Psychiatry and CriminalJustice,2.00,選,學期,吳文正 專長： 醫療政策與法律,中文,全,五(Fri),D7-D8,LM502,,,,,,,,,否,,最低年級： 二年級 最高年級： 四年級 分發優先順序： 1開課單位學生優先,開放： 80 外系： 10 屬性： 可退可加 拒退年級： 不設定,領域： 學群：,否,
568,D660330746,,法律三,環境法 ENVIRONMENTAL LAW,2.00,選,學期,林家暘 專長： 憲法、行政法、通訊傳播法,中文,全,五(Fri),D5-D6,LW212,,,,,,,,,否,,最低年級： 二年級 最高年級： 四年級 分發優先順序： 1開課單位學生優先,開放： 70 外系： 10 屬性： 可退可加 拒退年級： 不設定,領域： 學群：,否,
569,D660332670,,法律三,公務員法 The law of Public Functionaries,2.00,選,學期,林依仁 專長： 憲法、行政法總論、行政法各論（經濟、文化、能源、地方等）,中文,全,三(Wed),D1-D2,LW214,,,,,,,,,否,,最低年級： 二年級 最高年級： 四年級 分發優先順序： 1開課單位學生優先,開放： 70 外系： 5 屬性： 可退可加 拒退年級： 不設定,領域： 學群：,否,
570,D660335780,,法律三,科技與法律 Technology and Law,2.00,選,學期,蘇柏榮 專長： 基礎法學、哈伯瑪斯,中文,全,四(Thu),D3-D4,LW212,,,,,,,,,否,,最低年級： 二年級 最高年級： 四年級 分發優先順序： 1開課單位學生優先,開放： 70 外系： 10 屬性： 可退可加 拒退年級： 不設定,領域： 學群：,否,
571,D660337165,,法律三,不動產消費爭議 Issues in Real Estate Consumer Dispute,2.00,選,學期,黃志堅 專長： 民事財產法、不動產交易法規、基礎法學,中文,全,三(Wed),D7-D8,ES708,,,,,,,,,否,,最低年級： 二年級 最高年級： 四年級 分發優先順序： 1開課單位學生優先,開放： 80 外系： 10 屬性： 可退可加 拒退年級： 不設定,領域： 學群：,否,
572,D660402163,,法律四,強制執行法 Compulsory Execution Law,2.00,選,學期,徐偉超 專長： 公法、行政法、強制執行法,中文,全,一(Mon),D7-D8,ES708,,,,,,,,,否,須先修習「民事訴訟法」,最低年級： 二年級 最高年級： 四年級 分發優先順序： 1開課單位學生優先,開放： 70 外系： 0 屬性： 可退可加 拒退年級： 不設定,領域： 學群：,否,
573,D660406206,,法律四,法院組織法 Organic Law of Courts,2.00,選,學期,鍾芳樺 專長： 法理學、法學方法論、法律倫理、法社會學、國家學、行政法,中文,全,三(Wed),D7-D8,LW212,,,,,,,,,否,,最低年級： 二年級 最高年級： 四年級 分發優先順序： 1開課單位學生優先,開放： 70 外系： 0 屬性： 可退可加 拒退年級： 不設定,領域： 學群：,否,
574,D660418965,,法律四,行政法案例研習 Case Study of Administrative Law,2.00,選,學期,林依仁 專長： 憲法、行政法總論、行政法各論（經濟、文化、能源、地方等）,中文,全,二(Tue),D1-D2,LW212,,,,,,,,,否,,最低年級： 二年級 最高年級： 四年級 分發優先順序： 1開課單位學生優先,開放： 50 外系： 0 屬性： 可退可加 拒退年級： 不設定,領域： 學群：,否,
575,D660420535,G665020535,法律四,醫事法律理論與實務(二) Theory and Practice of Medical Law (II),2.00,選,學期,陳榮隆 專長： 民法、信託法、公平交易法、金融資產證券化條例,中文,全,二(Tue),E1-E2,LW201,,,,,,,,,否,延修生需依規定繳交碩專班學分費，請延修生自行斟酌是否選課。法律系、財法系限大三、大四以上選課。,最低年級： 三年級 最高年級： 四年級 分發優先順序： 2開課系所高年級學生優先,開放： 5 外系： 5 屬性： 可退可加 拒退年級： 不設定,領域： 學群：,否,
576,D660421449,,法律四,家事事件法 Family Procedure Law,2.00,選,學期,林玠鋒 專長： 民事訴訟法,中文,全,五(Fri),D3-D4,LM502,,,,,,,,,否,須先修習「民事訴訟法」,最低年級： 二年級 最高年級： 四年級 分發優先順序： 1開課單位學生優先,開放： 70 外系： 0 屬性： 可退可加 拒退年級： 不設定,領域： 學群：,否,
577,D660422359,G676022359,法律四,政府採購及公共工程爭議處理實務 Government Procurement & Public Construction Dispute Resolution,2.00,選,學期,蕭偉松 專長： 政府採購,中文,單,六(Sat),D5-D8,ES307,,,,,,,,,否,單週上課，學士班同學請選開課部別D，研究所同學請選開課部別G,最低年級： 四年級 最高年級： 七年級 分發優先順序： 2開課系所高年級學生優先,開放： 10 外系： 0 屬性： 可退可加 拒退年級： 不設定,領域： 學群：,否,
578,D660432086,,法律四,性別平等法 Gender Equality Law 網,2.00,選,學期,吳志光 專長： 憲法、行政法、國際人權法,中文,全,二(Tue),D5-D6,LW214,,,,,,,,,否,,最低年級： 二年級 最高年級： 四年級 分發優先順序： 1開課單位學生優先,開放： 77 外系： 10 屬性： 可退可加 拒退年級： 不設定,領域： 學群：,否,
579,D660434212,G666034212,法律四,法庭實務審判與法律書狀寫作(二) Trial Practice and Verdict Writing (II),2.00,選,學期,林佑珊 專長： 民事法律審判實務,中文,全,一(Mon),D7-D8,LM106,,,,,,,,,否,民法領域,最低年級： 四年級 最高年級： 四年級 分發優先順序： 2開課系所高年級學生優先,開放： 15 外系： 0 屬性： 可退可加 拒退年級： 不設定,領域： 學群：,否,
580,D660434674,,法律四,通訊傳播法 Communications Law,2.00,選,學期,"何吉森 專長： 傳播公共政策與規範, 網路治理",中文,全,三(Wed),D7-D8,ES108,,,,,,,,,否,,最低年級： 二年級 最高年級： 四年級 分發優先順序： 1開課單位學生優先,開放： 70 外系： 10 屬性： 可退可加 拒退年級： 不設定,領域： 學群：,否,
581,D660436105,G666036105,法律四,生命科技法律理論與實務 Theories and Practices of Life and Technology of Law,2.00,選,學期,吳志光 專長： 憲法、行政法、國際人權法,中文,全,三(Wed),E1-E2,LW201,,,,,,,,,否,,最低年級： 四年級 最高年級： 四年級 分發優先順序： 2開課系所高年級學生優先,開放： 20 外系： 5 屬性： 可退可加 拒退年級： 不設定,領域： 學群：,否,
582,D670201833,,財法二,英美侵權法 Anglo-American Tort Law 英-專業,2.00,選,學期,吳盈德 專長： 公司法、證券交易法、企業併購法、金融法,全英文,全,一(Mon),D3-D4,LW212,,,,,,,,,否,,最低年級： 二年級 最高年級： 四年級 分發優先順序： 2開課系所高年級學生優先,開放： 35 外系： 0 屬性： 可退可加 拒退年級： 不設定,領域： 學群：,否,
583,D670202249,,財法二,貨幣銀行學 Money and Banking,2.00,選,學期,林克釗 專長： 財政學、公共經濟學,中文,全,一(Mon),D3-D4,ES608,,,,,,,,,否,,最低年級： 二年級 最高年級： 四年級 分發優先順序： 1開課單位學生優先,開放： 75 外系： 25 屬性： 可退可加 拒退年級： 不設定,領域： 學群：,否,
584,D670210169,,財法二,國際投資法 International Investment Law,2.00,選,學期,"林映均 專長： 國際經貿法
國際投資法
國際貿易爭端解決
區域經濟整合與APEC",中文,全,一(Mon),D5-D6,ES604,,,,,,,,,否,,最低年級： 二年級 最高年級： 四年級 分發優先順序： 1開課單位學生優先,開放： 75 外系： 0 屬性： 可退可加 拒退年級： 不設定,領域： 學群：,否,
585,D670214769,,財法二,政府採購法 Government Procurement Law,2.00,選,學期,翁清坤 專長： 個人資料保護法、資訊隱私法,中文,全,四(Thu),D5-D6,ES617,,,,,,,,,否,,最低年級： 二年級 最高年級： 四年級 分發優先順序： 1開課單位學生優先,開放： 75 外系： 0 屬性： 可退可加 拒退年級： 不設定,領域： 學群：,否,
586,D670224595,,財法二,法學英文-美國憲法 Legal English - American Constitutional Law,1.00,選,學期,翁清坤 專長： 個人資料保護法、資訊隱私法,中文,全,五(Fri),D7-D7,LW212,,,,,,,,,否,,最低年級： 二年級 最高年級： 四年級 分發優先順序： 1開課單位學生優先,開放： 50 外系： 0 屬性： 可退可加 拒退年級： 不設定,領域： 學群：,否,
587,D670235779,,財法二,跨文化法律溝通 Cross-cultural Legal Communication 英-專業,2.00,選,學期,胡碧嬋 專長： 口筆譯教學、法律語言學、國際商務談判、應用語言學,全英文,全,一(Mon),D7-D8,LW212,,,,,,,,,否,,最低年級： 二年級 最高年級： 四年級 分發優先順序： 1開課單位學生優先,開放： 35 外系： 0 屬性： 可退可加 拒退年級： 不設定,領域： 學群：,否,
588,D670308580,,財法三,行政救濟法 The Administrative Relief Act,2.00,選,學期,黃源浩 專長： 稅法、國際稅法、財政法、憲法、行政法,中文,全,二(Tue),D5-D6,ES708,,,,,,,,,否,,最低年級： 三年級 最高年級： 四年級 分發優先順序： 2開課系所高年級學生優先,開放： 75 外系： 0 屬性： 可退可加 拒退年級： 不設定,領域： 學群：,否,
589,D670316742,,財法三,國際海洋法及海事組織 Law of the Sea and Maritime Organization,2.00,選,學期,黃裕凱 專長： 海商法、國際海事法、保險法及海上保險法、國際私法、英美法、法律倫理,中文,全,四(Thu),D3-D4,ES417,,,,,,,,,否,,最低年級： 二年級 最高年級： 四年級 分發優先順序： 1開課單位學生優先,開放： 75 外系： 0 屬性： 可退可加 拒退年級： 不設定,領域： 學群：,否,
590,D670319748,,財法三,民刑事案例演習(二) The Case Study of Civil and Criminal Law II,2.00,選,學期,王國耀 專長： 刑事法律實務,中文,全,一(Mon),D7-D8,LM104,,,,,,,,,否,須修過民法與刑法相關課程,最低年級： 二年級 最高年級： 四年級 分發優先順序： 1開課單位學生優先,開放： 55 外系： 0 屬性： 可退可加 拒退年級： 不設定,領域： 學群：,否,
591,D670320535,G665020535,財法三,醫事法律理論與實務(二) Theory and Practice of Medical Law (II),2.00,選,學期,陳榮隆 專長： 民法、信託法、公平交易法、金融資產證券化條例,中文,全,二(Tue),E1-E2,LW201,,,,,,,,,否,延修生需依規定繳交碩專班學分費，請延修生自行斟酌是否選課。法律系、財法系限大三、大四以上選課。,最低年級： 三年級 最高年級： 四年級 分發優先順序： 2開課系所高年級學生優先,開放： 5 外系： 5 屬性： 可退可加 拒退年級： 不設定,領域： 學群：,否,
592,D670323777,,財法三,財稅規劃實務(二) Financial and Tax Planning (II),2.00,選,學期,邱晨 專長： 稅捐法、行政法,中文,全,四(Thu),D5-D6,LW212,,,,,,,,,否,,最低年級： 二年級 最高年級： 四年級 分發優先順序： 1開課單位學生優先,開放： 50 外系： 5 屬性： 可退可加 拒退年級： 不設定,領域： 學群：,否,
593,D670324468,,財法三,刑事訴訟法(二) Law of Criminal Procedure(II),2.00,選,學期,許戎沂 專長： 刑事法、歐洲人權法,中文,全,三(Wed),D7-D8,ES608,,,,,,,,,否,須先修習「刑事訴訟法(一)」,最低年級： 三年級 最高年級： 四年級 分發優先順序： 1開課單位學生優先,開放： 95 外系： 0 屬性： 可退可加 拒退年級： 不設定,領域： 學群：,否,
594,D670420535,G665020535,財法四,醫事法律理論與實務(二) Theory and Practice of Medical Law (II),2.00,選,學期,陳榮隆 專長： 民法、信託法、公平交易法、金融資產證券化條例,中文,全,二(Tue),E1-E2,LW201,,,,,,,,,否,延修生需依規定繳交碩專班學分費，請延修生自行斟酌是否選課。法律系、財法系限大三、大四以上選課。,最低年級： 三年級 最高年級： 四年級 分發優先順序： 2開課系所高年級學生優先,開放： 5 外系： 0 屬性： 可退可加 拒退年級： 不設定,領域： 學群：,否,
595,D670431527,,財法四,法院實習(二) Legal Internship II 實,3.00,選,學期,何明瑜 專長： 國際公法、國際投資法、國際經濟法,中文,,,-,不需要教室,,,,,,,,,否,實習地點：新北地院(土城),最低年級： 三年級 最高年級： 四年級 分發優先順序： 1開課單位學生優先,開放： 35 外系： 0 屬性： 拒退拒加 拒退年級： 不設定,領域： 學群：,否,
596,D670434212,G666034212,財法四,法庭實務審判與法律書狀寫作(二) Trial Practice and Verdict Writing (II),2.00,選,學期,林佑珊 專長： 民事法律審判實務,中文,全,一(Mon),D7-D8,LM106,,,,,,,,,否,民法領域,最低年級： 四年級 最高年級： 四年級 分發優先順序： 2開課系所高年級學生優先,開放： 10 外系： 0 屬性： 可退可加 拒退年級： 不設定,領域： 學群：,否,
597,D670436105,G666036105,財法四,生命科技法律理論與實務 Theories and Practices of Life and Technology of Law,2.00,選,學期,吳志光 專長： 憲法、行政法、國際人權法,中文,全,三(Wed),E1-E2,LW201,,,,,,,,,否,,最低年級： 四年級 最高年級： 四年級 分發優先順序： 1開課單位學生優先,開放： 20 外系： 5 屬性： 可退可加 拒退年級： 不設定,領域： 學群：,否,
598,D670437180,,財法四,稅法問題研究 Research on Tax Law Issues,2.00,選,學期,邱晨 專長： 稅捐法、行政法,中文,全,一(Mon),D5-D6,LW121,,,,,,,,,否,,最低年級： 三年級 最高年級： 四年級 分發優先順序： 2開課系所高年級學生優先,開放： 75 外系： 0 屬性： 可退可加 拒退年級： 不設定,領域： 學群：,否,
599,D680101834,,學法一,英美契約法 Anglo-American Law of Contract,2.00,選,學期,邱彥琳 專長： 歐洲聯盟法、歐洲公司與金融法、歐美法、國際比較法,中英文,全,二(Tue),E1-E2,LW214,,,,,,,,,否,,最低年級： 一年級 最高年級： 四年級 分發優先順序： 1開課單位學生優先,開放： 77 外系： 10 屬性： 可退可加 拒退年級： 不設定,領域： 學群：,否,
600,D680118403,,學法一,法律史 Legal History,2.00,選,學期,范揚弦 專長： 人權、法理學、法社會學、立法學、,中文,全,二(Tue),E3-E4,LW214,,,,,,,,,否,,最低年級： 一年級 最高年級： 四年級 分發優先順序： 1開課單位學生優先,開放： 68 外系： 5 屬性： 可退可加 拒退年級： 不設定,領域： 學群：,否,
601,D680124457,,學法一,刑法總則(二) Criminal Law:General Principles(II),2.00,選,學期,林倍伸 專長： 刑事法,中文,全,三(Wed),E3-E4,LW214,,,,,,,,,否,限已修習「刑法總則(一)」,最低年級： 一年級 最高年級： 四年級 分發優先順序： 1開課單位學生優先,開放： 77 外系： 10 屬性： 可退可加 拒退年級： 不設定,領域： 學群：,否,
602,D680124459,,學法一,憲法(二) Constitutional Law(II),2.00,選,學期,姚孟昌 專長： 法理學、比較憲法、國際公法、憲法,中文,全,一(Mon),E1-E2,LW214,,,,,,,,,否,限已修習「憲法(一)」,最低年級： 一年級 最高年級： 四年級 分發優先順序： 1開課單位學生優先,開放： 77 外系： 10 屬性： 可退可加 拒退年級： 不設定,領域： 學群：,否,
603,D680215226,,學法二,勞動法 labor law,2.00,選,學期,蔡瑞麟 專長： 勞動法、勞資爭議,中文,全,二(Tue),E1-E2,LW121,,,,,,,,,否,,最低年級： 二年級 最高年級： 四年級 分發優先順序： 1開課單位學生優先,開放： 50 外系： 10 屬性： 可退可加 拒退年級： 不設定,領域： 學群：,否,
604,D680234659,,學法二,憲法訴訟 Litigations in the Constitutional Court,2.00,選,學期,林依仁 專長： 憲法、行政法總論、行政法各論（經濟、文化、能源、地方等）,中文,全,二(Tue),E3-E4,LW121,,,,,,,,,否,,最低年級： 二年級 最高年級： 四年級 分發優先順序： 1開課單位學生優先,開放： 77 外系： 10 屬性： 可退可加 拒退年級： 不設定,領域： 學群：,否,
605,D680301684,,學法三,法理學 Jurisprudence,2.00,選,學期,范揚弦 專長： 人權、法理學、法社會學、立法學、,中文,全,四(Thu),E3-E4,LW121,,,,,,,,,否,,最低年級： 二年級 最高年級： 四年級 分發優先順序： 1開課單位學生優先,開放： 44 外系： 10 屬性： 可退可加 拒退年級： 不設定,領域： 學群：,否,
606,D680301956,,學法三,海商法 Maritime Law,2.00,選,學期,"林映均 專長： 國際經貿法
國際投資法
國際貿易爭端解決
區域經濟整合與APEC",中文,全,三(Wed),E1-E2,LM107,,,,,,,,,否,,最低年級： 二年級 最高年級： 四年級 分發優先順序： 1開課單位學生優先,開放： 70 外系： 10 屬性： 可退可加 拒退年級： 不設定,領域： 學群：,否,
607,D680302088,,學法三,國際私法 International Private Law,2.00,選,學期,黃裕凱 專長： 海商法、國際海事法、保險法及海上保險法、國際私法、英美法、法律倫理,中文,全,三(Wed),E3-E4,LM107,,,,,,,,,否,,最低年級： 二年級 最高年級： 四年級 分發優先順序： 1開課單位學生優先,開放： 60 外系： 0 屬性： 可退可加 拒退年級： 不設定,領域： 學群：,否,
608,D680302215,,學法三,票據法 Law of Bills and Notes,2.00,選,學期,李旻諺 專長： 支付工具法、公司法、保險法、商事法,中文,全,二(Tue),E1-E2,LM108,,,,,,,,,否,,最低年級： 二年級 最高年級： 四年級 分發優先順序： 1開課單位學生優先,開放： 77 外系： 0 屬性： 可退可加 拒退年級： 不設定,領域： 學群：,否,
609,D680306210,,學法三,資訊法 Information Law,2.00,選,學期,翁清坤 專長： 個人資料保護法、資訊隱私法,中英文,全,四(Thu),E1-E2,LW121,,,,,,,,,否,,最低年級： 二年級 最高年級： 七年級 分發優先順序： 1開課單位學生優先,開放： 44 外系： 5 屬性： 可退可加 拒退年級： 不設定,領域： 學群：,否,
610,D680320535,G665020535,學法三,醫事法律理論與實務(二) Theory and Practice of Medical Law (II),2.00,選,學期,陳榮隆 專長： 民法、信託法、公平交易法、金融資產證券化條例,中文,全,二(Tue),E1-E2,LW201,,,,,,,,,否,延修生需依規定繳交碩專班學分費，請延修生自行斟酌是否選課。法律系、財法系限大三、大四以上選課。,最低年級： 三年級 最高年級： 四年級 分發優先順序： 2開課系所高年級學生優先,開放： 6 外系： 0 屬性： 可退可加 拒退年級： 不設定,領域： 學群：,否,
611,D680322359,G676022359,學法三,政府採購及公共工程爭議處理實務 Government Procurement & Public Construction Dispute Resolution,2.00,選,學期,蕭偉松 專長： 政府採購,中文,單,六(Sat),D5-D8,ES307,,,,,,,,,否,單週上課，學士班同學請選開課部別D，研究所同學請選開課部別G,最低年級： 三年級 最高年級： 七年級 分發優先順序： 2開課系所高年級學生優先,開放： 15 外系： 0 屬性： 可退可加 拒退年級： 不設定,領域： 學群：,否,
612,D680334212,G666034212,學法三,法庭實務審判與法律書狀寫作(二) Trial Practice and Verdict Writing (II),2.00,選,學期,林佑珊 專長： 民事法律審判實務,中文,全,一(Mon),D7-D8,LM106,,,,,,,,,否,民法領域,最低年級： 三年級 最高年級： 四年級 分發優先順序： 2開課系所高年級學生優先,開放： 8 外系： 0 屬性： 可退可加 拒退年級： 不設定,領域： 學群：,否,
613,D680336105,G666036105,學法三,生命科技法律理論與實務 Theories and Practices of Life and Technology of Law,2.00,選,學期,吳志光 專長： 憲法、行政法、國際人權法,中文,全,三(Wed),E1-E2,LW201,,,,,,,,,否,,最低年級： 三年級 最高年級： 四年級 分發優先順序： 1開課單位學生優先,開放： 30 外系： 5 屬性： 可退可加 拒退年級： 不設定,領域： 學群：,否,
614,D690207800,,服飾組二,立裁與設計(二) Draping II,3.00,選,學期,吳伯玲 專長： 服裝基礎構成,中文,全,五(Fri),D2-D4,TC303,,,,,,,,,否,須修過「立裁與設計一」才可選修此課程,最低年級： 二年級 最高年級： 四年級 分發優先順序： 1開課單位學生優先,開放： 30 外系： 0 屬性： 可退可加 拒退年級： 不設定,領域： 學群：,否,
615,D690232043,,服飾組二,時尚媒體編輯與設計實務 Fashion Media Editing and Design,3.00,選,學期,盧淑芬 專長： 時尚媒體、時尚潮流趨勢、時尚策展、時尚精品經營策略,中文,全,四(Thu),D2-D4,TC109,,,,,,,,,否,,最低年級： 二年級 最高年級： 四年級 分發優先順序： 1開課單位學生優先,開放： 45 外系： 0 屬性： 可退可加 拒退年級： 不設定,領域： 學群：,否,
616,D690232417,,服飾組二,人因工學與實務 Ergonomics and Human Factors Engineering,2.00,選,學期,黃盈嘉 專長： 設計實現技術與研究、創意思考、服裝2D與3D版型設計,中文,全,一(Mon),D3-D4,TC303,,,,,,,,,否,,最低年級： 二年級 最高年級： 四年級 分發優先順序： 1開課單位學生優先,開放： 30 外系： 15 屬性： 可退可加 拒退年級： 不設定,領域： 學群：,否,
617,D690233875,,服飾組二,永續設計 Sustainable design,2.00,選,學期,詹宗佑 專長： 服裝設計、整體造型、永續設計、品牌規劃、秀展執行,中文,全,一(Mon),D7-D8,TC107,,,,,,,,,否,,最低年級： 二年級 最高年級： 四年級 分發優先順序： 1開課單位學生優先,開放： 40 外系： 0 屬性： 可退可加 拒退年級： 不設定,領域： 學群：,否,
618,D690235753,,服飾組二,服飾畫二 Fashion Illustration II,1.00,選,學期,呂忠靜 專長： AI Fashion 服裝設計 服飾畫 機能服飾設計與打版,中文,全,一(Mon),D5-D6,TC507,,,,,,,,,否,,最低年級： 二年級 最高年級： 四年級 分發優先順序： 1開課單位學生優先,開放： 30 外系： 0 屬性： 可退可加 拒退年級： 不設定,領域： 學群：,否,
619,D690304011,,服飾組三,男裝設計 Men's Wear Design,2.00,選,學期,詹宗佑 專長： 服裝設計、整體造型、永續設計、品牌規劃、秀展執行,中文,全,四(Thu),D2-D4,TC307,,,,,,,,,否,,最低年級： 三年級 最高年級： 四年級 分發優先順序： 1開課單位學生優先,開放： 30 外系： 0 屬性： 可退可加 拒退年級： 不設定,領域： 學群：,否,
620,D690309768,,服飾組三,服裝設計(四) Fashion Design Studio(IV),2.00,選,學期,詹宗佑 專長： 服裝設計、整體造型、永續設計、品牌規劃、秀展執行,中文,全,四(Thu),D5-D7,TC303,,,,,,,,,否,,最低年級： 三年級 最高年級： 四年級 分發優先順序： 1開課單位學生優先,開放： 30 外系： 0 屬性： 可退可加 拒退年級： 不設定,領域： 學群：,否,
621,D690318711,,服飾組三,飾品製作與實習二 Accessory Design and Practice II,2.00,選,學期,王意婷 專長： 飾品設計與啟發,中文,全,三(Wed),D2-D4,TC509,,,,,,,,,否,須修過「飾品製作與實習一」才可修讀本課程,最低年級： 三年級 最高年級： 四年級 分發優先順序： 1開課單位學生優先,開放： 30 外系： 0 屬性： 可退可加 拒退年級： 不設定,領域： 學群：,否,
622,D690318712,,服飾組三,電腦打版 Computer-Aided Pattern Design,2.00,選,學期,許郁玟 專長： 電腦輔助設計,中文,全,四(Thu),D2-D4,TC508,,,,,,,,,否,,最低年級： 三年級 最高年級： 四年級 分發優先順序： 1開課單位學生優先,開放： 24 外系： 0 屬性： 可退可加 拒退年級： 不設定,領域： 學群：,否,
623,D690324708,,服飾組三,織品技藝學 Textile Technology,2.00,選,學期,高元龍 專長： 服裝設計、織品設計、毛衣設計、作品集設計及創意思考,中文,全,五(Fri),D5-D7,TC205,,,,,,,,,否,行銷三與服設三合班開課,最低年級： 三年級 最高年級： 四年級 分發優先順序： 1開課單位學生優先,開放： 40 外系： 0 屬性： 可退可加 拒退年級： 不設定,領域： 學群：,否,
624,D690334341,,服飾組三,善念設計專題實作 Beneficence Design,2.00,選,學期,李玉蓮 專長： 服裝設計、整合服裝設計、基礎設計、服裝構成、西洋服裝史、織品藝術,中文,全,二(Tue),D3-D4,TC303,,,,,,,,,否,,最低年級： 三年級 最高年級： 四年級 分發優先順序： 1開課單位學生優先,開放： 30 外系： 0 屬性： 可退可加 拒退年級： 不設定,領域： 學群：,否,
625,D690334914,,服飾組三,時尚攝影實務 Fashion photography,3.00,選,學期,羅柏麟 專長： 時尚攝影概論、商業攝影流程與實務、攝影採光與技術、平面影像後期修片實務,中文,全,一(Mon),D5-D7,TC505,,,,,,,,,否,織設組與服設組合班開課,最低年級： 三年級 最高年級： 四年級 分發優先順序： 1開課單位學生優先,開放： 25 外系： 0 屬性： 可退可加 拒退年級： 不設定,領域： 學群：,否,
626,D690336963,,服飾組三,藍染與服飾設計 Indigo Dyeing and Clothing Design,2.00,選,學期,王淑宜 專長： 長期投入社區營造與藍染工藝推動，可擔任藍染與服飾相關之課程,中文,全,三(Wed),D3-D4,TC409,,,,,,,,,否,,最低年級： 三年級 最高年級： 四年級 分發優先順序： 1開課單位學生優先,開放： 20 外系： 0 屬性： 可退可加 拒退年級： 不設定,領域： 學群：,否,
627,D690337666,,服飾組三,品牌與媒體專題 Brand and Media Project 英-專業,2.00,選,學期,陳華珠 專長： 西洋服裝、永續時尚、當代時尚與創意,全英文,全,四(Thu),D3-D4,TC507,,,,,,,,,否,,最低年級： 三年級 最高年級： 四年級 分發優先順序： 1開課單位學生優先,開放： 35 外系： 20 屬性： 可退可加 拒退年級： 不設定,領域： 學群：,否,
628,D690435763,,服飾組四,國際競賽展演 International Competition and Exhibition,2.00,選,學期,高元龍 專長： 服裝設計、織品設計、毛衣設計、作品集設計及創意思考,中文,全,一(Mon),D7-D8,TC407,,,,,,,,,否,,最低年級： 三年級 最高年級： 四年級 分發優先順序： 1開課單位學生優先,開放： 25 外系： 0 屬性： 可退可加 拒退年級： 不設定,領域： 學群：,否,
629,D690437910,,服飾組四,英語測驗策略與實作 Strategies and Practice for English Language Testing 英-語言,1.00,選,學期,"王麗蘭 專長： 博物館學, 文化人類學, 田野調查",全英文,雙,二(Tue),D7-D8,TC107,,,,,,,,,否,,最低年級： 三年級 最高年級： 四年級 分發優先順序： 2開課系所高年級學生優先,開放： 50 外系： 20 屬性： 可退可加 拒退年級： 不設定,領域： 學群：,否,
630,D710235575,,會計二,美國財務報導準則導讀 Introduction to US GAAP 英-專業,2.00,選,學期,林瑞青 專長： 財務會計、管理會計、風險管理、非營利事業會計、審計,全英文,全,一(Mon),D5-D6,LM303,,,,,,,,,否,全英專業課程,最低年級： 二年級 最高年級： 四年級 分發優先順序： 1開課單位學生優先,開放： 60 外系： 0 屬性： 可退可加 拒退年級： 不設定,領域： 學群：,否,
631,D710235576,,會計二,消費者洞察與數據智慧分析 Consumer Insight and Data Intellectual Analysis 英-專業 網,2.00,選,學期,扈瓊玲 專長： 展覽行銷英文,全英文,全,一(Mon),D8-E0,LM303,,,,,,,,,否,全英專業課程及遠距上課課程,最低年級： 二年級 最高年級： 四年級 分發優先順序： 1開課單位學生優先,開放： 80 外系： 5 屬性： 可退可加 拒退年級： 不設定,領域： 學群：,否,
632,D710306223,,會計三,政府會計與會審法規 Government Accounting & Auditing Laws,3.00,選,學期,莊枝鳳 專長： 政府會計與會審法規,中文,全,六(Sat),D2-D4,ES701,,,,,,,,,否,,最低年級： 三年級 最高年級： 四年級 分發優先順序： 1開課單位學生優先,開放： 70 外系： 0 屬性： 可退可加 拒退年級： 不設定,領域： 學群：,否,
633,D710322466,,會計三,稅務產業實習(二) Practicum in Taxation Bureau (ll) 實,2.00,選,學期,曾金龍 專長： 會計、稅務,中文,,,-,不需要教室,,,,,,,,,否,需修讀過本系「稅務法規」課程。寒假至國稅局或事務所實習,最低年級： 二年級 最高年級： 四年級 分發優先順序： 2開課系所高年級學生優先,開放： 50 外系： 20 屬性： 拒退拒加 拒退年級： 不設定,領域： 學群：,否,
634,D710408200,,會計四,證券暨金融法規 Security and Financial Market Regulations,3.00,選,學期,吳崇權 專長： 證券暨金融法規,中文,全,五(Fri),D2-D4,LM108,,,,,,,,,否,,最低年級： 二年級 最高年級： 四年級 分發優先順序： 2開課系所高年級學生優先,開放： 60 外系： 5 屬性： 可退可加 拒退年級： 不設定,領域： 學群：,否,
635,D710425125,,會計四,產業實作(一) Internship (I) 實,3.00,選,學期,林彥廷 專長： 財務會計、資本市場研究、無形資產、公司理財,中文,,,-,不需要教室,,,,,,,,,否,事務所或國稅局實習至少150個小時,最低年級： 二年級 最高年級： 四年級 分發優先順序： 2開課系所高年級學生優先,開放： 20 外系： 0 屬性： 拒退拒加 拒退年級： 不設定,領域： 學群：,否,
636,D710431761,,會計四,作業價值管理系統 Activity Value Management System,3.00,選,學期,郭翠菱 專長： 成本會計、管理決策會計、管理會計與控制、專題研究,中文,全,一(Mon),D7-E0,LE401,,,,,,,,,否,需修讀過成會,最低年級： 三年級 最高年級： 四年級 分發優先順序： 1開課單位學生優先,開放： 30 外系： 0 屬性： 可退可加 拒退年級： 不設定,領域： 學群：,否,
637,D710436618,,會計四,企業永續與ESG專題研討 Seminar on Enterprise Sustainability and ESG,3.00,選,學期,張巧穎 專長： 專題研究(一)(二)、企業永續與ESG專題研討、會計、審計及稅務,中文,全,五(Fri),D2-D4,LM203,,,,,,,,,否,,最低年級： 一年級 最高年級： 四年級 分發優先順序： 1開課單位學生優先,開放： 57 外系： 0 屬性： 可退可加 拒退年級： 不設定,領域： 學群：,否,
638,D711105630,,會計一甲,民法 Civil Law,3.00,選,學期,范揚弦 專長： 人權、法理學、法社會學、立法學、,中文,全,三(Wed),D7-E0,ES701,,,,,,,,,否,,最低年級： 一年級 最高年級： 四年級 分發優先順序： 2開課系所高年級學生優先,開放： 75 外系： 5 屬性： 可退可加 拒退年級： 不設定,領域： 學群：,否,
639,D711401982,,會計四甲,財務報表分析 Financial Statement Analysis,3.00,選,學期,"廖懿屏 專長： 財務會計,財報分析,國際會計準則",中文,全,四(Thu),DN-D6,LM407,,,,,,,,,否,需修讀過會計學。,最低年級： 四年級 最高年級： 四年級 分發優先順序： 2開課系所高年級學生優先,開放： 47 外系： 0 屬性： 可退可加 拒退年級： 不設定,領域： 學群：,否,
640,D712105630,,會計一乙,民法 Civil Law,3.00,選,學期,陳重見 專長： 民事財產法、公寓大廈管理條例、動產擔保交易法、國家安全法制、法學倫理,中文,全,四(Thu),D5-D7,LM303,,,,,,,,,否,,最低年級： 一年級 最高年級： 四年級 分發優先順序： 2開課系所高年級學生優先,開放： 70 外系： 10 屬性： 可退可加 拒退年級： 不設定,領域： 學群：,否,
641,D712402411,,會計四乙,會計資訊系統 Accounting Information System,3.00,選,學期,周坤約 專長： 公司間關係治理、資訊科技策略、資訊系統整合、電子商務、資訊安全,中文,全,四(Thu),D7-E0,LE4A,,,,,,,,,否,需先修讀過程式設計概論、成本與管理會計,最低年級： 四年級 最高年級： 四年級 分發優先順序： 2開課系所高年級學生優先,開放： 65 外系： 0 屬性： 可退可加 拒退年級： 不設定,領域： 學群：,否,
642,D740101483,,資管一,行銷管理 Marketing Management,2.00,選,學期,高義芳 專長： 消費者行為研究、產業分析與競爭策略、產業經濟與競爭策略、企業政策,中文,全,五(Fri),D3-D4,LM503,,,,,,,,,否,,最低年級： 一年級 最高年級： 四年級 分發優先順序： 1開課單位學生優先,開放： 100 外系： 20 屬性： 可退可加 拒退年級： 不設定,領域： 學群：,否,
643,D740104319,,資管一,資訊管理導論 Introduction to Information Management 英-專業,3.00,選,學期,黃智榮 專長： 資訊管理、追溯系统、在線反饋信息、社交媒體 、消費者行為,全英文,全,四(Thu),D5-D7,LM511,,,,,,,,,否,,最低年級： 一年級 最高年級： 四年級 分發優先順序： 1開課單位學生優先,開放： 55 外系： 5 屬性： 可退可加 拒退年級： 不設定,領域： 學群：,否,
644,D740136968,,資管一,資料處理程式設計 Data Processing Programming 英-專業 網 程,3.00,選,學期,林青峰 專長： 情感分析、機器學習、程式開發、專案管理,全英文,全,五(Fri),D2-D4,SF337,,,,,,,,,否,,最低年級： 一年級 最高年級： 四年級 分發優先順序： 1開課單位學生優先,開放： 70 外系： 0 屬性： 可退可加 拒退年級： 不設定,領域： 學群：,否,
645,D740209514,,資管二,電子商務 Electronic Commerce,3.00,選,學期,張銀益 專長： 資訊管理、電子商務、電腦網路、物流與供應鏈管理、網際網路應用,中文,全,一(Mon),D5-D7,LM503,,,,,,,,,否,,最低年級： 二年級 最高年級： 四年級 分發優先順序： 1開課單位學生優先,開放： 100 外系： 30 屬性： 可退可加 拒退年級： 不設定,領域： 學群：,否,
646,D740311799,,資管三,資訊系統專案管理 Information System Project Management,2.00,選,學期,林雅文 專長： 網路經濟、專案管理、空間資訊科學,中文,全,四(Thu),D3-D4,SF339,,,,,,,,,否,,最低年級： 三年級 最高年級： 四年級 分發優先順序： 2開課系所高年級學生優先,開放： 50 外系： 10 屬性： 可退可加 拒退年級： 不設定,領域： 學群：,否,
647,D740311885,,資管三,自然語言處理 Natural Language Processing 英-專業 程,3.00,選,學期,王冠云 專長： 教育科技、AI應用、人機互動、計算語言學、數位轉型、電腦視覺,全英文,全,五(Fri),D2-D4,BS440,,,,,,,,,否,,最低年級： 三年級 最高年級： 四年級 分發優先順序： 2開課系所高年級學生優先,開放： 70 外系： 5 屬性： 可退可加 拒退年級： 不設定,領域： 學群：,否,
648,D740319663,D0E0319663,資管三,組織領導與社會創新實務 Organizational Leadership and Social Innovation Practices,2.00,選,學期,李禮孟 專長： 非營利組織管理、社會企業、政治經濟,中文,全,一(Mon),D8-E0,LM302,,,,,,,,,否,學士班5系合開，與黃凱斌老師合開,最低年級： 二年級 最高年級： 四年級 分發優先順序： 2開課系所高年級學生優先,開放： 10 外系： 0 屬性： 可退可加 拒退年級： 不設定,領域： 學群：,否,
649,D740324498,,資管三,巨量資料概論 Introduction to Big Data,3.00,選,學期,林湘霖 專長： 決策科學、多變量分析、資料探勘、企業資源規劃、數位學習、區塊鏈應用,中文,全,一(Mon),D2-D4,ES401,,,,,,,,,否,,最低年級： 三年級 最高年級： 四年級 分發優先順序： 1開課單位學生優先,開放： 70 外系： 5 屬性： 可退可加 拒退年級： 不設定,領域： 學群：,否,
650,D740324500,,資管三,服務科學 Service Science,3.00,選,學期,董惟鳳 專長： 創新服務、設計思考、機器人應用,中文,全,三(Wed),D2-D4,LM311,,,,,,,,,否,,最低年級： 二年級 最高年級： 四年級 分發優先順序： 2開課系所高年級學生優先,開放： 28 外系： 3 屬性： 可退可加 拒退年級： 不設定,領域： 學群：,否,
651,D740334085,,資管三,C++程式設計 C++ Programming 程,3.00,選,學期,蔡明志 專長： 雲端運算、資料挖擷與統計分析、Webdatamining,中文,全,四(Thu),DN-D6,LE401,,,,,,,,,否,,最低年級： 二年級 最高年級： 四年級 分發優先順序： 1開課單位學生優先,開放： 30 外系： 5 屬性： 可退可加 拒退年級： 不設定,領域： 學群：,否,
652,D740335552,,資管三,空間資訊管理 Geo-Spatial Information Management 英-專業,3.00,選,學期,林雅文 專長： 網路經濟、專案管理、空間資訊科學,全英文,全,二(Tue),DN-D6,LE402,,,,,,,,,否,,最低年級： 二年級 最高年級： 四年級 分發優先順序： 1開課單位學生優先,開放： 50 外系： 10 屬性： 可退可加 拒退年級： 不設定,領域： 學群：,否,
653,D740413587,,資管四,網路管理 Network Management,3.00,選,學期,張銀益 專長： 資訊管理、電子商務、電腦網路、物流與供應鏈管理、網際網路應用,中文,全,二(Tue),D5-D7,LM411,,,,,,,,,否,,最低年級： 四年級 最高年級： 四年級 分發優先順序： 1開課單位學生優先,開放： 60 外系： 10 屬性： 可退可加 拒退年級： 不設定,領域： 學群：,否,
654,D740413859,,資管四,產業實習 Internship 實,4.00,選,學期,董惟鳳 專長： 創新服務、設計思考、機器人應用,中文,,,-,不需要教室,,,,,,,,,否,,最低年級： 四年級 最高年級： 四年級 分發優先順序： 2開課系所高年級學生優先,開放： 50 外系： 0 屬性： 拒退拒加 拒退年級： 不設定,領域： 學群：,否,
655,D740435553,,資管四,新媒體科技互動應用 Interactive Technology for New Media Application 英-專業,3.00,選,學期,鄭美娟 專長： 供應鏈管理、最佳化、數據分析、行銷管理、專案管理,全英文,全,五(Fri),D5-D7,BS440,,,,,,,,,否,,最低年級： 二年級 最高年級： 四年級 分發優先順序： 1開課單位學生優先,開放： 90 外系： 10 屬性： 可退可加 拒退年級： 不設定,領域： 學群：,否,
656,D760101846C,,統資一,英語會話 English Conversation 英-語言,2.00,選,學期,郭玉芬 專長： 英文,全英文,全,五(Fri),D7-D8,MD304,,,,,,,,,否,"與第一學期A、B組內容相同,勿重複修讀",最低年級： 一年級 最高年級： 五年級 分發優先順序： 2開課系所高年級學生優先,開放： 40 外系： 5 屬性： 可退可加 拒退年級： 不設定,領域： 學群：,否,
657,D760202249,,統資二,貨幣銀行學 Money and Banking,3.00,選,學期,陳耀東 專長： 經濟學與金融市場,中英文,全,五(Fri),D5-D7,LM409,,,,,,,,,否,,最低年級： 二年級 最高年級： 五年級 分發優先順序： 2開課系所高年級學生優先,開放： 60 外系： 0 屬性： 可退可加 拒退年級： 不設定,領域： 學群：,否,
658,D760301445,,統資三,多變量分析 Multivariate Statistical Analysis 英-專業,3.00,選,學期,蘇榮弘 專長： 統計實務應用、品質管理與管制、存貨管理、工業管理,全英文,全,五(Fri),D2-D4,MD303,,,,,,,,,否,,最低年級： 三年級 最高年級： 四年級 分發優先順序： 2開課系所高年級學生優先,開放： 80 外系： 0 屬性： 可退可加 拒退年級： 不設定,領域： 學群：,否,
659,D760301983,,統資三,財務管理 Financial Management,3.00,選,學期,韓南偉 專長： 財務工程 資產定價 公司理財,中英文,全,二(Tue),D5-D7,MD303,,,,,,,,,否,,最低年級： 三年級 最高年級： 五年級 分發優先順序： 2開課系所高年級學生優先,開放： 70 外系： 0 屬性： 可退可加 拒退年級： 不設定,領域： 學群：,否,
660,D760302303,,統資三,無母數統計 Nonparametric Statistics,3.00,選,學期,"王偉銘 專長： 統計諮詢, 資料庫應用研究, 多重比較程序",中英文,全,三(Wed),D2-D4,MD303,,,,,,,,,否,,最低年級： 三年級 最高年級： 五年級 分發優先順序： 1開課單位學生優先,開放： 60 外系： 0 屬性： 可退可加 拒退年級： 不設定,領域： 學群：,否,
661,D760309514,,統資三,電子商務 Electronic Commerce 英-專業 程,3.00,選,學期,李鍾斌 專長： 資料採礦、電子商務、機械學習,全英文,全,五(Fri),D5-D7,SF337,,,,,,,,,否,機房,最低年級： 三年級 最高年級： 五年級 分發優先順序： 2開課系所高年級學生優先,開放： 68 外系： 0 屬性： 可退可加 拒退年級： 不設定,領域： 學群：,否,
662,D760319663,D0E0319663,統資三,組織領導與社會創新實務 Organizational Leadership and Social Innovation Practices,2.00,選,學期,李禮孟 專長： 非營利組織管理、社會企業、政治經濟,中文,全,一(Mon),D8-E0,LM302,,,,,,,,,否,學士班5系合開，與黃凱斌老師合開,最低年級： 二年級 最高年級： 四年級 分發優先順序： 2開課系所高年級學生優先,開放： 10 外系： 0 屬性： 可退可加 拒退年級： 不設定,領域： 學群：,否,
663,D760334518,,統資三,大數據產學實作專題 Big Data Industry and Education Project Implementation 程,2.00,選,學期,杜逸寧 專長： 文字探勘、資料探勘、資訊檢索、人工智慧、智慧型資訊系統,中英文,,,-,不需要教室,,,,,,,,,否,大數據跨領域微學分學程課程,最低年級： 二年級 最高年級： 五年級 分發優先順序： 1開課單位學生優先,開放： 50 外系： 0 屬性： 拒退拒加 拒退年級： 不設定,領域： 學群：,否,
664,D760405358,,統資四,醫學統計 Medical Statistics 程,3.00,選,學期,游鎮瑋 專長： 資料庫管理，腫瘤免疫學,中英文,全,四(Thu),D5-D7,MD303,,,,,,,,,否,,最低年級： 三年級 最高年級： 五年級 分發優先順序： 2開課系所高年級學生優先,開放： 70 外系： 0 屬性： 可退可加 拒退年級： 不設定,領域： 學群：,否,
665,D760419199,,統資四,應用商業英文：聽讀訓練 Applied Business English: Listening & Reading 英-語言,2.00,選,學期,郭玉芬 專長： 英文,全英文,全,五(Fri),D5-D6,MD304,,,,,,,,,否,,最低年級： 一年級 最高年級： 五年級 分發優先順序： 2開課系所高年級學生優先,開放： 40 外系： 5 屬性： 可退可加 拒退年級： 不設定,領域： 學群：,否,
666,D800104093,,音樂一,副修鋼琴 Piano Minor,1.00,選,學期,個別指導教師 專長： 尚未填寫,中文,,,-,不需要教室,,,,,,,,,否,"須另繳個別指導費,限修讀一小時學生選讀,外系學生須通過上一學期鑑定考",最低年級： 一年級 最高年級： 四年級 分發優先順序： 1開課單位學生優先,開放： 100 外系： 0 屬性： 可退可加 拒退年級： 不設定,領域： 學群：,否,
667,D800104094,,音樂一,副修聲樂 Voice Minor,1.00,選,學期,個別指導教師 專長： 尚未填寫,中文,,,-,不需要教室,,,,,,,,,否,"須另繳個別指導費,限修讀一小時學生選讀,外系學生須通過上一學期鑑定考",最低年級： 一年級 最高年級： 四年級 分發優先順序： 1開課單位學生優先,開放： 10 外系： 0 屬性： 可退可加 拒退年級： 不設定,領域： 學群：,否,
668,D800104095,,音樂一,副修小提琴 Violin Minor,1.00,選,學期,個別指導教師 專長： 尚未填寫,中文,,,-,不需要教室,,,,,,,,,否,"須另繳個別指導費,限修讀一小時學生選讀,外系學生須通過上一學期鑑定考",最低年級： 一年級 最高年級： 四年級 分發優先順序： 1開課單位學生優先,開放： 10 外系： 0 屬性： 可退可加 拒退年級： 不設定,領域： 學群：,否,
669,D800104096,,音樂一,副修中提琴 Viola Minor,1.00,選,學期,個別指導教師 專長： 尚未填寫,中文,,,-,不需要教室,,,,,,,,,否,,最低年級： 一年級 最高年級： 四年級 分發優先順序： 1開課單位學生優先,開放： 8 外系： 0 屬性： 可退可加 拒退年級： 不設定,領域： 學群：,否,
670,D800104098,,音樂一,副修長笛 Flute Minor,1.00,選,學期,個別指導教師 專長： 尚未填寫,中文,,,-,不需要教室,,,,,,,,,否,"須另繳個別指導費,限修讀一小時學生選讀,外系學生須通過上一學期鑑定考",最低年級： 一年級 最高年級： 四年級 分發優先順序： 1開課單位學生優先,開放： 10 外系： 0 屬性： 可退可加 拒退年級： 不設定,領域： 學群：,否,
671,D800104099,,音樂一,副修豎笛 Clarinet Minor,1.00,選,學期,個別指導教師 專長： 尚未填寫,中文,,,-,不需要教室,,,,,,,,,否,,最低年級： 一年級 最高年級： 四年級 分發優先順序： 1開課單位學生優先,開放： 10 外系： 0 屬性： 可退可加 拒退年級： 不設定,領域： 學群：,否,
672,D800104102,,音樂一,副修作曲 Composition Minor,1.00,選,學期,個別指導教師 專長： 尚未填寫,中文,,,-,不需要教室,,,,,,,,,否,"須另繳個別指導費,限修讀一小時學生選讀,外系學生須通過上一學期鑑定考",最低年級： 一年級 最高年級： 四年級 分發優先順序： 1開課單位學生優先,開放： 10 外系： 0 屬性： 可退可加 拒退年級： 不設定,領域： 學群：,否,
673,D800119864,,音樂一,副修爵士音樂 Jazz Music Minor,1.00,選,學期,個別指導教師 專長： 尚未填寫,中文,,,-,不需要教室,,,,,,,,,否,"須另繳個別指導費,限修讀一小時學生選讀,外系學生須通過上一學期鑑定考",最低年級： 一年級 最高年級： 四年級 分發優先順序： 1開課單位學生優先,開放： 10 外系： 0 屬性： 可退可加 拒退年級： 不設定,領域： 學群：,否,
674,D800123926,,音樂一,副修應用音樂 Applied Music Minor,1.00,選,學期,個別指導教師 專長： 尚未填寫,中文,,,-,不需要教室,,,,,,,,,否,"須另繳個別指導費,限修讀一小時學生選讀,外系學生須通過上一學期鑑定考",最低年級： 一年級 最高年級： 四年級 分發優先順序： 1開課單位學生優先,開放： 10 外系： 0 屬性： 可退可加 拒退年級： 不設定,領域： 學群：,否,
675,D800133946,,音樂一,長笛合奏 Flute Ensemble 英-專業,1.00,選,學期,胡志瑋 專長： 長笛、室內樂、管樂作品研究、樂團片段詮釋,全英文,全,四(Thu),D7-D8,AM218,,,,,,,,,否,外系學生修讀需通過測驗,最低年級： 一年級 最高年級： 四年級 分發優先順序： 2開課系所高年級學生優先,開放： 12 外系： 0 屬性： 可退可加 拒退年級： 不設定,領域： 學群：,否,
676,D800136129,G806136129,音樂一,大提琴重奏 Cello Ensemble 英-專業,1.00,選,學期,權雋文 專長： 大提琴演奏與教學、室內樂、弦樂作品研究、,全英文,全,四(Thu),D5-D6,GM201,,,,,,,,,否,,最低年級： 一年級 最高年級： 四年級 分發優先順序： 1開課單位學生優先,開放： 12 外系： 0 屬性： 可退可加 拒退年級： 不設定,領域： 學群：,否,
677,D800214898,,音樂二,爵士音樂理論與演奏實習 Theory and Performance Practice of Jazz Music,1.00,選,學期,李世鈞 專長： 爵士音樂、爵士吉他、小編制樂團,中文,全,五(Fri),D3-D4,AM202,,,,,,,,,否,,最低年級： 二年級 最高年級： 四年級 分發優先順序： 1開課單位學生優先,開放： 40 外系： 0 屬性： 可退可加 拒退年級： 不設定,領域： 學群：,否,
678,D800236195,,音樂二,爵士室內合唱 Chamber Jazz Ensemble,1.00,選,學期,謝智揚 專長： 爵士音樂,中文,全,三(Wed),D7-D8,AM018,,,,,,,,,否,,最低年級： 二年級 最高年級： 四年級 分發優先順序： 1開課單位學生優先,開放： 27 外系： 0 屬性： 可退可加 拒退年級： 不設定,領域： 學群：,否,
679,D800333168,,音樂三,電腦音樂：編曲技巧 Computer Music: Arranging Techniques,2.00,選,學期,曾俞璇 專長： 當代流行音樂、唱片製作、配樂製作、音樂及演唱會展演製作、詞曲創作,中文,全,三(Wed),D3-D4,AM220,,,,,,,,,否,,最低年級： 一年級 最高年級： 一年級 分發優先順序： 1開課單位學生優先,開放： 12 外系： 0 屬性： 可退拒加 拒退年級： 不設定,領域： 學群：,否,
680,D800334346,,音樂三,音樂行為觀察與評估 Observation and Assessment of Music Behaviors,2.00,選,學期,吳佳慧 專長： 特殊需求族群音樂治療、音樂心理治療、音樂治療教育、心理諮商,中文,全,五(Fri),D1-D2,AM201,,,,,,,,,否,,最低年級： 三年級 最高年級： 四年級 分發優先順序： 1開課單位學生優先,開放： 16 外系： 0 屬性： 可退可加 拒退年級： 不設定,領域： 學群：,否,
681,D800334347,,音樂三,音樂治療實務技巧(一) Music Therapy Clinical Techniques(I),2.00,選,學期,林歆敏 專長： 音樂治療,中文,全,一(Mon),D3-D4,AM201,,,,,,,,,否,限已修過音樂治療導論同學選修,最低年級： 三年級 最高年級： 四年級 分發優先順序： 1開課單位學生優先,開放： 10 外系： 0 屬性： 可退可加 拒退年級： 不設定,領域： 學群：,否,
682,D810102602,,應美一,圖學 Graphics,2.00,選,學年,葉映汝 專長： 環境規劃、景觀設計,中文,全,四(Thu),D3-D4,AA412B,,,,,,,,,否,,最低年級： 一年級 最高年級： 四年級 分發優先順序： 1開課單位學生優先,開放： 60 外系： 3 屬性： 可退可加 拒退年級： 不設定,領域： 學群：,否,
683,D810104136,,應美一,電腦輔助設計 Computer Aided Design,2.00,選,學年,曾淑娟 專長： 包裝設計,中文,全,一(Mon),D3-D4,SF337,,,,,,,,,否,,最低年級： 一年級 最高年級： 四年級 分發優先順序： 1開課單位學生優先,開放： 80 外系： 3 屬性： 可退可加 拒退年級： 不設定,領域： 學群：,否,
684,D810201277,,應美二,水彩畫 Watercolor Painting,2.00,選,學期,林浩白 專長： 藝術、設計,中文,全,一(Mon),D7-D8,AA309,,,,,,,,,否,,最低年級： 二年級 最高年級： 四年級 分發優先順序： 1開課單位學生優先,開放： 30 外系： 0 屬性： 不代入 拒退年級： 不設定,領域： 學群：,否,
685,D810203881,,應美二,模型製作 Manufacturings of Model,2.00,選,學年,洪寶國 專長： 金屬工藝、模型製作,中文,全,五(Fri),D5-D6,AA116,,,,,,,,,否,本系金工產品組優先代入。,最低年級： 二年級 最高年級： 四年級 分發優先順序： 1開課單位學生優先,開放： 25 外系： 0 屬性： 可退拒加 拒退年級： 不設定,領域： 學群：,否,
686,D810204507,,應美二,塑造 Modeling,2.00,選,學年,陳振輝 專長： 塑造,中文,全,五(Fri),D3-D4,AA116,,,,,,,,,否,本系金工組優先代入。,最低年級： 一年級 最高年級： 四年級 分發優先順序： 1開課單位學生優先,開放： 25 外系： 0 屬性： 可退拒加 拒退年級： 不設定,領域： 學群：,否,
687,D810235045,,應美二,影像意象學 Cognition of Metaphoric Imagery,2.00,選,學期,方彩欣 專長： 電腦繪圖、設計繪畫、動畫遊戲前製、角色造型、網站設計策略、數位相關研究,中文,全,四(Thu),D7-D8,AA413,,,,,,,,,否,,最低年級： 一年級 最高年級： 四年級 分發優先順序： 1開課單位學生優先,開放： 30 外系： 3 屬性： 可退可加 拒退年級： 不設定,領域： 學群：,否,
688,D810300033,,應美三,美學 Aesthetics,2.00,選,學期,吳佩縈 專長： 視覺傳達設計、視覺敘事、美學、圖文意象,中文,全,一(Mon),D7-D8,ES317,,,,,,,,,否,,最低年級： 一年級 最高年級： 四年級 分發優先順序： 1開課單位學生優先,開放： 90 外系： 10 屬性： 可退可加 拒退年級： 不設定,領域： 學群：,否,
689,D810301689,,應美三,油畫 Oil Painting,2.00,選,學年,林浩白 專長： 藝術、設計,中文,全,一(Mon),D1-D2,AA309,,,,,,,,,否,,最低年級： 二年級 最高年級： 四年級 分發優先順序： 1開課單位學生優先,開放： 30 外系： 0 屬性： 可退拒加 拒退年級： 不設定,領域： 學群：,否,
690,D810303365,,應美三,商業攝影 Commercial Photography,2.00,選,學年,陳郁文 專長： 商業攝影,中文,全,三(Wed),D7-D8,AA413,,,,,,,,,否,外系生須先修讀過本系「數位攝影與影像處理」課程。,最低年級： 三年級 最高年級： 四年級 分發優先順序： 1開課單位學生優先,開放： 45 外系： 5 屬性： 可退可加 拒退年級： 不設定,領域： 學群：,否,
691,D810405009,,應美四,寶石學 Gemology,2.00,選,學年,朱倖誼 專長： 寶石學,中文,全,一(Mon),D7-D8,AA413,,,,,,,,,否,,最低年級： 一年級 最高年級： 四年級 分發優先順序： 1開課單位學生優先,開放： 45 外系： 5 屬性： 可退可加 拒退年級： 不設定,領域： 學群：,否,
692,D810418156,,應美四,設計與行銷 Design and Marketing,2.00,選,學期,陳永洧 專長： 動畫導演 、多媒體製作、商業影片攝製,中文,全,四(Thu),D3-D4,AA413,,,,,,,,,否,,最低年級： 一年級 最高年級： 四年級 分發優先順序： 1開課單位學生優先,開放： 60 外系： 5 屬性： 不代入 拒退年級： 不設定,領域： 學群：,否,
693,D820103673,,景觀一,設計表現法 Method of Designing Presentation,2.00,選,學期,劉慧敏 專長： 景觀基本設計,中英文,全,四(Thu),D3-D4,AL110,,,,,,,,,否,,最低年級： 一年級 最高年級： 四年級 分發優先順序： 1開課單位學生優先,開放： 75 外系： 0 屬性： 可退可加 拒退年級： 不設定,領域： 學群：,否,
694,D820118360,,景觀一,環境美學 Environment esthetics,2.00,選,學期,郭廣賢 專長： 藝術史與藝術理論、文化資產實務,中文,全,五(Fri),D5-D6,ES317,,,,,,,,,否,請利用預選或網路選課,最低年級： 一年級 最高年級： 四年級 分發優先順序： 1開課單位學生優先,開放： 176 外系： 136 屬性： 可退可加 拒退年級： 不設定,領域： 學群：,否,
695,D820220502,,景觀二,景觀建築發展與思潮 History and Development of L. A.,2.00,選,學期,黃文珊 專長： 文化現象影響都市景觀之研究、環境藝術與當代景觀建築設計之關係與執行應用,中文,全,一(Mon),D5-D6,AL114A,,,,,,,,,否,,最低年級： 一年級 最高年級： 四年級 分發優先順序： 1開課單位學生優先,開放： 70 外系： 0 屬性： 可退可加 拒退年級： 不設定,領域： 學群：,否,
696,D820224617,,景觀二,東方園林藝術 Art of Oriental Garden,2.00,選,學期,郭廣賢 專長： 藝術史與藝術理論、文化資產實務,中文,全,五(Fri),D7-D8,ES517,,,,,,,,,否,,最低年級： 一年級 最高年級： 七年級 分發優先順序： 2開課系所高年級學生優先,開放： 176 外系： 110 屬性： 可退可加 拒退年級： 不設定,領域： 學群：,否,
697,D820236934,,景觀二,閱讀自然地景 Perspective of Natural Landscape,2.00,選,學期,董聿馨 專長： 環境行為知覺 健康景觀與循證設計 景觀美學與視覺評估 AI 大數據應用,中文,全,四(Thu),D3-D4,AL114A,,,,,,,,,否,,最低年級： 一年級 最高年級： 四年級 分發優先順序： 2開課系所高年級學生優先,開放： 40 外系： 0 屬性： 可退可加 拒退年級： 不設定,領域： 學群：,否,
698,D820236981,,景觀二,數位景觀模擬(二) Advanced Digital Landscape Simulation & Visualization II,2.00,選,學期,賴德峻 專長： 景觀設計、電腦輔助繪圖,中文,全,五(Fri),D5-D6,LE401,,,,,,,,,否,,最低年級： 一年級 最高年級： 四年級 分發優先順序： 1開課單位學生優先,開放： 32 外系： 1 屬性： 可退可加 拒退年級： 不設定,領域： 學群：,否,
699,D820313056,,景觀三,植栽維護管理 Landscape Management,2.00,選,學期,"張柏青 專長： 植物,園藝,景觀",中文,全,一(Mon),D7-D8,AL106,,,,,,,,,否,,最低年級： 一年級 最高年級： 四年級 分發優先順序： 1開課單位學生優先,開放： 40 外系： 0 屬性： 可退可加 拒退年級： 不設定,領域： 學群：,否,
700,D820330471,,景觀三,鄉村旅遊規劃與文創產業 Rural Tourism Planning and  Cultural Creativity Industry,2.00,選,學期,葉美秀 專長： 景觀設計、植栽設計、農村規劃與休閒農業,中文,全,三(Wed),D7-D8,AL114,,,,,,,,,否,,最低年級： 一年級 最高年級： 七年級 分發優先順序： 2開課系所高年級學生優先,開放： 60 外系： 3 屬性： 可退可加 拒退年級： 不設定,領域： 學群：,否,
701,D820330474,,景觀三,都市土地使用計畫 Urban Land Use Planning,2.00,選,學期,陳玉雯 專長： 都市計畫、都市規劃、土地使用計畫,中文,全,二(Tue),D7-D8,AL114A,,,,,,,,,否,,最低年級： 一年級 最高年級： 四年級 分發優先順序： 1開課單位學生優先,開放： 70 外系： 0 屬性： 可退可加 拒退年級： 不設定,領域： 學群：,否,
702,D820335531,,景觀三,生態設計 Ecological Design,2.00,選,學期,賴榮一 專長： 濕地規劃設計與維護管理、景觀規劃設計、景觀規劃設計,中文,全,五(Fri),D5-D6,AL114A,,,,,,,,,否,,最低年級： 一年級 最高年級： 四年級 分發優先順序： 2開課系所高年級學生優先,開放： 70 外系： 5 屬性： 可退可加 拒退年級： 不設定,領域： 學群：,否,
703,D820335548,,景觀三,景觀數位技術應用 Landscape Architecture and Digital Technologies,2.00,選,學期,邱浩瑋 專長： 都市永續與自然解方、景觀生態與GIS分析、環境與生態規劃、景觀規劃設計,中文,全,五(Fri),D7-D8,AL110,,,,,,,,,否,,最低年級： 一年級 最高年級： 四年級 分發優先順序： 2開課系所高年級學生優先,開放： 28 外系： 2 屬性： 可退可加 拒退年級： 不設定,領域： 學群：,否,
704,D820431688,,景觀四,營建材料及施工估價 Landscape Construction: Material and Cost Estimate,2.00,選,學期,鄭文隆 專長： 景觀建築、苗圃學、景觀植物學、景觀工程,中文,全,一(Mon),D5-D6,LE201,,,,,,,,,否,,最低年級： 一年級 最高年級： 七年級 分發優先順序： 2開課系所高年級學生優先,開放： 60 外系： 0 屬性： 可退可加 拒退年級： 不設定,領域： 學群：,否,
705,D850101877,,食科一,食物學原理 Food Fundamentals,2.00,選,學期,楊珺堯 專長： 食品工程、生化工程、酵素動力學、微生物發酵、生物技術、風險管理,中文,全,一(Mon),D3-D4,NF256,,,,,,,,,否,,最低年級： 一年級 最高年級： 四年級 分發優先順序： 1開課單位學生優先,開放： 70 外系： 0 屬性： 可退可加 拒退年級： 不設定,領域： 學群：,否,
706,D850104312,,食科一,套裝軟體與程式設計 Software Packages & Programming Design 程,2.00,選,學期,楊志田 專長： 數值分析、電腦應用軟體,中文,全,五(Fri),D3-D4,SF338,,,,,,,,,否,學生基本能力-資訊類,最低年級： 一年級 最高年級： 四年級 分發優先順序： 1開課單位學生優先,開放： 55 外系： 0 屬性： 可退可加 拒退年級： 不設定,領域： 學群：,否,
707,D850115075,,食科一,烘焙學與實習 Baking Technology and Lab.,3.00,選,學期,詹益淵 專長： 烘焙學與實習,中文,全,二(Tue),D5-D7,NF453,,,,,,,,,否,依實際上課需要在NF256(一般教室)或NF453(烘焙教室)上課,最低年級： 一年級 最高年級： 四年級 分發優先順序： 1開課單位學生優先,開放： 50 外系： 0 屬性： 拒退可加 拒退年級： 不設定,領域： 學群：,否,
708,D850201588,,食科二,乳品學 Dairy Science,2.00,選,學期,郭孟怡 專長： 食品物理化學、食品分析、食品流變學,中文,全,一(Mon),D5-D6,EP003,,,,,,,,,否,,最低年級： 二年級 最高年級： 四年級 分發優先順序： 1開課單位學生優先,開放： 65 外系： 0 屬性： 拒退可加 拒退年級： 不設定,領域： 學群：,否,
709,D850233432,,食科二,"保健食品之新產品企劃、開發與管理概論 New Product Planning, Development & Management for Health Food",2.00,選,學期,施宗偉 專長： 微生物學、生物技術、功能性食品,中文,全,五(Fri),D5-D6,NF256,,,,,,,,,否,,最低年級： 二年級 最高年級： 四年級 分發優先順序： 1開課單位學生優先,開放： 60 外系： 0 屬性： 可退可加 拒退年級： 不設定,領域： 學群：,否,
710,D850301901,,食科三,食品添加物 Food Additives,2.00,選,學期,許庭禎 專長： 食品添加物,中文,全,四(Thu),D5-D6,NF256,,,,,,,,,否,,最低年級： 三年級 最高年級： 四年級 分發優先順序： 1開課單位學生優先,開放： 90 外系： 0 屬性： 可退可加 拒退年級： 不設定,領域： 學群：,否,
711,D850302152,,食科三,專題研究 Special Topics,1.00,選,學年,楊珺堯 專長： 食品工程、生化工程、酵素動力學、微生物發酵、生物技術、風險管理,中文,,,-,不需要教室,,,,,,,,,否,大三同學至老師實驗室擔任論文生,最低年級： 三年級 最高年級： 四年級 分發優先順序： 1開課單位學生優先,開放： 60 外系： 0 屬性： 可退可加 拒退年級： 不設定,領域： 學群：,否,
712,D850323785,,食科三,食品業新創法規與實務 Theories and practices of food startups with law,2.00,選,學期,許家華 專長： 食品法規,中文,全,四(Thu),D3-D4,EP003,,,,,,,,,否,,最低年級： 三年級 最高年級： 四年級 分發優先順序： 1開課單位學生優先,開放： 70 外系： 0 屬性： 拒退可加 拒退年級： 不設定,領域： 學群：,否,
713,D850333431,,食科三,新產品開發(含實作) New Product Development,2.00,選,學期,陳奕鳴 專長： 功能性運動食品研發、奈米氣泡水、實驗動物模式、食品與健康促進,中文,全,一(Mon),D7-D8,EP003,,,,,,,,,否,,最低年級： 三年級 最高年級： 四年級 分發優先順序： 1開課單位學生優先,開放： 40 外系： 0 屬性： 拒退可加 拒退年級： 不設定,領域： 學群：,否,
714,D850401898,,食科四,食品毒物學 Food Toxicology,3.00,選,學期,蕭錫延 專長： 食品毒物學,中文,全,一(Mon),D5-D7,NF256,,,,,,,,,否,,最低年級： 一年級 最高年級： 四年級 分發優先順序： 1開課單位學生優先,開放： 40 外系： 0 屬性： 可退可加 拒退年級： 不設定,領域： 學群：,否,
715,D860102241,,營養一,組織學 Histology,2.00,選,學期,鍾敦輝 專長： 解剖學、組織學、細胞生物學,中文,全,四(Thu),D1-D2,NF356,,,,,,,,,否,由醫學系教師群進行主題性授課,最低年級： 一年級 最高年級： 四年級 分發優先順序： 1開課單位學生優先,開放： 80 外系： 0 屬性： 可退可加 拒退年級： 不設定,領域： 學群：,否,
716,D860115075,,營養一,烘焙學與實習 Baking Technology and Lab.,3.00,選,學期,張凱莉 專長： 烘焙學,中文,全,一(Mon),D1-D4,NF453,,,,,,,,,否,本課程因設備有限，無法開放外系生、交換生選課；無法接受校際選課。,最低年級： 一年級 最高年級： 四年級 分發優先順序： 1開課單位學生優先,開放： 36 外系： 3 屬性： 可退拒加 拒退年級： 不設定,領域： 學群：,否,
717,D860133898,,營養一,機能營養醫學講座---創新理論與實務應用 Translational Forum on Nutrition and Medicine: Apply basic research to health promotion,1.00,選,學期,吳文勉 專長： 免疫學、營養與免疫、實驗動物營養學,中文,單,三(Wed),D3-D4,NF356,,,,,,,,,否,,最低年級： 一年級 最高年級： 四年級 分發優先順序： 1開課單位學生優先,開放： 52 外系： 0 屬性： 拒退可加 拒退年級： 不設定,領域： 學群：,否,
718,D860215725,,營養二,營養與美容 Nutrition and beauty,2.00,選,學期,劉奕方 專長： 礦物質營養學、分子營養學、營養基因體學、非編譯RNA分子生物學,中文,全,二(Tue),D7-D8,ES517,,,,,,,,,否,,最低年級： 二年級 最高年級： 四年級 分發優先順序： 1開課單位學生優先,開放： 100 外系： 20 屬性： 拒退拒加 拒退年級： 不設定,領域： 學群：,否,
719,D860230097,,營養二,營養師基礎實習 Dietetics Internship-Basic training,1.00,選,學期,林建淵 專長： 健康老化、飲食評量、飲食型態、膳食營養基準、長期照護、統計分析,中文,全,四(Thu),D5-D6,NF356,,,,,,,,,否,1. 此為考選部規定報考國考營養師之基礎營養實習學分 2. 課程內容涵蓋非課表時段進行校外參訪。,最低年級： 二年級 最高年級： 四年級 分發優先順序： 1開課單位學生優先,開放： 130 外系： 0 屬性： 可退可加 拒退年級： 不設定,領域： 學群：,否,
720,D860236825,,營養二,專題研究(B) Special Topics (B),1.00,選,學年,許瑞芬 專長： 營養生化、分子細胞營養學、營養基因體學、葉酸營養與癌症預防,中文,,,-,不需要教室,,,,,,,,,否,本課程需與談定授課教師確認上課時間及地點,最低年級： 一年級 最高年級： 四年級 分發優先順序： 1開課單位學生優先,開放： 75 外系： 0 屬性： 拒退拒加 拒退年級： 不設定,領域： 學群：,否,
721,D860237361,,營養二,醫用微生物 Medical Microbiology,2.00,選,學期,江明憲 專長： 流行病學、生物統計、生物化學及微生物學,中文,全,五(Fri),D3-D4,NF356,,,,,,,,,否,,最低年級： 二年級 最高年級： 四年級 分發優先順序： 1開課單位學生優先,開放： 41 外系： 0 屬性： 拒退拒加 拒退年級： 不設定,領域： 學群：,否,
722,D860302896,,營養三,臨床營養 Clinical Nutrition,2.00,選,學期,吳柏姍 專長： 醫院臨床營養、臨床營養照護,中文,全,一(Mon),D5-D6,NF356,,,,,,,,,否,,最低年級： 三年級 最高年級： 四年級 分發優先順序： 1開課單位學生優先,開放： 80 外系： 0 屬性： 拒退可加 拒退年級： 不設定,領域： 學群：,否,
723,D860316288,,營養三,保健食品 Functional Foods,2.00,選,學期,吳文勉 專長： 免疫學、營養與免疫、實驗動物營養學,中文,全,五(Fri),D3-D4,NF158,,,,,,,,,否,先修課程 營養學、生物化學、膳食療養學,最低年級： 三年級 最高年級： 四年級 分發優先順序： 1開課單位學生優先,開放： 130 外系： 0 屬性： 可退可加 拒退年級： 不設定,領域： 學群：,否,
724,D860331020,,營養三,高齡營養與長期照顧 Nutrition in long term care,2.00,選,學期,林建淵 專長： 健康老化、飲食評量、飲食型態、膳食營養基準、長期照護、統計分析,中文,全,一(Mon),D3-D4,NF356,,,,,,,,,否,,最低年級： 三年級 最高年級： 四年級 分發優先順序： 1開課單位學生優先,開放： 80 外系： 0 屬性： 可退可加 拒退年級： 不設定,領域： 學群：,否,
725,D860332137,,營養三,營養醫學概論 Introduction to Nutrition Medicine,2.00,選,學期,郭常勝 專長： 團體膳食管理、臨床營養照護與教學研究,中文,全,三(Wed),D7-D8,NF356,,,,,,,,,否,,最低年級： 三年級 最高年級： 四年級 分發優先順序： 1開課單位學生優先,開放： 80 外系： 0 屬性： 拒退可加 拒退年級： 不設定,領域： 學群：,否,
726,D860334667,,營養三,食品加工概論 Introduction to Food Processing,2.00,選,學期,劉曉卉 專長： 食品加工相關,中文,全,五(Fri),D5-D6,NF356,,,,,,,,,否,,最低年級： 三年級 最高年級： 四年級 分發優先順序： 1開課單位學生優先,開放： 80 外系： 0 屬性： 拒退可加 拒退年級： 不設定,領域： 學群：,否,
727,D860430098,,營養四,營養師實習-臨床營養 Dietetics Internship- Clinical Nutrition 實,3.00,選,學期,楊欣怡 專長： 食品機能性成分、團體膳食設計與管理、高血壓與肝臟疾病動物模式,中文,,,-,不需要教室,,,,,,,,,否,寒假及學期間(四下)實習,最低年級： 四年級 最高年級： 四年級 分發優先順序： 1開課單位學生優先,開放： 16 外系： 0 屬性： 拒退拒加 拒退年級： 不設定,領域： 學群：,否,
728,D860430099,,營養四,營養師實習-膳食管理 Dietetics Internship-Food Service and Management 實,2.00,選,學期,楊欣怡 專長： 食品機能性成分、團體膳食設計與管理、高血壓與肝臟疾病動物模式,中文,,,-,不需要教室,,,,,,,,,否,寒假及學期間(四下)實習,最低年級： 四年級 最高年級： 四年級 分發優先順序： 1開課單位學生優先,開放： 16 外系： 0 屬性： 拒退拒加 拒退年級： 不設定,領域： 學群：,否,
729,D860430100,,營養四,營養師實習-社區營養 Dietetics Internship-Community Nutrition 實,1.00,選,學期,楊欣怡 專長： 食品機能性成分、團體膳食設計與管理、高血壓與肝臟疾病動物模式,中文,,,-,不需要教室,,,,,,,,,否,寒假及學期間(四下)實習,最低年級： 四年級 最高年級： 四年級 分發優先順序： 1開課單位學生優先,開放： 16 外系： 0 屬性： 拒退拒加 拒退年級： 不設定,領域： 學群：,否,
730,D890102933,,電機一,離散數學 Discrete Mathematics,3.00,選,學期,林廼文 專長： 電機工程,中文,全,二(Tue),D2-D4,MD303,,,,,,,,,否,,最低年級： 一年級 最高年級： 四年級 分發優先順序： 1開課單位學生優先,開放： 55 外系： 0 屬性： 不代入 拒退年級： 不設定,領域： 學群：,否,
731,D890105341,,電機一,電機電子概論 Introduction to Electrical Engineering,2.00,選,學期,鄞永昌 專長： 類比電路設計為主要研究方向、亦含奈米與通訊之跨領域整合研究,中文,全,二(Tue),D3-D4,SF132,,,,,,,,,否,,最低年級： 一年級 最高年級： 一年級 分發優先順序： 1開課單位學生優先,開放： 100 外系： 0 屬性： 可退可加 拒退年級： 不設定,領域： 學群：,否,
732,D890211678,,電機二,無線行動通訊科技概論 Introduction to Mobile Radio Communication Technology,3.00,選,學期,林昇洲 專長： 無線通訊、數位信號處理、雷達設計、光纖通訊,中文,全,三(Wed),D7-E0,SF549,,,,,,,,,否,專業選修,最低年級： 二年級 最高年級： 四年級 分發優先順序： 1開課單位學生優先,開放： 60 外系： 0 屬性： 不代入 拒退年級： 不設定,領域： 學群：,否,
733,D890301292,,電機三,半導體概論 Introduction to Semiconductor,3.00,選,學期,徐國政 專長： 可變結構控制設計、半導體元件及製程,中文,全,三(Wed),D2-D4,SF738A,,,,,,,,,否,專業選修,最低年級： 三年級 最高年級： 四年級 分發優先順序： 1開課單位學生優先,開放： 30 外系： 0 屬性： 不代入 拒退年級： 不設定,領域： 學群：,否,
734,D890301558,,電機三,作業系統 Operating System 程,3.00,選,學期,莊岳儒 專長： 無線通訊技術、網路通訊協定、嵌入式系統設計,中文,全,一(Mon),D7-E0,LM301,,,,,,,,,否,,最低年級： 三年級 最高年級： 四年級 分發優先順序： 1開課單位學生優先,開放： 70 外系： 0 屬性： 可退可加 拒退年級： 不設定,領域： 學群：,否,
735,D890302739,,電機三,數值分析 Numerical Analysis 程,3.00,選,學期,林正忠 專長： 醫學影像、人體動作分析,中文,全,四(Thu),D2-D4,SF549,,,,,,,,,否,專業選修,最低年級： 三年級 最高年級： 四年級 分發優先順序： 1開課單位學生優先,開放： 40 外系： 0 屬性： 不代入 拒退年級： 不設定,領域： 學群：,否,
736,D890310117,,電機三,通訊系統模擬 Communication System Simulations 程,3.00,選,學期,劉鴻裕 專長： 通訊信號處理、檢測與估計理論、同步、正交分頻多工、無線通訊,中文,全,四(Thu),D5-D7,SF549,,,,,,,,,否,,最低年級： 三年級 最高年級： 四年級 分發優先順序： 1開課單位學生優先,開放： 40 外系： 0 屬性： 可退可加 拒退年級： 不設定,領域： 學群：,否,
737,D890311073,,電機三,計算機網路概論 Introduction to Computer Networks 英-專業 程,3.00,選,學期,劉惠英 專長： 高速網路、多媒體通訊網路,全英文,全,二(Tue),D2-D4,SF235,,,,,,,,,否,專業選修,最低年級： 三年級 最高年級： 四年級 分發優先順序： 1開課單位學生優先,開放： 70 外系： 0 屬性： 可退可加 拒退年級： 不設定,領域： 學群：,否,
738,D890419734,,電機四,電源與電池管理系統導論 Power and Battery Management Systems,3.00,選,學期,鄭明旺 專長： 智慧型鋰電池管理系統,中文,全,五(Fri),E0-E2,SF550,,,,,,,,,否,,最低年級： 四年級 最高年級： 四年級 分發優先順序： 2開課系所高年級學生優先,開放： 35 外系： 0 屬性： 不代入 拒退年級： 不設定,領域： 學群：,否,
739,D890430982,,電機四,電機工程產業實習 Industry Practice in Electrical Engineering 實,9.00,選,學期,杜弘隆 專長： 通訊積體電路設計、數位、類比積體電路設計,中文,,,-,不需要教室,,,,,,,,,否,,最低年級： 四年級 最高年級： 四年級 分發優先順序： 1開課單位學生優先,開放： 15 外系： 0 屬性： 拒退拒加 拒退年級： 不設定,領域： 學群：,否,
740,D890437147,,電機四,感測器原理與應用 Principles and Applications of Sensors,3.00,選,學期,柯易斌 專長： 電力電子學,中文,全,一(Mon),D2-D4,SF742,,,,,,,,,否,,最低年級： 四年級 最高年級： 四年級 分發優先順序： 1開課單位學生優先,開放： 30 外系： 0 屬性： 不代入 拒退年級： 不設定,領域： 學群：,否,
741,D891105456,,電機一甲,程式設計實習 Pract. Programming Technigues 程,1.00,選,學期,莊岳儒 專長： 無線通訊技術、網路通訊協定、嵌入式系統設計,中文,全,一(Mon),D5-D6,SF338,,,,,,,,,否,,最低年級： 一年級 最高年級： 四年級 分發優先順序： 2開課系所高年級學生優先,開放： 70 外系： 0 屬性： 可退可加 拒退年級： 不設定,領域： 學群：,否,
742,D892105456,,電機一乙,程式設計實習 Pract. Programming Technigues 程,1.00,選,學期,劉惠英 專長： 高速網路、多媒體通訊網路,中文,全,四(Thu),D5-D6,ES401,,,,,,,,,否,,最低年級： 一年級 最高年級： 四年級 分發優先順序： 2開課系所高年級學生優先,開放： 70 外系： 0 屬性： 可退可加 拒退年級： 不設定,領域： 學群：,否,
743,D900010624,,宗教系,生命教育概論 Introduction to Life Education,2.00,選,學期,陳德光 專長： 比較宗教學、舊約聖經、神秘主義、生命教育、艾克哈研究,中文,全,二(Tue),D5-D6,BS114,,,,,,,,,否,,最低年級： 一年級 最高年級： 四年級 分發優先順序： 1開課單位學生優先,開放： 60 外系： 30 屬性： 可退可加 拒退年級： 不設定,領域： 學群：,否,
744,D900018818,,宗教系,伊斯蘭教概論 An Introduction to Islam,2.00,選,學期,彭書穎 專長： 伊斯蘭教,中文,全,四(Thu),D5-D6,BS114,,,,,,,,,否,,最低年級： 二年級 最高年級： 四年級 分發優先順序： 1開課單位學生優先,開放： 60 外系： 20 屬性： 可退可加 拒退年級： 不設定,領域： 學群：,否,
745,D900022258,,宗教系,基督宗教與臺灣原住民 Christianity and Taiwan aborigines,2.00,選,學期,劉得興 專長： 人生哲學、台灣原住民歷史與文化,中文,全,一(Mon),D5-D6,ES607,,,,,,,,,否,,最低年級： 一年級 最高年級： 四年級 分發優先順序： 1開課單位學生優先,開放： 80 外系： 40 屬性： 可退可加 拒退年級： 不設定,領域： 學群：,否,
746,D900022450,,宗教系,殯葬文書 Funeral Writing,2.00,選,學期,李日斌 專長： 殯葬禮俗,中文,全,一(Mon),D7-D8,BS114,,,,,,,,,否,,最低年級： 一年級 最高年級： 四年級 分發優先順序： 1開課單位學生優先,開放： 80 外系： 0 屬性： 可退可加 拒退年級： 不設定,領域： 學群：,否,
747,D900030608,,宗教系,殯葬經濟學 Funeral Economy,2.00,選,學期,王別玄 專長： 殯葬生死觀,中文,全,六(Sat),D3-D4,ES408,,,,,,,,,否,,最低年級： 一年級 最高年級： 四年級 分發優先順序： 1開課單位學生優先,開放： 77 外系： 30 屬性： 可退可加 拒退年級： 不設定,領域： 學群：,否,
748,D900033628,,宗教系,遺體處理與美容 Processing and Beauty of Dead Body,2.00,選,學期,李日斌 專長： 殯葬禮俗,中文,全,二(Tue),D7-D8,BS114,,,,,,,,,否,,最低年級： 一年級 最高年級： 四年級 分發優先順序： 1開課單位學生優先,開放： 80 外系： 0 屬性： 可退可加 拒退年級： 不設定,領域： 學群：,否,
749,D900034394,,宗教系,宗教產業的魅力創新 Charismatic Innovation in Religious Industry,2.00,選,學期,盛翠穎 專長： 道教生命教育,中文,全,一(Mon),D5-D6,ES508,,,,,,,,,否,,最低年級： 一年級 最高年級： 四年級 分發優先順序： 1開課單位學生優先,開放： 77 外系： 40 屬性： 可退可加 拒退年級： 不設定,領域： 學群：,否,
750,D900035173,,宗教系,塔羅圖像的象徵與轉化 Tarot Symbol of transformation,2.00,選,學期,王乙甯 專長： 生命教育、塔羅圖像與占卜,中文,全,四(Thu),D5-D6,ES508,,,,,,,,,否,,最低年級： 一年級 最高年級： 四年級 分發優先順序： 1開課單位學生優先,開放： 50 外系： 10 屬性： 可退可加 拒退年級： 不設定,領域： 學群：,否,
751,D900036748,,宗教系,漢譯佛典故事選讀 Selected Tales from the Chinese Buddhist Scriptures,2.00,選,學期,林美伶 專長： 漢譯經典語文、佛教文獻、佛教文學、中印佛典比較研究,中文,全,四(Thu),D5-D6,ES105,,,,,,,,,否,,最低年級： 二年級 最高年級： 四年級 分發優先順序： 1開課單位學生優先,開放： 30 外系： 10 屬性： 可退可加 拒退年級： 不設定,領域： 學群：,否,
752,D900037577,,宗教系,基督宗教建築漫遊 Sacred Spaces: A Tour of Christian Architecture,3.00,選,學期,黃懿縈 專長： 基督宗教歷史、宗教與建築、宗教與政治,中文,全,二(Tue),D6-D8,LM105,,,,,,,,,否,,最低年級： 一年級 最高年級： 四年級 分發優先順序： 1開課單位學生優先,開放： 50 外系： 0 屬性： 可退可加 拒退年級： 不設定,領域： 學群：,否,
753,D900225131,,宗教二,宗教資訊的應用：取材與創作 Religion Information Application-Inspiration and Creation,2.00,選,學期,張家珩 專長： 宗教資訊的應用與創新,中文,全,四(Thu),D5-D6,BS3011,,,,,,,,,否,,最低年級： 二年級 最高年級： 四年級 分發優先順序： 1開課單位學生優先,開放： 40 外系： 20 屬性： 可退可加 拒退年級： 不設定,領域： 學群：,否,
754,D910122148,,護理一,"旅行的意義-性別旅行與音樂 The Meaning of Travel-The Issue about Gender, Music and Health",2.00,選,學期,黃玉珠 專長： 婦幼健康、社區護理、跨文化照護研究(含國內不同民族與國內外健康比較),中文,全,二(Tue),D1-D2,MD170,,,,,,,,,否,本課程屬護理學系人文涵雅類選修課程。,最低年級： 一年級 最高年級： 四年級 分發優先順序： 2開課系所高年級學生優先,開放： 55 外系： 5 屬性： 不代入 拒退年級： 不設定,領域： 學群：,否,
755,D910200245,,護理二,生死學 Life and Death Studies,2.00,選,學期,卓妙如 專長： 兒科護理學、早產兒護理、嬰幼兒照護、安寧療護、慢性病管理,中文,全,二(Tue),D7-D8,MD171,,,,,,,,,否,本課程屬護理學系人文涵雅類選修課程。,最低年級： 一年級 最高年級： 四年級 分發優先順序： 2開課系所高年級學生優先,開放： 50 外系： 10 屬性： 不代入 拒退年級： 不設定,領域： 學群：,否,
756,D910318587,,護理三,護理實務應用 Nursing Practice Application,2.00,選,學期,劉莉妮 專長： 成人腫瘤護理學,中文,全,一(Mon),D5-D6,DG208,,,,,,,,,否,1.限三四年級學生選修2.本課程屬護理學系專業強化類選修課程。,最低年級： 三年級 最高年級： 四年級 分發優先順序： 2開課系所高年級學生優先,開放： 30 外系： 0 屬性： 不代入 拒退年級： 不設定,領域： 學群：,否,
757,D910320088,,護理三,災難照護 Disaster Care,2.00,選,學期,傅秀雲 專長： 社區護理、跨文化中年女性與男性的研究、弱勢群體和人口群健康量性研究,中文,全,二(Tue),D7-D8,MD203,,,,,,,,,否,1.限三四年級學生選修2.本課程屬護理學系專業趨勢類選修課程。,最低年級： 三年級 最高年級： 四年級 分發優先順序： 2開課系所高年級學生優先,開放： 36 外系： 0 屬性： 不代入 拒退年級： 不設定,領域： 學群：,否,
758,D910321459,,護理三,安寧緩和療護 Hospice and Palliative Care,2.00,選,學期,劉莉妮 專長： 成人腫瘤護理學,中英文,全,一(Mon),D7-D8,MD171,,,,,,,,,否,1.本課程屬護理學系專業趨勢類選修課程。2.限三、四年級同學選修。,最低年級： 三年級 最高年級： 四年級 分發優先順序： 2開課系所高年級學生優先,開放： 30 外系： 0 屬性： 不代入 拒退年級： 不設定,領域： 學群：,否,
759,D910407713,,護理四,護理學總論 Comprehensive Nursing,3.00,選,學期,温子寧 專長： 兒科護理學,中文,全,三(Wed),D7-E0,ES107,,,,,,,,,否,1.限四年級同學選修2.本課程屬護理學系專業強化類選修課程。,最低年級： 四年級 最高年級： 四年級 分發優先順序： 2開課系所高年級學生優先,開放： 110 外系： 0 屬性： 不代入 拒退年級： 不設定,領域： 學群：,否,
760,D920101456,,公衛一,有機化學 Organic Chemistry,3.00,選,學期,王亮傑 專長： 幹細胞生物學、人類胎盤細胞分化的機制、子癇前症致病的機轉,中文,全,五(Fri),D5-D7,MD212,,,,,,,,,否,,最低年級： 一年級 最高年級： 四年級 分發優先順序： 1開課單位學生優先,開放： 50 外系： 0 屬性： 可退可加 拒退年級： 不設定,領域： 學群：,否,
761,D920102390,,公衛一,微積分 Calculus,3.00,選,學期,劉希平 專長： 環境科學、環境工程、污染控制,中文,全,二(Tue),D5-D7,MD212,,,,,,,,,否,,最低年級： 一年級 最高年級： 四年級 分發優先順序： 1開課單位學生優先,開放： 35 外系： 0 屬性： 可退拒加 拒退年級： 不設定,領域： 學群：,否,
762,D920102635,,公衛一,管理學 Management,3.00,選,學期,魏中仁 專長： 醫療機構管理、策略管理,中文,全,一(Mon),D5-D7,MD323,,,,,,,,,否,,最低年級： 一年級 最高年級： 四年級 分發優先順序： 1開課單位學生優先,開放： 38 外系： 0 屬性： 可退拒加 拒退年級： 不設定,領域： 學群：,否,
763,D920205655,,公衛二,健康保險概論 Introduction to Health Insurance,2.00,選,學期,陳宗泰 專長： 醫療品質、成效測量與檔案分析,中文,全,四(Thu),D5-D6,MD171,,,,,,,,,否,,最低年級： 二年級 最高年級： 四年級 分發優先順序： 1開課單位學生優先,開放： 50 外系： 0 屬性： 可退可加 拒退年級： 不設定,領域： 學群：,否,
764,D920207823,,公衛二,寄生蟲學(含實驗) Parasitology (Including Lab.),2.00,選,學期,杜文圓 專長： 寄生蟲免疫學、醫學昆蟲學,中文,全,一(Mon),D3-D4,MD213,,,,,,,,,否,,最低年級： 二年級 最高年級： 四年級 分發優先順序： 1開課單位學生優先,開放： 80 外系： 0 屬性： 可退可加 拒退年級： 不設定,領域： 學群：,否,
765,D920208065,,公衛二,健康經濟學 Health Economics,2.00,選,學期,陳啟禎 專長： 衛生政策、健康服務研究,中文,全,二(Tue),D1-D2,MD323,,,,,,,,,否,,最低年級： 二年級 最高年級： 四年級 分發優先順序： 1開課單位學生優先,開放： 25 外系： 0 屬性： 可退拒加 拒退年級： 不設定,領域： 學群：,否,
766,D920305458,,公衛三,人因工程 Human Factor Engineering,2.00,選,學期,劉倩秀 專長： 職能治療、人因工程、生物力學,中文,全,四(Thu),D5-D6,DG312,,,,,,,,,否,,最低年級： 三年級 最高年級： 四年級 分發優先順序： 1開課單位學生優先,開放： 70 外系： 0 屬性： 可退可加 拒退年級： 不設定,領域： 學群：,否,
767,D920308643,,公衛三,老人健康照護 Health Care of Elderly,2.00,選,學期,游山林 專長： 社區醫學與基層醫療保健、老人健康照護,中文,全,二(Tue),D5-D6,MD323,,,,,,,,,否,,最低年級： 三年級 最高年級： 四年級 分發優先順序： 1開課單位學生優先,開放： 50 外系： 5 屬性： 可退可加 拒退年級： 不設定,領域： 學群：,否,
768,D920313186,,公衛三,職業病概論 Introduction to Occupational Diseases,2.00,選,學期,汪禧年 專長： 環境毒物學、職業病概論,中文,全,一(Mon),D3-D4,MD323,,,,,,,,,否,,最低年級： 三年級 最高年級： 四年級 分發優先順序： 1開課單位學生優先,開放： 50 外系： 0 屬性： 可退可加 拒退年級： 不設定,領域： 學群：,否,
769,D920315343,,公衛三,環境工程概論 Introduction of Environmental Engineering,2.00,選,學期,劉希平 專長： 環境科學、環境工程、污染控制,中文,全,四(Thu),D3-D4,DG312,,,,,,,,,否,,最低年級： 三年級 最高年級： 四年級 分發優先順序： 1開課單位學生優先,開放： 50 外系： 0 屬性： 可退可加 拒退年級： 不設定,領域： 學群：,否,
770,D920318054,,公衛三,作業環境測定(含實驗) Measurement of the Workplace Hazards (Laboratory included),3.00,選,學期,唐進勝 專長： 職業衛生、暴露評估、空氣汙染、作業環境測定,中文,全,五(Fri),D2-D4,MD323,,,,,,,,,否,「職業衛生」成績達80分以上或修畢考證照所需12學分以上者，方可修讀。,最低年級： 三年級 最高年級： 四年級 分發優先順序： 1開課單位學生優先,開放： 35 外系： 0 屬性： 可退可加 拒退年級： 不設定,領域： 學群：,否,
771,D920319017,,公衛三,環境規劃與管理 Environment Planning & Management,2.00,選,學期,賴俊良 專長： 環境影響評估、環境規劃與管理,中文,全,三(Wed),D3-D4,MD323,,,,,,,,,否,,最低年級： 三年級 最高年級： 四年級 分發優先順序： 1開課單位學生優先,開放： 50 外系： 10 屬性： 可退可加 拒退年級： 不設定,領域： 學群：,否,
772,D920336958,,公衛三,公共衛生英文期刊論文導讀 English Academic Journal Paper Reading in Public Health 英-專業,2.00,選,學期,陳凱倫 專長： 社區健康科學、質性研究法,全英文,全,五(Fri),D5-D6,MD328,,,,,,,,,否,,最低年級： 三年級 最高年級： 四年級 分發優先順序： 1開課單位學生優先,開放： 20 外系： 0 屬性： 可退可加 拒退年級： 不設定,領域： 學群：,否,
773,D920423713,,公衛四,職業安全衛生法規 Occupational Safety and Health Laws,2.00,選,學期,唐進勝 專長： 職業衛生、暴露評估、空氣汙染、作業環境測定,中文,全,二(Tue),D3-D4,MD323,,,,,,,,,否,,最低年級： 四年級 最高年級： 四年級 分發優先順序： 1開課單位學生優先,開放： 50 外系： 0 屬性： 可退可加 拒退年級： 不設定,領域： 學群：,否,
774,D940109150,,醫學一,服務課程 Service Learning,2.00,選,學期,范修平 專長： 一般兒科、兒科急症診斷與治療,中文,,,-,不需要教室,,,,,,,,,否,寒暑假/學期間機構服務學習,最低年級： 一年級 最高年級： 五年級 分發優先順序： 1開課單位學生優先,開放： 60 外系： 0 屬性： 可退可加 拒退年級： 不設定,領域： 學群：,否,
775,D940109937,,醫學一,醫學與人生 Medicine & Human life,2.00,選,學期,司馬忠 專長： 科學與宗教、生命倫理、分子生物學,中文,全,四(Thu),D3-D4,DG510,,,,,,,,,否,外系生請於網路加退選，不做人工加簽。,最低年級： 一年級 最高年級： 四年級 分發優先順序： 1開課單位學生優先,開放： 65 外系： 5 屬性： 可退可加 拒退年級： 不設定,領域： 學群：,否,
776,D940210423,,醫學二,醫學資訊學 Medical Informatics,2.00,選,學期,張孟霖 專長： 醫療資訊、生物資訊、人工智慧、攝護腺癌、機械手臂微創泌尿手術,中文,全,一(Mon),D7-D8,MD214,,,,,,,,,否,外系生一律採網路加退選，不做人工加簽。,最低年級： 二年級 最高年級： 四年級 分發優先順序： 1開課單位學生優先,開放： 35 外系： 10 屬性： 可退可加 拒退年級： 不設定,領域： 學群：,否,
777,D940213574,,醫學二,生物醫學專題研究 Research on Biomedical Topics,2.00,選,學期,吳宜娜 專長： 生殖醫學、男性功能障礙、下泌尿道生理學、泌尿實驗動物學,中文,,,-,不需要教室,,,,,,,,,否,實驗專題研修,最低年級： 一年級 最高年級： 四年級 分發優先順序： 1開課單位學生優先,開放： 20 外系： 0 屬性： 可退可加 拒退年級： 不設定,領域： 學群：,否,
778,D940214819,,醫學二,醫學與工程 Medical and Engineer,2.00,選,學期,方麗娟 專長： 打鼾及睡眠呼吸中止症、小兒耳鼻喉科、過敏性鼻炎及鼻塞,中文,全,三(Wed),D3-D4,MD304,,,,,,,,,否,外系生一律採網路加退選，不做人工加簽。,最低年級： 二年級 最高年級： 四年級 分發優先順序： 1開課單位學生優先,開放： 65 外系： 15 屬性： 可退可加 拒退年級： 不設定,領域： 學群：,否,
779,D940311926,,醫學三,中醫學概論 Introductory Chinese Medicine,1.00,選,學期,郭文華 專長： 急診醫學,中文,單,一(Mon),D5-D6,MD215,,,,,,,,,否,三年級以上方能修讀。隔(單)週上課。2.外系生一律採網路加退選，不做人工加簽。,最低年級： 三年級 最高年級： 四年級 分發優先順序： 1開課單位學生優先,開放： 80 外系： 30 屬性： 可退可加 拒退年級： 不設定,領域： 學群：,否,
780,D940311927,,醫學三,法醫學 Forensic Medicine,1.00,選,學期,陳明宏 專長： 神經運動單元,中文,雙,一(Mon),D5-D6,MD215,,,,,,,,,否,1.隔(雙)週上課。2.外系生一律採網路加退選，不做人工加簽。,最低年級： 三年級 最高年級： 四年級 分發優先順序： 1開課單位學生優先,開放： 80 外系： 30 屬性： 可退可加 拒退年級： 不設定,領域： 學群：,否,
781,D940413261,,醫學四,口腔醫學概論 Introduction of Oral Medicine,2.00,選,學期,張淑芳 專長： 根管治療、顯微根管治療,中文,全,四(Thu),D1-D2,MD214,,,,,,,,,否,,最低年級： 三年級 最高年級： 四年級 分發優先順序： 2開課系所高年級學生優先,開放： 55 外系： 30 屬性： 可退可加 拒退年級： 不設定,領域： 學群：,否,
782,D940519725,,醫學五,療癒者的藝術 Healer's Art,1.00,選,學期,鄒國英 專長： 小兒科、新生兒科、重症加護醫學、小兒肺臟學、幼兒發展、醫學教育,中文,,,-,不需要教室,,,,,,,,,否,採工作坊的方式進行課程教學，工作坊時間請依授課教師安排,最低年級： 五年級 最高年級： 六年級 分發優先順序： 1開課單位學生優先,開放： 15 外系： 0 屬性： 拒退拒加 拒退年級： 不設定,領域： 學群：,否,
783,D940632799,,醫學六,自選臨床實習 Clinical praticum in elective 實,8.00,選,學期,王文奇 專長： 神經內科,中文,,,-,不需要教室,,,,,,,,,否,,最低年級： 六年級 最高年級： 六年級 分發優先順序： 1開課單位學生優先,開放： 60 外系： 0 屬性： 拒退拒加 拒退年級： 不設定,領域： 學群：,否,
784,D950101355,,臨心一,生物化學 Biochemistry,2.00,選,學期,盧志峰 專長： 醫學之生化及分子生物、生物學之生化及分子生物、醫學之分子遺傳,中文,全,二(Tue),D7-D8,MD214,,,,,,,,,否,,最低年級： 一年級 最高年級： 四年級 分發優先順序： 2開課系所高年級學生優先,開放： 50 外系： 0 屬性： 可退可加 拒退年級： 不設定,領域： 學群：,否,
785,D950113988,,臨心一,醫院管理學 Health care organization management,2.00,選,學期,魏中仁 專長： 醫療機構管理、策略管理,中文,全,二(Tue),D3-D4,DG308,,,,,,,,,否,,最低年級： 一年級 最高年級： 七年級 分發優先順序： 2開課系所高年級學生優先,開放： 50 外系： 0 屬性： 可退可加 拒退年級： 不設定,領域： 學群：,否,
786,D950202586,,臨心二,團體動力學 Group Dynamics,2.00,選,學期,劉明媚 專長： 團體諮商,中文,全,三(Wed),D7-D8,MD550,,,,,,,,,否,,最低年級： 二年級 最高年級： 四年級 分發優先順序： 2開課系所高年級學生優先,開放： 30 外系： 0 屬性： 可退可加 拒退年級： 不設定,領域： 學群：,否,
787,D950204736,,臨心二,藥理學 Pharmacology,2.00,選,學期,田履黛 專長： 藥理學、毒理學、藥物濫用,中文,全,二(Tue),D3-D4,MD167,,,,,,,,,否,,最低年級： 二年級 最高年級： 四年級 分發優先順序： 2開課系所高年級學生優先,開放： 90 外系： 0 屬性： 可退可加 拒退年級： 不設定,領域： 學群：,否,
788,D950301349,,臨心三,犯罪心理學 Criminal Psychology,3.00,選,學期,黃健 專長： 犯罪心理學、司法心理學、性犯罪心理病理、性侵害加害人之心理評估與治療,中文,全,四(Thu),D2-D4,DG308,,,,,,,,,否,,最低年級： 三年級 最高年級： 四年級 分發優先順序： 2開課系所高年級學生優先,開放： 50 外系： 0 屬性： 可退可加 拒退年級： 不設定,領域： 學群：,否,
789,D950306136,,臨心三,溝通分析治療法 Transactional Analysis,2.00,選,學期,劉明媚 專長： 團體諮商,中文,全,一(Mon),D3-D4,MD435,,,,,,,,,否,,最低年級： 三年級 最高年級： 七年級 分發優先順序： 2開課系所高年級學生優先,開放： 25 外系： 0 屬性： 可退可加 拒退年級： 不設定,領域： 學群：,否,
790,D950307050,,臨心三,完形治療法 Gestalt Therapy,2.00,選,學期,何麗儀 專長： 完形治療、危機介入與壓力調適,中文,全,四(Thu),D7-D8,MD550,,,,,,,,,否,,最低年級： 三年級 最高年級： 四年級 分發優先順序： 2開課系所高年級學生優先,開放： 30 外系： 0 屬性： 可退可加 拒退年級： 不設定,領域： 學群：,否,
791,D950311060,,臨心三,認知行為治療 Cognitive Behavioral Therapy,3.00,選,學期,楊政璋 專長： 臨床神經心理學,中文,全,四(Thu),D2-D4,MD167,,,,,,,,,否,,最低年級： 三年級 最高年級： 七年級 分發優先順序： 2開課系所高年級學生優先,開放： 75 外系： 0 屬性： 可退可加 拒退年級： 不設定,領域： 學群：,否,
792,D950320416,,臨心三,音樂治療理論與實務 The overview and applications of Music Therapy,3.00,選,學期,林芳蘭 專長： 音樂治療法、音樂治療實習,中文,全,二(Tue),D2-D4,MD168,,,,,,,,,否,依課程進度安排使用MD168或一間地板教室MD550,最低年級： 三年級 最高年級： 四年級 分發優先順序： 2開課系所高年級學生優先,開放： 35 外系： 0 屬性： 可退可加 拒退年級： 不設定,領域： 學群：,否,
793,D950322492,,臨心三,舞蹈治療實務 Dance Therapy Practicum,2.00,選,學期,王芸華 專長： 溝通與分析治療法、完形治療法溝通與分析治療法、完形治療法,中文,全,四(Thu),D5-D6,MD550,,,,,,,,,否,,最低年級： 三年級 最高年級： 四年級 分發優先順序： 2開課系所高年級學生優先,開放： 35 外系： 10 屬性： 可退可加 拒退年級： 不設定,領域： 學群：,否,
794,D950330583,,臨心三,睡眠障礙之評估與治療 Psychological Evaluation and Intervention for Sleep Disorders,2.00,選,學期,詹雅雯 專長： 睡眠檢查實作與心理評估,中文,全,二(Tue),D3-D4,MD440,,,,,,,,,否,,最低年級： 三年級 最高年級： 四年級 分發優先順序： 2開課系所高年級學生優先,開放： 30 外系： 0 屬性： 可退可加 拒退年級： 不設定,領域： 學群：,否,
795,D950335903,,臨心三,認知神經科學與臨床研究 Cognitive Neuroscience and Clinical Research 英-專業,2.00,選,學期,劉虹翔 專長： 認知神經科學與臨床研究應用、統計學、程式設計與資料分析,全英文,全,一(Mon),D7-D8,MD440,,,,,,,,,否,,最低年級： 三年級 最高年級： 四年級 分發優先順序： 2開課系所高年級學生優先,開放： 31 外系： 0 屬性： 可退可加 拒退年級： 不設定,領域： 學群：,否,
796,D950336021,,臨心三,心理學與田野工作 Fieldwork in psychology 英-專業,2.00,選,學期,李宛霖 專長： 喪親悲傷、現象學與存在取向、安寧末期病患心理陪伴、心理腫瘤學,全英文,全,二(Tue),D5-D6,MD440,,,,,,,,,否,,最低年級： 三年級 最高年級： 四年級 分發優先順序： 2開課系所高年級學生優先,開放： 20 外系： 0 屬性： 可退可加 拒退年級： 不設定,領域： 學群：,否,
797,D950414371,,臨心四,藥物濫用與防治 Drug Abuse and Prevention,2.00,選,學期,王英洲 專長： 行為神經科學、生理心理學、腦結構功能分析,中文,全,二(Tue),D7-D8,DG308,,,,,,,,,否,,最低年級： 四年級 最高年級： 四年級 分發優先順序： 2開課系所高年級學生優先,開放： 50 外系： 0 屬性： 可退可加 拒退年級： 不設定,領域： 學群：,否,
798,D960105458,,職治一,人因工程 Human Factor Engineering,2.00,選,學期,劉倩秀 專長： 職能治療、人因工程、生物力學,中文,全,一(Mon),D3-D4,MD167,,,,,,,,,否,,最低年級： 一年級 最高年級： 一年級 分發優先順序： 1開課單位學生優先,開放： 60 外系： 0 屬性： 可退可加 拒退年級： 不設定,領域： 學群：,否,
799,D960113998,,職治一,心理健康與社會學 Mental Health and Psychosocial Science,1.00,選,學期,簡位先 專長： 自閉症病因研究、精神疾病病因研究、分子遺傳學、精神領域職能治療,中文,雙,二(Tue),D7-D8,MD169,,,,,,,,,否,,最低年級： 一年級 最高年級： 四年級 分發優先順序： 1開課單位學生優先,開放： 80 外系： 0 屬性： 拒退可加 拒退年級： 不設定,領域： 學群：,否,
800,D960214597,,職治二,研究方法導論 Research Methods,2.00,選,學期,蘇佳廷 專長： 健康促進、復健醫學、感覺統合之理論與應用、職能治療、職能科學、研究方法,中文,全,三(Wed),D7-D8,MD169,,,,,,,,,否,,最低年級： 二年級 最高年級： 四年級 分發優先順序： 1開課單位學生優先,開放： 80 外系： 0 屬性： 可退可加 拒退年級： 不設定,領域： 學群：,否,
801,D960218165,,職治二,自閉症兒童評估與治療 Evaluation and treatment of autism,2.00,選,學期,傅中珮 專長： 早期療育、兒童職能治療、自閉症兒童之評估與治療,中英文,全,三(Wed),D3-D4,MD169,,,,,,,,,否,,最低年級： 二年級 最高年級： 四年級 分發優先順序： 1開課單位學生優先,開放： 55 外系： 0 屬性： 可退可加 拒退年級： 不設定,領域： 學群：,否,
802,D960221371,,職治二,輔具實務 Assistive device: design and service,2.00,選,學期,劉倩秀 專長： 職能治療、人因工程、生物力學,中文,全,二(Tue),D5-D6,MD169,,,,,,,,,否,,最低年級： 二年級 最高年級： 四年級 分發優先順序： 1開課單位學生優先,開放： 16 外系： 0 屬性： 可退可加 拒退年級： 不設定,領域： 學群：,否,
803,D960236204,,職治二,職能治療期刊導讀 Journal Meeting of Occupational Therapy Research 英-專業,1.00,選,學期,江心瑜 專長： 職能治療實習教育研究、電腦輔具對青少年的效應研究、人因工程,全英文,單,二(Tue),D7-D8,MD835,,,,,,,,,否,,最低年級： 二年級 最高年級： 四年級 分發優先順序： 1開課單位學生優先,開放： 30 外系： 0 屬性： 可退可加 拒退年級： 不設定,領域： 學群：,否,
804,D960318992,,職治三,社區發展職能治療 OT for Community,1.00,選,學期,簡位先 專長： 自閉症病因研究、精神疾病病因研究、分子遺傳學、精神領域職能治療,中英文,全,五(Fri),D5-D5,MD168,,,,,,,,,否,,最低年級： 一年級 最高年級： 四年級 分發優先順序： 1開課單位學生優先,開放： 80 外系： 0 屬性： 拒退可加 拒退年級： 不設定,領域： 學群：,否,
805,D960318994,,職治三,遊戲與設計 Play and design,3.00,選,學期,傅中珮 專長： 早期療育、兒童職能治療、自閉症兒童之評估與治療,中文,全,一(Mon),DN-D6,MD832,,,,,,,,,否,,最低年級： 三年級 最高年級： 四年級 分發優先順序： 1開課單位學生優先,開放： 80 外系： 0 屬性： 可退可加 拒退年級： 不設定,領域： 學群：,否,
806,D960321372,,職治三,精神科音樂治療 music therapy and mental health,3.00,選,學期,施以諾 專長： 音樂治療、管理學、心理疾病職能治療,中文,全,二(Tue),D2-D4,ES408,,,,,,,,,否,,最低年級： 三年級 最高年級： 四年級 分發優先順序： 1開課單位學生優先,開放： 20 外系： 2 屬性： 可退可加 拒退年級： 不設定,領域： 學群：,否,
807,D960322559,,職治三,職能治療生理疾病專題研究 Independent study- Physical Occupatioan Therapy,3.00,選,學年,周佳燁 專長： 健康相關的生活品質,中文,全,四(Thu),D2-D4,MD835,,,,,,,,,否,,最低年級： 三年級 最高年級： 四年級 分發優先順序： 1開課單位學生優先,開放： 25 外系： 0 屬性： 可退可加 拒退年級： 不設定,領域： 學群：,否,
808,D960330025,,職治三,職能評估與職業復健 Job assessment and work rehabilitation,1.00,選,學期,林宛儀 專長： 職能評估與職業復健,中文,全,二(Tue),D5-D5,MD168,,,,,,,,,否,,最低年級： 三年級 最高年級： 四年級 分發優先順序： 1開課單位學生優先,開放： 70 外系： 0 屬性： 拒退可加 拒退年級： 不設定,領域： 學群：,否,
809,D960330026,,職治三,職能評估與職業復健實務與應用 Job assessment and work rehabilitation- Application and Practice,1.00,選,學期,林宛儀 專長： 職能評估與職業復健,中文,全,二(Tue),D6-D6,MD168,,,,,,,,,否,,最低年級： 三年級 最高年級： 四年級 分發優先順序： 1開課單位學生優先,開放： 70 外系： 0 屬性： 拒退可加 拒退年級： 不設定,領域： 學群：,否,
810,D960330193,,職治三,職能治療心理疾病專題研究 Independent study- Psychological and Pediatric Occupatioan Therapy,3.00,選,學年,簡位先 專長： 自閉症病因研究、精神疾病病因研究、分子遺傳學、精神領域職能治療,中文,全,四(Thu),D2-D4,MD304,,,,,,,,,否,,最低年級： 三年級 最高年級： 四年級 分發優先順序： 1開課單位學生優先,開放： 36 外系： 0 屬性： 可退可加 拒退年級： 不設定,領域： 學群：,否,
811,D960330194,,職治三,職能治療兒童疾病專題研究 Independent study- Pediatric Occupatioan Therapy,3.00,選,學年,傅中珮 專長： 早期療育、兒童職能治療、自閉症兒童之評估與治療,中文,全,四(Thu),D2-D4,MD168,,,,,,,,,否,,最低年級： 三年級 最高年級： 四年級 分發優先順序： 1開課單位學生優先,開放： 25 外系： 0 屬性： 可退可加 拒退年級： 不設定,領域： 學群：,否,
812,D960331040,,職治三,社區發展職能治療實務與應用 OT for Community - Application and Practice,2.00,選,學期,簡位先 專長： 自閉症病因研究、精神疾病病因研究、分子遺傳學、精神領域職能治療,中文,全,五(Fri),D6-D7,MD168,,,,,,,,,否,,最低年級： 三年級 最高年級： 四年級 分發優先順序： 1開課單位學生優先,開放： 40 外系： 0 屬性： 可退可加 拒退年級： 不設定,領域： 學群：,否,
813,D960422561,,職治四,社區職能治療臨床實習 Fieldwork practice in OT for Community 實,2.00,選,學期,簡位先 專長： 自閉症病因研究、精神疾病病因研究、分子遺傳學、精神領域職能治療,中文,,,-,不需要教室,,,,,,,,,否,,最低年級： 一年級 最高年級： 四年級 分發優先順序： 1開課單位學生優先,開放： 20 外系： 0 屬性： 可退可加 拒退年級： 不設定,領域： 學群：,否,
814,D980118868,,呼吸治療一,基本照護學 Fundamentals of Clinical Care,2.00,選,學期,簡辰霖 專長： 胸腔復健、運動醫學與體適能、女性健康,中文,全,一(Mon),D3-D4,MD822,,,,,,,,,否,,最低年級： 一年級 最高年級： 四年級 分發優先順序： 1開課單位學生優先,開放： 45 外系： 0 屬性： 可退可加 拒退年級： 不設定,領域： 學群：,否,
815,D980217382,,呼吸治療二,外科學概論 Introduction of Surgery,2.00,選,學期,侯紹敏 專長： 心臟外科,中文,全,二(Tue),D7-D8,MD822,,,,,,,,,否,,最低年級： 二年級 最高年級： 四年級 分發優先順序： 1開課單位學生優先,開放： 54 外系： 0 屬性： 可退可加 拒退年級： 不設定,領域： 學群：,否,
816,D980323662,,呼吸治療三,胸腔影像醫學概論 Introduction of Image Study of the Chest,2.00,選,學期,郭彥良 專長： 內科、胸腔暨重症、呼吸治療、長期照護,中文,全,二(Tue),D8-E0,MD823,,,,,,,,,否,,最低年級： 三年級 最高年級： 四年級 分發優先順序： 1開課單位學生優先,開放： 40 外系： 0 屬性： 可退可加 拒退年級： 不設定,領域： 學群：,否,
817,D980336358,,呼吸治療三,呼吸器臨床實務應用 Ventilator in clinical practice application,2.00,選,學期,楊式興 專長： 呼吸治療、護理、呼吸生理,中文,全,四(Thu),D5-D6,MD823,,,,,,,,,否,,最低年級： 三年級 最高年級： 四年級 分發優先順序： 1開課單位學生優先,開放： 40 外系： 0 屬性： 可退可加 拒退年級： 不設定,領域： 學群：,否,
818,D980419845,,呼吸治療四,呼吸治療學總論 Comprehensive in Respiratory Therapy,3.00,選,學期,曾惠筠 專長： 呼吸治療,中文,全,五(Fri),D2-D4,MD823,,,,,,,,,否,,最低年級： 四年級 最高年級： 四年級 分發優先順序： 1開課單位學生優先,開放： 51 外系： 0 屬性： 可退可加 拒退年級： 不設定,領域： 學群：,否,
819,DATP318027A,,體育三以上選,單項運動(排球競技實務與欣賞) Volleyball Competition in Practice and Theory,1.00,選,學期,陳儷勻 專長： 排球、體育、排球競技實務與欣賞,中文,全,二(Tue),D5-D6,中美堂,,,,,,,,,否,本選修體育不可認抵大一或大二必修體育,最低年級： 三年級 最高年級： 七年級 分發優先順序： 4全校高年級學生優先,開放： 45 外系： 45 屬性： 可退可加 拒退年級： 不設定,領域： 學群：,否,
820,DATP318027B,,體育三以上選,單項運動(排球競技實務與欣賞) Volleyball Competition in Practice and Theory,1.00,選,學期,陳儷勻 專長： 排球、體育、排球競技實務與欣賞,中文,全,四(Thu),D5-D6,中美堂,,,,,,,,,否,本選修體育不可認抵大一或大二必修體育,最低年級： 三年級 最高年級： 七年級 分發優先順序： 4全校高年級學生優先,開放： 45 外系： 45 屬性： 可退可加 拒退年級： 不設定,領域： 學群：,否,
821,DCG0036894,,文學院,文化內容與生成式AI實作 Cultural Content and Generative AI Implementation,2.00,選,學期,陳冠鳴 專長： 文字創作、視覺設計、新媒體趨勢分析與敘事學、數位人文、大眾傳播概論,中文,全,一(Mon),D5-D6,LI106,,,,,,,,,否,以本院學生及修讀本院雙主修之大三（含)以上學生為主。,最低年級： 一年級 最高年級： 四年級 分發優先順序： 3開課學院高年級學生優先,開放： 35 外系： 35 屬性： 可退可加 拒退年級： 不設定,領域： 學群：,否,
822,DDG0034702,,醫學院,輔助醫學概論 Introduction to Complementary Medicine,2.00,選,學期,趙家佳 專長： 呼吸治療,中文,全,一(Mon),D5-D6,MD203,,,,,,,,,否,,最低年級： 一年級 最高年級： 四年級 分發優先順序： 3開課學院高年級學生優先,開放： 86 外系： 86 屬性： 可退可加 拒退年級： 不設定,領域： 學群：,否,
823,DDTD837481,,永續證照,永續素養與風險管理 Sustainability Literacy and Risk Management 網,2.00,通,學期,張家綺 專長： 紡織工程、高分子材料、複合材料及組織工程,中英文,全,五(Fri),D5-D6,ES617,,,,,,,,,否,,最低年級： 一年級 最高年級： 四年級 分發優先順序： 4全校高年級學生優先,開放： 140 外系： 140 屬性： 可退可加 拒退年級： 不設定,領域： 永續素養 學群： 永續證照,否,
824,DDTD837481C,,永續證照,永續素養與風險管理 Sustainability Literacy and Risk Management 網,2.00,通,學期,趙家佳 專長： 呼吸治療,中英文,全,四(Thu),D5-D6,ES517,,,,,,,,,否,,最低年級： 一年級 最高年級： 四年級 分發優先順序： 4全校高年級學生優先,開放： 140 外系： 140 屬性： 可退可加 拒退年級： 不設定,領域： 永續素養 學群： 永續證照,否,
825,DDTD837481E,,永續證照,永續素養與風險管理 Sustainability Literacy and Risk Management 網,2.00,通,學期,趙克耘 專長： 重症呼吸治療、小兒呼吸治療、3D列印、臨床試驗,中英文,全,三(Wed),D7-D8,ES517,,,,,,,,,否,,最低年級： 一年級 最高年級： 四年級 分發優先順序： 4全校高年級學生優先,開放： 140 外系： 140 屬性： 可退可加 拒退年級： 不設定,領域： 永續素養 學群： 永續證照,否,
826,DDTD837482,,永續證照,淨零碳規劃概論 Introduction to Net Zero Carbon Planning 網,2.00,通,學期,黃鼎元 專長： 人生哲學,中英文,全,二(Tue),D7-D8,不需要教室,,,,,,,,,否,,最低年級： 一年級 最高年級： 四年級 分發優先順序： 4全校高年級學生優先,開放： 150 外系： 150 屬性： 可退可加 拒退年級： 不設定,領域： 永續素養 學群： 永續證照,否,
827,DDTD837482E,,永續證照,淨零碳規劃概論 Introduction to Net Zero Carbon Planning 網,2.00,通,學期,黃凱斌 專長： 作業管理 、計算管理科學、應用統計學 、機器學習與大數據分析,中英文,全,一(Mon),D5-D6,不需要教室,,,,,,,,,否,,最低年級： 一年級 最高年級： 四年級 分發優先順序： 4全校高年級學生優先,開放： 150 外系： 150 屬性： 可退可加 拒退年級： 不設定,領域： 永續素養 學群： 永續證照,否,
828,DDTD837483D,,永續證照,永續發展基礎規範 Guideline of Sustainable Development 網,2.00,通,學期,李鵑娟 專長： 文字學、聲韻學、訓詁學、語音學、詞彙學、修辭學、應用文,中英文,全,一(Mon),D3-D4,不需要教室,,,,,,,,,否,,最低年級： 一年級 最高年級： 四年級 分發優先順序： 4全校高年級學生優先,開放： 150 外系： 150 屬性： 可退可加 拒退年級： 不設定,領域： 永續素養 學群： 永續證照,否,
829,DDTD837483E,,永續證照,永續發展基礎規範 Guideline of Sustainable Development 網,2.00,通,學期,李啟華 專長： 財務會計、公司治理、盈餘管理、財務報表品質,中英文,全,一(Mon),D5-D6,不需要教室,,,,,,,,,否,,最低年級： 一年級 最高年級： 四年級 分發優先順序： 4全校高年級學生優先,開放： 150 外系： 150 屬性： 可退可加 拒退年級： 不設定,領域： 永續素養 學群： 永續證照,否,
830,DDTD837484A,,永續證照,永續發展目標管理系統 Sustainable Development Goals Management System 網,2.00,通,學期,"徐美婷 專長： 銀髮族旅遊特性,旅遊心理特質,團體套裝旅遊服務品質",中英文,全,四(Thu),D3-D4,不需要教室,,,,,,,,,否,,最低年級： 一年級 最高年級： 四年級 分發優先順序： 4全校高年級學生優先,開放： 150 外系： 150 屬性： 可退可加 拒退年級： 不設定,領域： 永續素養 學群： 永續證照,否,
831,DDTD837484B,,永續證照,永續發展目標管理系統 Sustainable Development Goals Management System 網,2.00,通,學期,趙珮晴 專長： 教育學基礎理論、師資培育、教育測驗與量化研究,中英文,全,四(Thu),D5-D6,不需要教室,,,,,,,,,否,,最低年級： 一年級 最高年級： 四年級 分發優先順序： 4全校高年級學生優先,開放： 150 外系： 150 屬性： 可退可加 拒退年級： 不設定,領域： 永續素養 學群： 永續證照,否,
832,DDTD837484C,,永續證照,永續發展目標管理系統 Sustainable Development Goals Management System 網,2.00,通,學期,鄭孟純 專長： 食品微生物、食品衛生安全、應用微生物學,中英文,全,二(Tue),D7-D8,不需要教室,,,,,,,,,否,,最低年級： 一年級 最高年級： 四年級 分發優先順序： 4全校高年級學生優先,開放： 150 外系： 150 屬性： 可退可加 拒退年級： 不設定,領域： 永續素養 學群： 永續證照,否,
833,DDTD837484D,,永續證照,永續發展目標管理系統 Sustainable Development Goals Management System 網,2.00,通,學期,李啟華 專長： 財務會計、公司治理、盈餘管理、財務報表品質,中英文,全,四(Thu),D7-D8,不需要教室,,,,,,,,,否,,最低年級： 一年級 最高年級： 四年級 分發優先順序： 4全校高年級學生優先,開放： 150 外系： 150 屬性： 可退可加 拒退年級： 不設定,領域： 永續素養 學群： 永續證照,否,
834,DDTV800245,,永續多元,生死學 Life and Death Studies 網,2.00,通,學期,李志成 專長： 當代自由主義與社群主義之爭,中文,全,五(Fri),D5-D6,ES717,,,,,,,,,否,113學年度（含）前入學學生選修，得抵認ST社會科學通識學分。114學年度起入學之日進學士班選修，則抵認為永續素養通識學分。,最低年級： 一年級 最高年級： 四年級 分發優先順序： 4全校高年級學生優先,開放： 160 外系： 160 屬性： 可退可加 拒退年級： 不設定,領域： 永續素養 學群： 永續多元,否,
835,DDTV800395,,永續多元,全球化下的世界趨勢 World Trend Under Globalization,2.00,通,學期,柯玉枝 專長： 拉丁美洲區域研究、美國與拉丁美洲國家關係,中文,全,三(Wed),D7-D8,LE2A,,,,,,,,,否,113學年度（含）前入學學生選修，得抵認ST社會科學通識學分。114學年度起入學之日進學士班選修，則抵認為永續素養通識學分。,最低年級： 一年級 最高年級： 四年級 分發優先順序： 4全校高年級學生優先,開放： 150 外系： 150 屬性： 可退可加 拒退年級： 不設定,領域： 永續素養 學群： 永續多元,是,
836,DDTV800486,,永續多元,社區發展與生活 Community Development and Living,2.00,通,學期,陳定唐 專長： 環境藝術概論,中文,全,五(Fri),D7-D8,ES307,,,,,,,,,否,113學年度（含）前入學學生選修，得抵認PT人文藝術通識學分。114學年度起入學之日進學士班選修，則抵認為永續素養通識學分。,最低年級： 一年級 最高年級： 四年級 分發優先順序： 4全校高年級學生優先,開放： 70 外系： 70 屬性： 可退可加 拒退年級： 不設定,領域： 永續素養 學群： 永續多元,否,
837,DDTV800709,,永續多元,中國后妃政治 The Institutional of Chinese Empress and Im,2.00,通,學期,陳冠穎 專長： 魏晉南北朝史、中國女主政治、中國婦女史,中文,全,二(Tue),D3-D4,ES917,,,,,,,,,否,113學年度（含）前入學學生選修，得抵認PT人文藝術通識學分。114學年度起入學之日進學士班選修，則抵認為永續素養通識學分。,最低年級： 一年級 最高年級： 四年級 分發優先順序： 4全校高年級學生優先,開放： 100 外系： 100 屬性： 可退可加 拒退年級： 不設定,領域： 永續素養 學群： 永續多元,是,
838,DDTV800752,,永續多元,性別關係 Gender Relationship,2.00,通,學期,林麗珊 專長： 西方政治哲學、後現代論述、警政倫理學、管理哲學、性別議題與執法,中文,全,一(Mon),D7-D8,LE204,,,,,,,,,否,113學年度（含）前入學學生選修，得抵認ST社會科學通識學分。114學年度起入學之日進學士班選修，則抵認為永續素養通識學分。,最低年級： 一年級 最高年級： 四年級 分發優先順序： 4全校高年級學生優先,開放： 70 外系： 70 屬性： 可退可加 拒退年級： 不設定,領域： 永續素養 學群： 永續多元,否,
839,DDTV800784,,永續多元,綠能科技 Green-Energy Technology,2.00,通,學期,李永勳 專長： 電力電子、能源轉換器、電池管理系統、智慧型控制,中文,全,三(Wed),D7-D8,SF233,,,,,,,,,否,113學年度（含）前入學學生選修，得抵認NT自然科技通識學分。114學年度起入學之日進學士班選修，則抵認為永續素養通識學分。,最低年級： 一年級 最高年級： 四年級 分發優先順序： 4全校高年級學生優先,開放： 80 外系： 80 屬性： 可退可加 拒退年級： 不設定,領域： 永續素養 學群： 永續多元,否,
840,DDTV800801,,永續多元,"環保、能源與生命科學 Environment, Energy and Life Sciences",2.00,通,學期,李思賢 專長： 應用藻類學、藻類分子生物技術、非抗生素型殺菌劑研發、水產生物疫苗開發,中文,全,四(Thu),D3-D4,ES317,,,,,,,,,否,113學年度（含）前入學學生選修，得抵認NT自然科技通識學分。114學年度起入學之日進學士班選修，則抵認為永續素養通識學分。,最低年級： 一年級 最高年級： 四年級 分發優先順序： 4全校高年級學生優先,開放： 110 外系： 110 屬性： 可退可加 拒退年級： 不設定,領域： 永續素養 學群： 永續多元,是,
841,DDTV800819,,永續多元,臺灣自然生態與人文療癒 Taiwan natural ecology and humanistic healing,2.00,通,學期,簡銓堯 專長： 臺灣自然生態與人文療癒,中文,全,一(Mon),D5-D6,ES917,,,,,,,,,否,113學年度（含）前入學學生選修，得抵認NT自然科技通識學分。114學年度起入學之日進學士班選修，則抵認為永續素養通識學分。,最低年級： 一年級 最高年級： 四年級 分發優先順序： 4全校高年級學生優先,開放： 100 外系： 100 屬性： 可退可加 拒退年級： 不設定,領域： 永續素養 學群： 永續多元,是,
842,DDTV800894,,永續多元,環境藝術與生活 Environmental Art and Living,2.00,通,學期,陳定唐 專長： 環境藝術概論,中文,全,五(Fri),D5-D6,ES307,,,,,,,,,否,113學年度（含）前入學學生選修，得抵認PT人文藝術通識學分。114學年度起入學之日進學士班選修，則抵認為永續素養通識學分。,最低年級： 一年級 最高年級： 四年級 分發優先順序： 4全校高年級學生優先,開放： 64 外系： 64 屬性： 可退可加 拒退年級： 不設定,領域： 永續素養 學群： 永續多元,否,
843,DDTV801018,,永續多元,人文地理學 Human Geography 英-專業,2.00,通,學期,蔡恪恕 專長： 語意學,全英文,全,四(Thu),D7-D8,ES307,,,,,,,,,否,113學年度（含）前入學學生選修，得抵認ST社會科學通識學分。114學年度起入學之日進學士班選修，則抵認為永續素養通識學分。,最低年級： 一年級 最高年級： 四年級 分發優先順序： 4全校高年級學生優先,開放： 35 外系： 35 屬性： 可退可加 拒退年級： 不設定,領域： 永續素養 學群： 永續多元,是,
844,DDTV816788,,永續多元,婦女與歷史 Women and History,2.00,通,學期,楊小華 專長： 跨文化議題研究、東亞新音樂與全球化現象研究、歐洲音樂文化史,中文,全,二(Tue),D5-D6,ES508,,,,,,,,,否,113學年度（含）前入學學生選修，得抵認ST社會科學通識學分。114學年度起入學之日進學士班選修，則抵認為永續素養通識學分。,最低年級： 一年級 最高年級： 四年級 分發優先順序： 4全校高年級學生優先,開放： 70 外系： 70 屬性： 可退可加 拒退年級： 不設定,領域： 永續素養 學群： 永續多元,是,
845,DDTV831300,,永續多元,輔仁正義講堂 Fu Jen Justice Symposium,2.00,通,學期,黃鼎元 專長： 人生哲學,中文,全,二(Tue),D5-D6,ES605,,,,,,,,,否,113學年度（含）前入學學生選修，得抵認ST社會科學通識學分。114學年度起入學之日進學士班選修，則抵認為永續素養通識學分。,最低年級： 一年級 最高年級： 四年級 分發優先順序： 4全校高年級學生優先,開放： 70 外系： 70 屬性： 可退可加 拒退年級： 不設定,領域： 永續素養 學群： 永續多元,否,
846,DDTV835135,,永續多元,大學與社區的連結-新莊對話 The Connection between University and Local Community-Xinzhuang Dialogue,2.00,通,學期,王廷宇 專長： 文化研究與評論、族群與文化展示、喜馬拉雅與中國西南區域研究、歷史人類學,中文,全,二(Tue),D7-D8,LE103,,,,,,,,,否,113學年度（含）前入學學生選修，得抵認ST社會科學通識學分。114學年度起入學之日進學士班選修，則抵認為永續素養通識學分。,最低年級： 一年級 最高年級： 四年級 分發優先順序： 4全校高年級學生優先,開放： 70 外系： 70 屬性： 可退可加 拒退年級： 不設定,領域： 永續素養 學群： 永續多元,是,
847,DDTV835281,,永續多元,節慶觀光 Sightseeing Events for Festivals,2.00,通,學期,"徐美婷 專長： 銀髮族旅遊特性,旅遊心理特質,團體套裝旅遊服務品質",中文,全,二(Tue),D3-D4,ES304,,,,,,,,,否,113學年度（含）前入學學生選修，得抵認NT自然科技通識學分。114學年度起入學之日進學士班選修，則抵認為永續素養通識學分。,最低年級： 一年級 最高年級： 四年級 分發優先順序： 4全校高年級學生優先,開放： 70 外系： 70 屬性： 可退可加 拒退年級： 不設定,領域： 永續素養 學群： 永續多元,否,
848,DDTV837449,,永續多元,"台灣當代文化藝術與多元敘事 Contemporary Taiwanese Culture, Arts, and Plural Narratives",2.00,通,學期,何兆華 專長： 中國歷代傳統服飾、中國西南少數民族服飾、臺灣原住民服飾,中文,全,一(Mon),D7-D8,ES417,,,,,,,,,否,113學年度（含）前入學學生選修，得抵認PT人文藝術通識學分。114學年度起入學之日進學士班選修，則抵認為永續素養通識學分。,最低年級： 一年級 最高年級： 四年級 分發優先順序： 4全校高年級學生優先,開放： 100 外系： 100 屬性： 可退可加 拒退年級： 不設定,領域： 永續素養 學群： 永續多元,是,
849,DDTV837487,,永續多元,看不見的世界：微生物與生活的秘密 The Invisible World: Microorganisms and Their Roles in Daily Life,2.00,通,學期,鄭孟純 專長： 食品微生物、食品衛生安全、應用微生物學,中文,全,二(Tue),D3-D4,ES306,,,,,,,,,否,113學年度（含）前入學學生選修，得抵認NT自然科技通識學分。114學年度起入學之日進學士班選修，則抵認為永續素養通識學分。,最低年級： 一年級 最高年級： 四年級 分發優先順序： 4全校高年級學生優先,開放： 70 外系： 70 屬性： 可退可加 拒退年級： 不設定,領域： 永續素養 學群： 永續多元,是,
850,DDTV837488,,永續多元,餐桌上的科學：瞭解食品安全與健康 The Science of the Dining Table: Principles of Food Safety and Human Health,2.00,通,學期,鄭孟純 專長： 食品微生物、食品衛生安全、應用微生物學,中文,全,三(Wed),D3-D4,ES406,,,,,,,,,否,113學年度（含）前入學學生選修，得抵認NT自然科技通識學分。114學年度起入學之日進學士班選修，則抵認為永續素養通識學分。,最低年級： 一年級 最高年級： 四年級 分發優先順序： 4全校高年級學生優先,開放： 70 外系： 70 屬性： 可退可加 拒退年級： 不設定,領域： 永續素養 學群： 永續多元,是,
851,DDTV837489,,永續多元,醱酵秘訣：如何利用微生物打造健康與風味 Fermentation: How Microbes Create Health and Flavor 英-專業,2.00,通,學期,鄭孟純 專長： 食品微生物、食品衛生安全、應用微生物學,全英文,全,二(Tue),D5-D6,ES504,,,,,,,,,否,113學年度（含）前入學學生選修，得抵認NT自然科技通識學分。114學年度起入學之日進學士班選修，則抵認為永續素養通識學分。,最低年級： 一年級 最高年級： 四年級 分發優先順序： 4全校高年級學生優先,開放： 35 外系： 35 屬性： 可退可加 拒退年級： 不設定,領域： 永續素養 學群： 永續多元,否,
852,DDTV837668,,永續多元,人工智慧與永續發展 Artificial Intelligence and Sustainable Development,2.00,通,學期,謝邦昌 專長： 抽樣調查、生物統計、預測模式、資料採礦,中英文,全,四(Thu),D1-D2,ES401,,,,,,,,,否,113學年度（含）前入學學生選修，得抵認NT自然科技通識學分。114學年度起入學之日進學士班選修，則抵認為永續素養通識學分。,最低年級： 一年級 最高年級： 四年級 分發優先順序： 4全校高年級學生優先,開放： 85 外系： 85 屬性： 可退可加 拒退年級： 不設定,領域： 永續素養 學群： 永續多元,是,
853,DE30007554,,國小教育學程,輔導原理與實務 Guidance Theories and Practice,2.00,選,學期,"張鎮遠 專長： 體驗教育,服務學習,生涯發展與輔導,素養教育",中文,全,四(Thu),D7-D8,LE703,,,,,,,,,否,,最低年級： 一年級 最高年級： 七年級 分發優先順序： 4全校高年級學生優先,開放： 40 外系： 40 屬性： 可退可加 拒退年級： 不設定,領域： 學群：,否,
854,DE30032394,,國小教育學程,教育制度與變革 Educational System and Change,2.00,選,學期,劉名峯 專長： 教育行政、教育政策、高等教育、比較教育,中文,全,三(Wed),D3-D4,LE703,,,,,,,,,否,,最低年級： 一年級 最高年級： 七年級 分發優先順序： 4全校高年級學生優先,開放： 40 外系： 40 屬性： 可退可加 拒退年級： 不設定,領域： 學群：,否,
855,DE30033938,,國小教育學程,職業教育與生涯發展 Vocational Education and Career Development,1.00,選,學期,蔡宜穎 專長： 職業教育與訓練,中文,全,五(Fri),DN-DN,LE702,,,,,,,,,否,3/7、3/8、3/15上課,最低年級： 一年級 最高年級： 七年級 分發優先順序： 4全校高年級學生優先,開放： 45 外系： 45 屬性： 可退可加 拒退年級： 不設定,領域： 學群：,否,
856,DFG0010692,,外語學院,聖經與文化 Bible and Civilization,2.00,選,學期,柯士達 專長： 宗教與藝術、義大利語教學,中英文,全,二(Tue),D7-D8,LB404,,,,,,,,,否,,最低年級： 一年級 最高年級： 四年級 分發優先順序： 3開課學院高年級學生優先,開放： 20 外系： 20 屬性： 可退可加 拒退年級： 不設定,領域： 學群：,否,
857,DFG0032718,D1P0232718,外語學院,數位故事創作 Digital Storytelling 英-專業 程,2.00,選,學期,周德嬚 專長： 媒體概論,全英文,全,一(Mon),D1-D2,FG302,,,,,,,,,否,,最低年級： 二年級 最高年級： 四年級 分發優先順序： 3開課學院高年級學生優先,開放： 10 外系： 10 屬性： 可退可加 拒退年級： 不設定,領域： 學群：,否,
858,DFG0033277,D220333277,外語學院,數位行銷與實習(二) Digital Marketing and Internship (II) 實,3.00,選,學期,紀欣萍 專長： 商務法語、跨文化溝通、法語教學,中文,,,-,不需要教室,,,,,,,,,否,,最低年級： 三年級 最高年級： 四年級 分發優先順序： 3開課學院高年級學生優先,開放： 40 外系： 40 屬性： 可退可加 拒退年級： 不設定,領域： 學群：,否,
859,DFG0034986,G226234986,外語學院,國際精品行銷與數據分析 International Luxury Marketing and Data Analysis,2.00,選,學期,沈中衡 專長： 政治學、國際關係、網路教學,中文,全,三(Wed),D3-D4,LE402,,,,,,,,,否,,最低年級： 一年級 最高年級： 四年級 分發優先順序： 3開課學院高年級學生優先,開放： 28 外系： 28 屬性： 可退可加 拒退年級： 不設定,領域： 學群：,否,
860,DFG0036133,D200336133,外語學院,跨文化商務溝通實務 Techniques of Intercultural Business Communication 英-專業,2.00,選,學期,吳穎錫 專長： 美國社會、拉美區域整合、中國與拉美、歐盟研究,全英文,全,一(Mon),D8-E0,FG208,,,,,,,,,否,,最低年級： 三年級 最高年級： 四年級 分發優先順序： 3開課學院高年級學生優先,開放： 15 外系： 15 屬性： 可退可加 拒退年級： 不設定,領域： 學群：,否,
861,DFG0036536,D200136536,外語學院,數位行銷與教學專題(二) Projects on Digital Marketing and Mobile Learning II,3.00,選,學期,劉紀雯 專長： 當代加拿大與台灣後現代都市電影、當代加拿大後殖民文學,中英文,,,-,不需要教室,,,,,,,,,否,,最低年級： 一年級 最高年級： 四年級 分發優先順序： 3開課學院高年級學生優先,開放： 15 外系： 15 屬性： 可退可加 拒退年級： 不設定,領域： 學群：,否,
862,DFG0036799,G206036799,外語學院,圖數據與商業難題解析(二) Connect the Dots: Data Contextualization II 英-專業,3.00,選,學期,"林宗瀛 專長： 圖數據, 數據分析, AI應用",全英文,全,二(Tue),D2-D4,FG302,,,,,,,,,否,,最低年級： 一年級 最高年級： 四年級 分發優先順序： 3開課學院高年級學生優先,開放： 10 外系： 10 屬性： 可退可加 拒退年級： 不設定,領域： 學群：,否,
863,DFG0036877,G206036877,外語學院,提示工程與問題解決(二) Prompt Engineering and Problem-solving (II),2.00,選,學期,周德嬚 專長： 媒體概論,中英文,全,五(Fri),D3-D4,ES301,,,,,,,,,否,,最低年級： 一年級 最高年級： 四年級 分發優先順序： 3開課學院高年級學生優先,開放： 5 外系： 5 屬性： 可退可加 拒退年級： 不設定,領域： 學群：,否,
864,DFG0037299,G206037299,外語學院,商用大數據與ERP Commercial Big Data and ERP,3.00,選,學期,劉富容 專長： 數據分析資料視覺、電商與網路行銷、數位影像、遠距教學實務研究,中英文,全,五(Fri),D5-D7,LE404B,,,,,,,,,否,,最低年級： 一年級 最高年級： 四年級 分發優先順序： 3開課學院高年級學生優先,開放： 5 外系： 5 屬性： 可退可加 拒退年級： 不設定,領域： 學群：,否,
865,DFG0037526,,外語學院,戲劇表演實務(二) Practicum in Theater Arts (II),2.00,選,學期,莊衿葳 專長： 表演訓練、導演方法、整合劇場創作、理論實務、跨域創作、訓練批判思考力,中文,全,二(Tue),D5-D6,FG507,,,,,,,,,否,,最低年級： 一年級 最高年級： 四年級 分發優先順序： 3開課學院高年級學生優先,開放： 30 外系： 30 屬性： 可退可加 拒退年級： 不設定,領域： 學群：,否,
866,DJG0001341D,,法律學院,民法債編各論 Civil Law-Kinds of Obligations,3.00,選,學期,歐陽勝嘉 專長： 民事財產法、消費者保護法、契約法,中文,全,四(Thu),E1-E3,LM502,,,,,,,,,否,1.限法律學院學生(含輔系、雙主修)選課。2.需先修習「民法總則」、「民法債編總論」。,最低年級： 二年級 最高年級： 四年級 分發優先順序： 3開課學院高年級學生優先,開放： 95 外系： 0 屬性： 可退可加 拒退年級： 不設定,領域： 學群：,否,
867,DJG0001346D,,法律學院,民法繼承 Civil Law:Succession,2.00,選,學期,陳明楷 專長： 家族法、債法,中文,全,四(Thu),E1-E2,LW214,,,,,,,,,否,,最低年級： 一年級 最高年級： 四年級 分發優先順序： 3開課學院高年級學生優先,開放： 95 外系： 0 屬性： 可退可加 拒退年級： 不設定,領域： 學群：,否,
868,DJG0004044D,,法律學院,證券交易法 Securities Regulation,2.00,選,學期,郭土木 專長： 公司法、證券交易法、金融管理法規、證券投資信託及顧問法、期貨交易法,中文,全,二(Tue),E3-E4,LM108,,,,,,,,,否,,最低年級： 二年級 最高年級： 四年級 分發優先順序： 3開課學院高年級學生優先,開放： 77 外系： 0 屬性： 可退可加 拒退年級： 不設定,領域： 學群：,否,
869,DJG0016932C,,法律學院,刑法分則(二) Criminal Law:Kinds of Offenses(II),2.00,選,學期,林道 專長： 刑事法學,中文,全,三(Wed),D7-D8,ES617,,,,,,,,,否,須先修習「刑法總則」、「刑法分則(一)」。,最低年級： 二年級 最高年級： 四年級 分發優先順序： 3開課學院高年級學生優先,開放： 95 外系： 0 屬性： 可退可加 拒退年級： 不設定,領域： 學群：,否,
870,DJG0016932D,,法律學院,刑法分則(二) Criminal Law:Kinds of Offenses(II),2.00,選,學期,許戎沂 專長： 刑事法、歐洲人權法,中文,全,三(Wed),E1-E2,LM108,,,,,,,,,否,需先修習「刑法總則(一)(二)」、「刑法分則一」。,最低年級： 二年級 最高年級： 四年級 分發優先順序： 3開課學院高年級學生優先,開放： 80 外系： 10 屬性： 可退可加 拒退年級： 不設定,領域： 學群：,否,
871,DJG0024460D,,法律學院,民法債編總論(一) Civil Law-General Provisions of Obligations(I),3.00,選,學期,歐陽勝嘉 專長： 民事財產法、消費者保護法、契約法,中文,全,五(Fri),E1-E3,LM501,,,,,,,,,否,需先修習「民法總則」,最低年級： 一年級 最高年級： 四年級 分發優先順序： 3開課學院高年級學生優先,開放： 80 外系： 0 屬性： 可退可加 拒退年級： 不設定,領域： 學群：,否,
872,DJG0024464D,,法律學院,行政法(二) Administrative Law(II),2.00,選,學期,邱晨 專長： 稅捐法、行政法,中文,全,一(Mon),E3-E4,LW214,,,,,,,,,否,需先修習「行政法（一）」,最低年級： 一年級 最高年級： 四年級 分發優先順序： 3開課學院高年級學生優先,開放： 77 外系： 0 屬性： 可退可加 拒退年級： 不設定,領域： 學群：,否,
873,DJG0024466D,,法律學院,民事訴訟法(二) Law of Civil Procedure(II),3.00,選,學期,黃源浩 專長： 稅法、國際稅法、財政法、憲法、行政法,中文,全,一(Mon),E1-E3,LM501,,,,,,,,,否,需先修習「民事訴訟法一」,最低年級： 二年級 最高年級： 四年級 分發優先順序： 3開課學院高年級學生優先,開放： 50 外系： 0 屬性： 可退可加 拒退年級： 不設定,領域： 學群：,否,
874,DJG0024468D,,法律學院,刑事訴訟法(二) Law of Criminal Procedure(II),2.00,選,學期,許戎沂 專長： 刑事法、歐洲人權法,中文,全,三(Wed),E3-E4,LM108,,,,,,,,,否,需先修刑事訴訟法(一),最低年級： 二年級 最高年級： 四年級 分發優先順序： 3開課學院高年級學生優先,開放： 80 外系： 10 屬性： 可退可加 拒退年級： 不設定,領域： 學群：,否,
875,DJG0024470D,,法律學院,民法物權(二） Civil Law:Property(II),2.00,選,學期,陳重見 專長： 民事財產法、公寓大廈管理條例、動產擔保交易法、國家安全法制、法學倫理,中文,全,四(Thu),E3-E4,LM501,,,,,,,,,否,需先修習民法物權（一）,最低年級： 一年級 最高年級： 四年級 分發優先順序： 3開課學院高年級學生優先,開放： 95 外系： 0 屬性： 可退可加 拒退年級： 不設定,領域： 學群：,否,
876,DK05001483,D740101483,電子商務學程,行銷管理 Marketing Management,2.00,選,學期,高義芳 專長： 消費者行為研究、產業分析與競爭策略、產業經濟與競爭策略、企業政策,中文,全,五(Fri),D3-D4,LM503,,,,,,,,,否,,最低年級： 一年級 最高年級： 五年級 分發優先順序： 4全校高年級學生優先,開放： 20 外系： 20 屬性： 可退可加 拒退年級： 不設定,領域： 學群：,否,
877,DK05024500,D740324500,電子商務學程,服務科學 Service Science,3.00,選,學期,董惟鳳 專長： 創新服務、設計思考、機器人應用,中文,全,三(Wed),D2-D4,LM311,,,,,,,,,否,,最低年級： 二年級 最高年級： 四年級 分發優先順序： 4全校高年級學生優先,開放： 10 外系： 10 屬性： 可退可加 拒退年級： 不設定,領域： 學群：,否,
878,DK18033167,D250233167,外交國際學程,比較政府與政治：義大利與其他國家 Comparative Government and Politics: Italy and Other Countries,2.00,選,學期,張孟仁 專長： 義大利政治與外交、歐盟研究、國際關係,中文,全,一(Mon),D7-D8,FG507,,,,,,,,,否,,最低年級： 一年級 最高年級： 四年級 分發優先順序： 4全校高年級學生優先,開放： 30 外系： 30 屬性： 可退可加 拒退年級： 不設定,領域： 學群：,否,
879,DK19017480,G1M6117480,對外華教學程,華語語音學 Mandarin Phonetics,3.00,選,學期,朱曼妮 專長： 音韻學、語音學,中英文,全,三(Wed),D2-D4,LC502,,,,,,,,,否,,最低年級： 二年級 最高年級： 四年級 分發優先順序： 4全校高年級學生優先,開放： 20 外系： 20 屬性： 可退可加 拒退年級： 不設定,領域： 學群：,否,
880,DK19018329,G1M6218329,對外華教學程,華語教學實務 The Practice of Teaching Chinese as a Second Language,3.00,選,學期,李子瑄 專長： 漢語語言學、語言與文化、句法學、漢語語法、語用學、跨文化溝通,中英文,全,三(Wed),D7-E0,FG507,,,,,,,,,否,,最低年級： 二年級 最高年級： 四年級 分發優先順序： 4全校高年級學生優先,開放： 20 外系： 20 屬性： 可退可加 拒退年級： 不設定,領域： 學群：,否,
881,DK19019246,G1M6119246,對外華教學程,華語多媒體與電腦輔助教學 Computer-assisted Instruction in Teaching Chinese as a Second Language,3.00,選,學期,張于忻 專長： 華語文教學、詞話學、數位典藏、先秦美學思想、華語文資訊教育,中英文,全,四(Thu),DN-D6,SF340,,,,,,,,,否,,最低年級： 二年級 最高年級： 四年級 分發優先順序： 4全校高年級學生優先,開放： 20 外系： 20 屬性： 可退可加 拒退年級： 不設定,領域： 學群：,否,
882,DK19030178,G1M6130178,對外華教學程,漢語語法教學設計 Methods of Teaching Chinese Grammar,3.00,選,學期,李子瑄 專長： 漢語語言學、語言與文化、句法學、漢語語法、語用學、跨文化溝通,中英文,全,二(Tue),DN-D6,LA302,,,,,,,,,否,,最低年級： 二年級 最高年級： 四年級 分發優先順序： 4全校高年級學生優先,開放： 20 外系： 20 屬性： 可退可加 拒退年級： 不設定,領域： 學群：,否,
883,DK19031253,G1M6131253,對外華教學程,華語語用 Mandarin Pragmatics,3.00,選,學期,李子瑄 專長： 漢語語言學、語言與文化、句法學、漢語語法、語用學、跨文化溝通,中英文,全,三(Wed),D3-DN,FG402,,,,,,,,,否,,最低年級： 二年級 最高年級： 四年級 分發優先順序： 4全校高年級學生優先,開放： 20 外系： 20 屬性： 可退可加 拒退年級： 不設定,領域： 學群：,否,
884,DK19031740,,對外華教學程,華語文教學實習(二) Mandrian & Chinese Student Teaching(II),2.00,選,學期,李子瑄 專長： 漢語語言學、語言與文化、句法學、漢語語法、語用學、跨文化溝通,中英文,,,-,不需要教室,,,,,,,,,否,僅供教育部海外華師甄選,最低年級： 一年級 最高年級： 四年級 分發優先順序： 4全校高年級學生優先,開放： 10 外系： 10 屬性： 拒退拒加 拒退年級： 不設定,領域： 學群：,否,
885,DK28011885,D740311885,雲端服務學程,自然語言處理 Natural Language Processing 英-專業 程,3.00,選,學期,王冠云 專長： 教育科技、AI應用、人機互動、計算語言學、數位轉型、電腦視覺,全英文,全,五(Fri),D2-D4,BS440,,,,,,,,,否,,最低年級： 三年級 最高年級： 四年級 分發優先順序： 4全校高年級學生優先,開放： 5 外系： 5 屬性： 可退可加 拒退年級： 不設定,領域： 學群：,否,
886,DK28024498,D740324498,雲端服務學程,巨量資料概論 Introduction to Big Data,3.00,選,學期,林湘霖 專長： 決策科學、多變量分析、資料探勘、企業資源規劃、數位學習、區塊鏈應用,中文,全,一(Mon),D2-D4,ES401,,,,,,,,,否,,最低年級： 三年級 最高年級： 四年級 分發優先順序： 4全校高年級學生優先,開放： 5 外系： 5 屬性： 可退可加 拒退年級： 不設定,領域： 學群：,否,
887,DK28035552,D740335552,雲端服務學程,空間資訊管理 Geo-Spatial Information Management 英-專業,3.00,選,學期,林雅文 專長： 網路經濟、專案管理、空間資訊科學,全英文,全,二(Tue),DN-D6,LE402,,,,,,,,,否,,最低年級： 三年級 最高年級： 四年級 分發優先順序： 4全校高年級學生優先,開放： 5 外系： 5 屬性： 可退可加 拒退年級： 不設定,領域： 學群：,否,
888,DK44021302,DSG0021302,科技新創學程,設計思考與創新 Design Thinking and Innovation,2.00,選,學期,盧介華 專長： 品牌管理、創意創新、故事行銷、綠色行銷,中文,全,一(Mon),D5-D6,ES308,,,,,,,,,否,,最低年級： 一年級 最高年級： 四年級 分發優先順序： 4全校高年級學生優先,開放： 25 外系： 25 屬性： 可退可加 拒退年級： 不設定,領域： 學群：,否,
889,DK44030230,DSG0030230,科技新創學程,創新科技的智財專利概論 Introduction of intellectual property rights and patents for innovative technologies,2.00,選,學期,陳衍華 專長： 資訊系統分析設計與開發、數位與遊戲式學習、智慧財產權,中文,全,一(Mon),D7-D8,SF131,,,,,,,,,否,,最低年級： 一年級 最高年級： 七年級 分發優先順序： 4全校高年級學生優先,開放： 30 外系： 30 屬性： 可退可加 拒退年級： 不設定,領域： 學群：,否,
890,DK54001016,G746101016,AI微程,人工智慧 Artificial Intelligence 程,3.00,選,學期,呂奇傑 專長： 資料探勘、機器學習、時間序列資料分析、 醫療資訊、品質管理,中文,全,二(Tue),D5-D7,LW210,,,,,,,,,否,人工智慧學群5選3必修,最低年級： 二年級 最高年級： 六年級 分發優先順序： 4全校高年級學生優先,開放： 10 外系： 10 屬性： 可退可加 拒退年級： 不設定,領域： 學群：,否,
891,DK54024498,D740324498,AI微程,巨量資料概論 Introduction to Big Data,3.00,選,學期,林湘霖 專長： 決策科學、多變量分析、資料探勘、企業資源規劃、數位學習、區塊鏈應用,中文,全,一(Mon),D2-D4,ES401,,,,,,,,,否,,最低年級： 三年級 最高年級： 四年級 分發優先順序： 4全校高年級學生優先,開放： 5 外系： 5 屬性： 可退可加 拒退年級： 不設定,領域： 學群：,否,
892,DK54032134,G746132134,AI微程,深度學習導論與應用 Deep Learning and its Applications 程,3.00,選,學期,呂奇傑 專長： 資料探勘、機器學習、時間序列資料分析、 醫療資訊、品質管理,中文,全,四(Thu),D5-D7,LW210,,,,,,,,,否,人工智慧學群5選3必修,最低年級： 二年級 最高年級： 六年級 分發優先順序： 4全校高年級學生優先,開放： 10 外系： 10 屬性： 可退可加 拒退年級： 不設定,領域： 學群：,否,
893,DK80016693,DV10116693,專業英語微程,商務溝通:口語溝通技巧 Business Communication: Oral Communication Skills 英-語言 網,2.00,選,學期,樂麗琪 專長： 語言學、英文教材教法,全英文,全,四(Thu),D7-D8,教室未定,,,,,,,,,否,上課前請先查詢教室及實體上課時間，請至課程大綱和TronClass查詢,最低年級： 二年級 最高年級： 七年級 分發優先順序： 4全校高年級學生優先,開放： 5 外系： 5 屬性： 可退可加 拒退年級： 不設定,領域： 學群：,否,
894,DK80017984,DV10117984,專業英語微程,英文商業書信 Business letter writing 英-語言 網,2.00,選,學期,姚凱元 專長： 英文,全英文,全,五(Fri),E1-E2,教室未定,,,,,,,,,否,上課前請先查詢教室及實體上課時間，請至課程大綱和TronClass查詢,最低年級： 二年級 最高年級： 七年級 分發優先順序： 4全校高年級學生優先,開放： 5 外系： 5 屬性： 可退可加 拒退年級： 不設定,領域： 學群：,否,
895,DK80034885,DV10134885,專業英語微程,醫學英文 Medical English,2.00,選,學期,魏亦淳 專長： 自主學習理論、網路混合式學習、聽力策略、教學實務研究,中英文,全,五(Fri),D3-D4,MD304,,,,,,,,,否,醫學院教室上課,最低年級： 二年級 最高年級： 七年級 分發優先順序： 4全校高年級學生優先,開放： 5 外系： 5 屬性： 可退可加 拒退年級： 不設定,領域： 學群：,否,
896,DK80035707,DV10135707,專業英語微程,英文閱讀(一)︰解析美國文化 Reading (I): Reading American Culture 英-語言 網,2.00,選,學期,陳奏賢 專長： 英文寫作,全英文,全,三(Wed),E1-E2,教室未定,,,,,,,,,否,上課前請先查詢教室及實體上課時間，請至課程大綱和TronClass查詢,最低年級： 二年級 最高年級： 七年級 分發優先順序： 4全校高年級學生優先,開放： 5 外系： 5 屬性： 可退可加 拒退年級： 不設定,領域： 學群：,否,
897,DK80035708,DV10135708,專業英語微程,英文寫作(二)：專題寫作 Writing (II)： Project Report 英-語言 網,2.00,選,學期,吳娟 專長： 英語教學、英語遠距教學及線上教材製作、英語課程規劃,全英文,全,三(Wed),D7-D8,ES509,,,,,,,,,否,上課前請先查詢教室及實體上課時間，請至TronClass、AIEDL網站查詢：http://www.etweb.fju.edu.tw/elite/PreRegistration/course_list2.asp?year2=114&semester=2,最低年級： 二年級 最高年級： 七年級 分發優先順序： 4全校高年級學生優先,開放： 5 外系： 5 屬性： 可退可加 拒退年級： 不設定,領域： 學群：,否,
898,DK80035709,DV10135709,專業英語微程,商務聽力與會話 Business Listening and Conversation 英-語言 網,2.00,選,學期,許書銘 專長： 當代藝術史、當代畫像與精神分析、美國文學非裔作家小說、現代主義詩歌,全英文,全,二(Tue),E1-E2,教室未定,,,,,,,,,否,上課前請先查詢教室及實體上課時間，請至課程大綱和TronClass查詢,最低年級： 二年級 最高年級： 七年級 分發優先順序： 4全校高年級學生優先,開放： 5 外系： 5 屬性： 可退可加 拒退年級： 不設定,領域： 學群：,否,
899,DK80035710,DV10135710,專業英語微程,主題式多益閱讀與文法 Thematic TOEIC Reading & Grammar 網,2.00,選,學期,齊國斌 專長： 英語會話,中英文,全,二(Tue),D5-D6,ES817,,,,,,,,,否,,最低年級： 二年級 最高年級： 七年級 分發優先順序： 4全校高年級學生優先,開放： 5 外系： 5 屬性： 可退可加 拒退年級： 不設定,領域： 學群：,否,
900,DK80035712,DV10135712,專業英語微程,職場英文：溝通語境及策略 Workplace English: Communication Contexts and Strategies 英-語言 網,2.00,選,學期,林政憲 專長： 閱讀與字彙、英文學術寫作、雅思考試準備、商務英語簡報,全英文,全,二(Tue),E1-E2,教室未定,,,,,,,,,否,上課前請先查詢教室及實體上課時間，請至課程大綱和TronClass查詢,最低年級： 二年級 最高年級： 七年級 分發優先順序： 4全校高年級學生優先,開放： 5 外系： 5 屬性： 可退可加 拒退年級： 不設定,領域： 學群：,否,
901,DK80035981,DV10135981,專業英語微程,英文閱讀(三)︰文化與科技 Reading (III): Culture and Technology 英-語言 網,2.00,選,學期,李桂芬 專長： 語測口說與寫作,全英文,全,四(Thu),E1-E2,教室未定,,,,,,,,,否,上課前請先查詢教室及實體上課時間，請至課程大綱和TronClass查詢,最低年級： 二年級 最高年級： 七年級 分發優先順序： 4全校高年級學生優先,開放： 5 外系： 5 屬性： 可退可加 拒退年級： 不設定,領域： 學群：,否,
902,DK80036675,DV10136675,專業英語微程,經濟學英文 English in Economics 英-專業,2.00,選,學期,黃智榮 專長： 資訊管理、追溯系统、在線反饋信息、社交媒體 、消費者行為,全英文,全,五(Fri),D5-D6,LM104,,,,,,,,,否,,最低年級： 二年級 最高年級： 七年級 分發優先順序： 4全校高年級學生優先,開放： 5 外系： 5 屬性： 可退可加 拒退年級： 不設定,領域： 學群：,否,
903,DK80036676,DV10136676,專業英語微程,永續議題英文(II) English for Issues in Sustainable Development (II) 英-語言,2.00,選,學期,楊意安 專長： 英文閱讀寫作、後殖民小說與理論、離散文學、當代小說,全英文,全,二(Tue),D3-D4,LA211,,,,,,,,,否,,最低年級： 二年級 最高年級： 七年級 分發優先順序： 4全校高年級學生優先,開放： 5 外系： 5 屬性： 可退可加 拒退年級： 不設定,領域： 學群：,否,
904,DK96036133,D200336133,文創實務微程,跨文化商務溝通實務 Techniques of Intercultural Business Communication 英-專業,2.00,選,學期,吳穎錫 專長： 美國社會、拉美區域整合、中國與拉美、歐盟研究,全英文,全,一(Mon),D8-E0,FG208,,,,,,,,,否,,最低年級： 三年級 最高年級： 四年級 分發優先順序： 4全校高年級學生優先,開放： 10 外系： 10 屬性： 可退可加 拒退年級： 不設定,領域： 學群：,否,
905,DK96036536,D200136536,文創實務微程,數位行銷與教學專題(二) Projects on Digital Marketing and Mobile Learning II,3.00,選,學期,劉紀雯 專長： 當代加拿大與台灣後現代都市電影、當代加拿大後殖民文學,中英文,,,-,不需要教室,,,,,,,,,否,,最低年級： 一年級 最高年級： 四年級 分發優先順序： 4全校高年級學生優先,開放： 10 外系： 10 屬性： 可退可加 拒退年級： 不設定,領域： 學群：,否,
906,DNTD800477,,醫學類,體重控制與健康 Body Weight Control and Health,2.00,通,學期,簡辰霖 專長： 胸腔復健、運動醫學與體適能、女性健康,中文,全,一(Mon),D5-D6,MD303,,,,,,,,,否,請確定貴系是否排除此課程學群,最低年級： 一年級 最高年級： 四年級 分發優先順序： 4全校高年級學生優先,開放： 70 外系： 70 屬性： 可退可加 拒退年級： 不設定,領域： 自然科技 學群： 醫學類,否,
907,DNTD800502,,醫學類,藥物濫用 Drug Abuse,2.00,通,學期,田履黛 專長： 藥理學、毒理學、藥物濫用,中文,全,一(Mon),D7-D8,MD169,,,,,,,,,否,請確定貴系是否排除此課程學群,最低年級： 一年級 最高年級： 四年級 分發優先順序： 4全校高年級學生優先,開放： 70 外系： 70 屬性： 可退可加 拒退年級： 不設定,領域： 自然科技 學群： 醫學類,是,
908,DNTD800578,,醫學類,常用藥物概論 Introduction to Drugs,2.00,通,學期,吳文彬 專長： 藥理、心血管藥理學、細胞訊息傳遞、細胞生物學、藥物開發、天然物活性評估,中文,全,一(Mon),D3-D4,ES217,,,,,,,,,否,請確定貴系是否排除此課程學群,最低年級： 一年級 最高年級： 四年級 分發優先順序： 4全校高年級學生優先,開放： 110 外系： 110 屬性： 可退可加 拒退年級： 不設定,領域： 自然科技 學群： 醫學類,是,
909,DNTD800579,,醫學類,醫學發展對倫理的影響 Ethical Implications of Advances in Medicine 英-專業,2.00,通,學期,司馬忠 專長： 科學與宗教、生命倫理、分子生物學,全英文,全,一(Mon),D3-D4,ES409,,,,,,,,,否,已修過「醫學發展對倫理的影響」者，請勿重複修讀本課程。,最低年級： 一年級 最高年級： 四年級 分發優先順序： 4全校高年級學生優先,開放： 35 外系： 35 屬性： 可退可加 拒退年級： 不設定,領域： 自然科技 學群： 醫學類,否,
910,DNTD800745,,醫學類,化妝品科學與應用 Cosmetic Science,2.00,通,學期,洪啓峯 專長： 藥理學、生理學、化妝品科學,中文,全,五(Fri),D5-D6,ES517,,,,,,,,,否,請確定貴系是否排除此課程學群,最低年級： 一年級 最高年級： 四年級 分發優先順序： 4全校高年級學生優先,開放： 140 外系： 140 屬性： 可退可加 拒退年級： 不設定,領域： 自然科技 學群： 醫學類,是,
911,DNTD800961A,,醫學類,健康醫學與生活 Health Sciences and Life,2.00,通,學期,王啟仲 專長： 癌症生物學、分子生物學、細胞生物學、生物技術（基因轉錄調控）,中英文,全,二(Tue),D5-D6,ES105,,,,,,,,,否,由王啟仲、林盈宏、林維寧、王亮傑、劉羽芩五位老師合授/原科目名稱:健康醫學概論，已修過者，請勿重覆修讀本課程,最低年級： 一年級 最高年級： 四年級 分發優先順序： 4全校高年級學生優先,開放： 70 外系： 70 屬性： 可退可加 拒退年級： 不設定,領域： 自然科技 學群： 醫學類,是,
912,DNTD800961B,,醫學類,健康醫學與生活 Health Sciences and Life,2.00,通,學期,林盈宏 專長： 分子生物、細胞生物、生殖生理、男性生殖障礙,中英文,全,二(Tue),D5-D6,ES107,,,,,,,,,否,由王啟仲、林盈宏、林維寧、王亮傑、劉羽岑五位老師合授/原科目名稱:健康醫學概論，已修過者，請勿重覆修讀本課程,最低年級： 一年級 最高年級： 四年級 分發優先順序： 4全校高年級學生優先,開放： 70 外系： 70 屬性： 可退可加 拒退年級： 不設定,領域： 自然科技 學群： 醫學類,是,
913,DNTD800961C,,醫學類,健康醫學與生活 Health Sciences and Life,2.00,通,學期,林維寧 專長： 細胞訊息傳遞、發炎反應機轉研究、肺部疾病機轉研究、脂肪增生機轉研究,中英文,全,二(Tue),D5-D6,ES304,,,,,,,,,否,由王啟仲、林盈宏、林維寧、王亮傑、劉羽岑五位老師合授/原科目名稱:健康醫學概論，已修過者，請勿重覆修讀本課程,最低年級： 一年級 最高年級： 四年級 分發優先順序： 4全校高年級學生優先,開放： 70 外系： 70 屬性： 可退可加 拒退年級： 不設定,領域： 自然科技 學群： 醫學類,是,
914,DNTD800961D,,醫學類,健康醫學與生活 Health Sciences and Life,2.00,通,學期,王亮傑 專長： 幹細胞生物學、人類胎盤細胞分化的機制、子癇前症致病的機轉,中文,全,二(Tue),D5-D6,ES308,,,,,,,,,否,由王啟仲、林盈宏、林維寧、王亮傑、劉羽岑五位老師合授/原科目名稱:健康醫學概論，已修過者，請勿重覆修讀本課程,最低年級： 一年級 最高年級： 四年級 分發優先順序： 4全校高年級學生優先,開放： 70 外系： 70 屬性： 可退可加 拒退年級： 不設定,領域： 自然科技 學群： 醫學類,是,
915,DNTD804133A,,醫學類,健康與生活 Health and Life,2.00,通,學期,簡辰霖 專長： 胸腔復健、運動醫學與體適能、女性健康,中文,全,一(Mon),D7-D8,MD303,,,,,,,,,否,由簡辰霖、林昭成、辜韋智、吳宜娜、劉羽岑五位老師合授/原科目名稱:健康促進概論，已修過者，請勿重複修讀本課程,最低年級： 一年級 最高年級： 四年級 分發優先順序： 4全校高年級學生優先,開放： 70 外系： 70 屬性： 可退可加 拒退年級： 不設定,領域： 自然科技 學群： 醫學類,否,
916,DNTD804133B,,醫學類,健康與生活 Health and Life,2.00,通,學期,林昭成 專長： 保健營養、生物化學、化療藥物作用機轉,中文,全,一(Mon),D7-D8,MD304,,,,,,,,,否,由簡辰霖、林昭成、辜韋智、吳宜娜、劉羽岑五位老師合授/原科目名稱:健康促進概論，已修過者，請勿重複修讀本課程,最低年級： 一年級 最高年級： 四年級 分發優先順序： 4全校高年級學生優先,開放： 70 外系： 70 屬性： 可退可加 拒退年級： 不設定,領域： 自然科技 學群： 醫學類,否,
917,DNTD804133C,,醫學類,健康與生活 Health and Life,2.00,通,學期,辜韋智 專長： 生物化學、細胞生物學、遺傳學、分析化學,中文,全,一(Mon),D7-D8,MD203,,,,,,,,,否,由簡辰霖、林昭成、辜韋智、吳宜娜、劉羽岑五位老師合授/原科目名稱:健康促進概論，已修過者，請勿重複修讀本課程,最低年級： 一年級 最高年級： 四年級 分發優先順序： 4全校高年級學生優先,開放： 70 外系： 70 屬性： 可退可加 拒退年級： 不設定,領域： 自然科技 學群： 醫學類,否,
918,DNTD804133D,,醫學類,健康與生活 Health and Life,2.00,通,學期,吳宜娜 專長： 生殖醫學、男性功能障礙、下泌尿道生理學、泌尿實驗動物學,中文,全,一(Mon),D7-D8,MD212,,,,,,,,,否,由簡辰霖、林昭成、辜韋智、吳宜娜、劉羽岑五位老師合授/原科目名稱:健康促進概論，已修過者，請勿重複修讀本課程,最低年級： 一年級 最高年級： 四年級 分發優先順序： 4全校高年級學生優先,開放： 70 外系： 70 屬性： 可退可加 拒退年級： 不設定,領域： 自然科技 學群： 醫學類,否,
919,DNTD810504A,,醫學類,當代生物醫學課題 Current Topics in Biomedical Science,2.00,通,學期,盧志峰 專長： 醫學之生化及分子生物、生物學之生化及分子生物、醫學之分子遺傳,中英文,全,四(Thu),D7-D8,MD170,,,,,,,,,否,請確定貴系是否排除此課程學群,最低年級： 一年級 最高年級： 四年級 分發優先順序： 4全校高年級學生優先,開放： 70 外系： 70 屬性： 可退可加 拒退年級： 不設定,領域： 自然科技 學群： 醫學類,是,
920,DNTD810504B,,醫學類,當代生物醫學課題 Current Topics in Biomedical Science,2.00,通,學期,李紹禎 專長： 生物化學、醣生物學、基因表現調控、分子作用辨識、癌生物學、癌轉移,中文,全,三(Wed),D7-D8,MD170,,,,,,,,,否,請確定貴系是否排除此課程學群,最低年級： 一年級 最高年級： 四年級 分發優先順序： 4全校高年級學生優先,開放： 75 外系： 75 屬性： 可退可加 拒退年級： 不設定,領域： 自然科技 學群： 醫學類,是,
921,DNTD811679,,醫學類,疾病檢查與診斷 Disease Examination and Diagnosis,2.00,通,學期,莊志光 專長： 臨床醫學檢查與疾病診斷,中文,全,二(Tue),D5-D6,ES306,,,,,,,,,否,請確定貴系是否排除此課程學群,最低年級： 一年級 最高年級： 四年級 分發優先順序： 4全校高年級學生優先,開放： 75 外系： 75 屬性： 可退可加 拒退年級： 不設定,領域： 自然科技 學群： 醫學類,否,
922,DNTD811680,,醫學類,健康與疾病 Disease and Health 網,2.00,通,學期,王業翰 專長： 病理學、公衛政策與法律、醫療社會學,中文,全,一(Mon),D5-D6,ES306,,,,,,,,,否,請確定貴系是否排除此課程學群,最低年級： 一年級 最高年級： 四年級 分發優先順序： 4全校高年級學生優先,開放： 70 外系： 70 屬性： 可退可加 拒退年級： 不設定,領域： 自然科技 學群： 醫學類,否,
923,DNTD812241,,醫學類,現代醫學與生物技術的發展 Modern Medicine and Development of Biotechnology,2.00,通,學期,林鈺玲 專長： 生物化學,中文,全,四(Thu),D3-D4,MD305,,,,,,,,,否,請確定貴系是否排除此課程學群,最低年級： 一年級 最高年級： 四年級 分發優先順序： 4全校高年級學生優先,開放： 70 外系： 70 屬性： 可退可加 拒退年級： 不設定,領域： 自然科技 學群： 醫學類,是,
924,DNTD812243A,,醫學類,人體的奧秘 The mystery of the human body,2.00,通,學期,王雋之 專長： 血液動力學、心血管生理學,中文,全,一(Mon),D5-D6,MD304,,,,,,,,,否,由王雋之、阮婷、傅斯如三位老師合授。請確定貴系是否排除此課程學群,最低年級： 一年級 最高年級： 四年級 分發優先順序： 4全校高年級學生優先,開放： 60 外系： 60 屬性： 可退可加 拒退年級： 不設定,領域： 自然科技 學群： 醫學類,否,
925,DNTD812243B,,醫學類,人體的奧秘 The mystery of the human body,2.00,通,學期,阮婷 專長： 呼吸生理學、神經生理學、生理學,中文,全,四(Thu),D5-D6,MD304,,,,,,,,,否,由王雋之、阮婷、傅斯如三位老師合授。請確定貴系是否排除此課程學群,最低年級： 一年級 最高年級： 四年級 分發優先順序： 4全校高年級學生優先,開放： 60 外系： 60 屬性： 可退可加 拒退年級： 不設定,領域： 自然科技 學群： 醫學類,否,
926,DNTD812243C,,醫學類,人體的奧秘 The mystery of the human body,2.00,通,學期,傅斯如 專長： 探討內分泌與生殖系統相關之氯離子通道蛋白恆定機制,中文,全,五(Fri),D5-D6,MD170,,,,,,,,,否,請確定貴系是否排除此課程學群,最低年級： 一年級 最高年級： 四年級 分發優先順序： 4全校高年級學生優先,開放： 60 外系： 60 屬性： 可退可加 拒退年級： 不設定,領域： 自然科技 學群： 醫學類,否,
927,DNTD813245,,醫學類,寄生蟲與人生 Parasite and life,2.00,通,學期,杜文圓 專長： 寄生蟲免疫學、醫學昆蟲學,中文,全,二(Tue),D7-D8,ES308,,,,,,,,,否,請確定貴系是否排除此課程學群,最低年級： 一年級 最高年級： 四年級 分發優先順序： 4全校高年級學生優先,開放： 70 外系： 70 屬性： 可退可加 拒退年級： 不設定,領域： 自然科技 學群： 醫學類,否,
928,DNTD814915,,醫學類,人體探索 Explore Human Body 網,2.00,通,學期,王英洲 專長： 行為神經科學、生理心理學、腦結構功能分析,中文,全,五(Fri),D5-D6,ES817,,,,,,,,,否,非同步遠距課程。已修過實體課程「人體探索」者，不得再修讀本課程。請確定貴系是否排除此課程學群。,最低年級： 一年級 最高年級： 四年級 分發優先順序： 4全校高年級學生優先,開放： 120 外系： 120 屬性： 可退可加 拒退年級： 不設定,領域： 自然科技 學群： 醫學類,否,
929,DNTD831009,,醫學類,人文與醫學探索 Exploration of Humanities and  Medical,2.00,通,學期,張君威 專長： 醫學教育、精神醫學、性別教育、健康促進、衛生教育、自殺防治,中文,全,三(Wed),D7-D8,MD212,,,,,,,,,否,請確定貴系是否排除此課程學群,最低年級： 一年級 最高年級： 四年級 分發優先順序： 4全校高年級學生優先,開放： 70 外系： 70 屬性： 可退可加 拒退年級： 不設定,領域： 自然科技 學群： 醫學類,否,
930,DNTD831010,,醫學類,醫學新知概論 Advanced Medical Knowledge,2.00,通,學期,裴馰 專長： 代謝內分泌科,中文,全,三(Wed),D7-D8,MD213,,,,,,,,,否,請確定貴系是否排除此課程學群,最低年級： 一年級 最高年級： 四年級 分發優先順序： 4全校高年級學生優先,開放： 70 外系： 70 屬性： 可退可加 拒退年級： 不設定,領域： 自然科技 學群： 醫學類,否,
931,DNTD835279,,醫學類,精油化學與芳療保健 Essential oil and aromatherapy,2.00,通,學期,田履黛 專長： 藥理學、毒理學、藥物濫用,中文,全,二(Tue),D7-D8,MD304,,,,,,,,,否,請確定貴系是否排除此課程學群,最低年級： 一年級 最高年級： 四年級 分發優先順序： 4全校高年級學生優先,開放： 70 外系： 70 屬性： 可退可加 拒退年級： 不設定,領域： 自然科技 學群： 醫學類,是,
932,DNTD835280,,醫學類,人體生理學概論 Introduction to Human Physiology,2.00,通,學期,江明璋 專長： 神經科學、細胞分子生物學,中文,全,三(Wed),D3-D4,ES917,,,,,,,,,否,請確定貴系是否排除此課程學群,最低年級： 一年級 最高年級： 四年級 分發優先順序： 4全校高年級學生優先,開放： 70 外系： 70 屬性： 可退可加 拒退年級： 不設定,領域： 自然科技 學群： 醫學類,是,
933,DNTD835590,,醫學類,生命電影院:電影中的疾病與人生 Understanding Diseases through Ten Movies 英-專業 網,2.00,通,學期,闕可欣 專長： 精神科護理、調查研究、介入研究、心理衛生研究、睡眠研究,全英文,全,四(Thu),D7-D8,不需要教室,,,,,,,,,否,請確定貴系是否排除此課程學群,最低年級： 一年級 最高年級： 四年級 分發優先順序： 4全校高年級學生優先,開放： 35 外系： 35 屬性： 可退可加 拒退年級： 1                             年級,領域： 自然科技 學群： 醫學類,否,
934,DNTD835591,,醫學類,身體不思議 Amazing Facts of Human Body 英-專業 網,2.00,通,學期,王霈 專長： 細胞生物學及相關技術、分子生物學及相關技術,全英文,全,三(Wed),D7-D8,MD204,,,,,,,,,否,請確定貴系是否排除此課程學群,最低年級： 一年級 最高年級： 四年級 分發優先順序： 4全校高年級學生優先,開放： 100 外系： 100 屬性： 可退可加 拒退年級： 不設定,領域： 自然科技 學群： 醫學類,否,
935,DNTD836103,,醫學類,人體骨骼肌肉的構造與功能 The Structures and Functions of Human Skeletons and Muscles 網,2.00,通,學期,王霈 專長： 細胞生物學及相關技術、分子生物學及相關技術,中文,全,一(Mon),D5-D6,ES417,,,,,,,,,否,由王霈、王嘉銓二位老師合授。請確定貴系是否排除此課程學群,最低年級： 一年級 最高年級： 四年級 分發優先順序： 4全校高年級學生優先,開放： 120 外系： 120 屬性： 可退可加 拒退年級： 不設定,領域： 自然科技 學群： 醫學類,否,
936,DNTD836942,,醫學類,醫療科技評估 Health Technology Assessment,2.00,通,學期,陳詠宸 專長： 流行病學、生物統計學、實證健康照護、醫療科技評估,中文,全,二(Tue),D1-D2,MD169,,,,,,,,,否,請確定貴系是否排除此課程學群,最低年級： 一年級 最高年級： 四年級 分發優先順序： 4全校高年級學生優先,開放： 70 外系： 70 屬性： 可退可加 拒退年級： 不設定,領域： 自然科技 學群： 醫學類,是,
937,DNTD836943,,醫學類,腦科學探索 Brain Science Explore,2.00,通,學期,鍾敦輝 專長： 解剖學、組織學、細胞生物學,中文,全,四(Thu),D7-D8,MD212,,,,,,,,,否,請確定貴系是否排除此課程學群,最低年級： 一年級 最高年級： 四年級 分發優先順序： 4全校高年級學生優先,開放： 70 外系： 70 屬性： 可退可加 拒退年級： 不設定,領域： 自然科技 學群： 醫學類,否,
938,DNTH800142,,民生類,營養與保健 Nutrition and Health,2.00,通,學期,吳文勉 專長： 免疫學、營養與免疫、實驗動物營養學,中文,全,四(Thu),D5-D6,ES317,,,,,,,,,否,請確定貴系是否排除此課程學群,最低年級： 一年級 最高年級： 四年級 分發優先順序： 4全校高年級學生優先,開放： 105 外系： 105 屬性： 可退可加 拒退年級： 不設定,領域： 自然科技 學群： 民生類,否,
939,DNTH800384,,民生類,織品與服飾 Textiles And Fashion,2.00,通,學期,陳貴糖 專長： 大學入門,中文,全,四(Thu),D3-D4,ES306,,,,,,,,,否,原科目名稱:織品服飾工商業導論，已修過者，請勿重複修讀本課程,最低年級： 一年級 最高年級： 四年級 分發優先順序： 4全校高年級學生優先,開放： 70 外系： 70 屬性： 可退可加 拒退年級： 不設定,領域： 自然科技 學群： 民生類,是,
940,DNTH800800A,,民生類,民生科技導論 Introduction to Human Ecology,2.00,通,學期,駱香妃 專長： 餐飲管理、餐旅服務行銷與管理、餐飲衛生與安全,中文,全,三(Wed),D7-D8,ES406,,,,,,,,,否,由駱香妃、黎世輝二位老師合授。請確定貴系是否排除此課程學群,最低年級： 一年級 最高年級： 四年級 分發優先順序： 4全校高年級學生優先,開放： 70 外系： 70 屬性： 可退可加 拒退年級： 不設定,領域： 自然科技 學群： 民生類,是,
941,DNTH800800B,,民生類,民生科技導論 Introduction to Human Ecology,2.00,通,學期,黎世輝 專長： 博物館策展理論與規劃、博物館與公共史學、地方博物館、文化政策與理論,中文,全,三(Wed),D7-D8,ES407,,,,,,,,,否,由駱香妃、黎世輝二位老師合授。請確定貴系是否排除此課程學群,最低年級： 一年級 最高年級： 四年級 分發優先順序： 4全校高年級學生優先,開放： 70 外系： 70 屬性： 可退可加 拒退年級： 不設定,領域： 自然科技 學群： 民生類,是,
942,DNTI800367,,資訊科技,網路資源應用 Use Of Internet Resources,2.00,通,學期,潘東名 專長： 網路管理、網頁開發技術、資訊安全、雲計算、人工智慧與電腦視覺,中文,全,一(Mon),D3-D4,LE402,,,,,,,,,否,請確定貴系是否排除此課程學群,最低年級： 一年級 最高年級： 四年級 分發優先順序： 4全校高年級學生優先,開放： 50 外系： 50 屬性： 可退可加 拒退年級： 不設定,領域： 自然科技 學群： 資訊科技,否,
943,DNTI800443A,,資訊科技,數位攝影與影像處理 Digital Photography and image processing,2.00,通,學期,陳舜仁 專長： 美日關係（美日同盟）、美國東亞政策、東北亞國際關係、電腦教育,中文,全,一(Mon),D5-D6,ES601,,,,,,,,,否,請確定貴系是否排除此課程學群,最低年級： 一年級 最高年級： 四年級 分發優先順序： 4全校高年級學生優先,開放： 65 外系： 65 屬性： 可退可加 拒退年級： 不設定,領域： 自然科技 學群： 資訊科技,否,
944,DNTI800443B,,資訊科技,數位攝影與影像處理 Digital Photography and image processing,2.00,通,學期,陳舜仁 專長： 美日關係（美日同盟）、美國東亞政策、東北亞國際關係、電腦教育,中文,全,一(Mon),D7-D8,ES601,,,,,,,,,否,請確定貴系是否排除此課程學群,最低年級： 一年級 最高年級： 四年級 分發優先順序： 4全校高年級學生優先,開放： 65 外系： 65 屬性： 可退可加 拒退年級： 不設定,領域： 自然科技 學群： 資訊科技,否,
945,DNTI800548,,資訊科技,電腦與課程學習 Computer Learning 網,2.00,通,學期,楊志田 專長： 數值分析、電腦應用軟體,中文,全,四(Thu),D7-D8,SF338,,,,,,,,,否,僅1、8、16三周需至電腦教室實體上課；請確定貴系是否排除此課程學群,最低年級： 一年級 最高年級： 四年級 分發優先順序： 4全校高年級學生優先,開放： 65 外系： 65 屬性： 可退可加 拒退年級： 不設定,領域： 自然科技 學群： 資訊科技,否,
946,DNTI804844A,,資訊科技,電腦應用 Applied Computer Technology 程,2.00,通,學期,劉富容 專長： 數據分析資料視覺、電商與網路行銷、數位影像、遠距教學實務研究,中文,全,一(Mon),D7-D8,SF337,,,,,,,,,否,請確定貴系是否排除此課程學群,最低年級： 一年級 最高年級： 四年級 分發優先順序： 4全校高年級學生優先,開放： 65 外系： 65 屬性： 可退可加 拒退年級： 不設定,領域： 自然科技 學群： 資訊科技,否,
947,DNTI804844B,,資訊科技,電腦應用 Applied Computer Technology 網,2.00,通,學期,楊志田 專長： 數值分析、電腦應用軟體,中文,全,四(Thu),D5-D6,SF338,,,,,,,,,否,僅1、8、16三周需至電腦教室實體上課；請確定貴系是否排除此課程學群,最低年級： 一年級 最高年級： 四年級 分發優先順序： 4全校高年級學生優先,開放： 65 外系： 65 屬性： 可退可加 拒退年級： 不設定,領域： 自然科技 學群： 資訊科技,否,
948,DNTI805341A,,資訊科技,電機電子概論 Introduction to Electrical Engineering,2.00,通,學期,鄞永昌 專長： 類比電路設計為主要研究方向、亦含奈米與通訊之跨領域整合研究,中文,全,一(Mon),D3-D4,ES107,,,,,,,,,否,請確定貴系是否排除此課程學群,最低年級： 一年級 最高年級： 四年級 分發優先順序： 4全校高年級學生優先,開放： 70 外系： 70 屬性： 不代入 拒退年級： 不設定,領域： 自然科技 學群： 資訊科技,否,
949,DNTI805341B,,資訊科技,電機電子概論 Introduction to Electrical Engineering,2.00,通,學期,鄞永昌 專長： 類比電路設計為主要研究方向、亦含奈米與通訊之跨領域整合研究,中文,全,三(Wed),D3-D4,ES306,,,,,,,,,否,請確定貴系是否排除此課程學群,最低年級： 一年級 最高年級： 四年級 分發優先順序： 4全校高年級學生優先,開放： 70 外系： 70 屬性： 可退可加 拒退年級： 不設定,領域： 自然科技 學群： 資訊科技,否,
950,DNTI822579,,資訊科技,網路雲端實務應用 Internet Cloud Applications,2.00,通,學期,潘東名 專長： 網路管理、網頁開發技術、資訊安全、雲計算、人工智慧與電腦視覺,中文,全,二(Tue),D5-D6,ES301,,,,,,,,,否,請確定貴系是否排除此課程學群,最低年級： 一年級 最高年級： 四年級 分發優先順序： 4全校高年級學生優先,開放： 55 外系： 55 屬性： 可退可加 拒退年級： 不設定,領域： 自然科技 學群： 資訊科技,否,
951,DNTI830331,,資訊科技,Python程式設計 Python Program Design 程,2.00,通,學期,劉鴻裕 專長： 通訊信號處理、檢測與估計理論、同步、正交分頻多工、無線通訊,中文,全,二(Tue),D7-D8,LE402,,,,,,,,,否,同遠距課程：Python程式設計-網，已修過者，請勿重複修讀本課程。請確定貴系是否排除此課程學群。,最低年級： 一年級 最高年級： 四年級 分發優先順序： 4全校高年級學生優先,開放： 52 外系： 52 屬性： 可退可加 拒退年級： 不設定,領域： 自然科技 學群： 資訊科技,否,
952,DNTI831279A,,資訊科技,試算表與程式設計 Electronic Spreadsheet and Programming 程,2.00,通,學期,楊志田 專長： 數值分析、電腦應用軟體,中文,全,五(Fri),D5-D6,SF338,,,,,,,,,否,請確定貴系是否排除此課程學群,最低年級： 一年級 最高年級： 四年級 分發優先順序： 4全校高年級學生優先,開放： 65 外系： 65 屬性： 可退可加 拒退年級： 不設定,領域： 自然科技 學群： 資訊科技,否,
953,DNTI833865,,資訊科技,大數據及人工智慧概論 Introduction to big data and Artificial intelligence,2.00,通,學期,謝邦昌 專長： 抽樣調查、生物統計、預測模式、資料採礦,中文,全,四(Thu),D3-D4,ES401,,,,,,,,,否,請確定貴系是否排除此課程學群,最低年級： 一年級 最高年級： 四年級 分發優先順序： 4全校高年級學生優先,開放： 85 外系： 85 屬性： 可退可加 拒退年級： 不設定,領域： 自然科技 學群： 資訊科技,是,
954,DNTI835207,,資訊科技,智慧物聯網概論 Introduction to AIoT 網,2.00,通,學期,梅興 專長： 新興Web技術、無線行動軟體、社交網路、3D虛擬世界,中文,全,五(Fri),D3-D4,ES317,,,,,,,,,否,非同步遠距課程。請確定貴系是否排除此課程學群,最低年級： 一年級 最高年級： 四年級 分發優先順序： 4全校高年級學生優先,開放： 150 外系： 150 屬性： 可退可加 拒退年級： 不設定,領域： 自然科技 學群： 資訊科技,否,
955,DNTI836101,,資訊科技,新世代雲端服務與智慧物聯網 Next generation cloud computing and AIoT,2.00,通,學期,潘東名 專長： 網路管理、網頁開發技術、資訊安全、雲計算、人工智慧與電腦視覺,中文,全,二(Tue),D3-D4,SF338,,,,,,,,,否,請確定貴系是否排除此課程學群,最低年級： 一年級 最高年級： 四年級 分發優先順序： 4全校高年級學生優先,開放： 65 外系： 65 屬性： 可退可加 拒退年級： 不設定,領域： 自然科技 學群： 資訊科技,否,
956,DNTN800026,,自然類,自然科學概論 Introduction to Natural Science,2.00,通,學期,管克新 專長： 有機金屬化學,中文,全,五(Fri),D3-D4,ES306,,,,,,,,,否,請確定貴系是否排除此課程學群,最低年級： 一年級 最高年級： 四年級 分發優先順序： 4全校高年級學生優先,開放： 70 外系： 70 屬性： 可退可加 拒退年級： 不設定,領域： 自然科技 學群： 自然類,是,
957,DNTN800381,,自然類,動物行為概論 Introduction to Ethology,2.00,通,學期,陳錫智 專長： 生理學、神經生理學、動物行為學、生理心理學、德語,中文,全,三(Wed),D3-D4,ES307,,,,,,,,,否,請確定貴系是否排除此課程學群,最低年級： 一年級 最高年級： 四年級 分發優先順序： 4全校高年級學生優先,開放： 70 外系： 70 屬性： 可退可加 拒退年級： 不設定,領域： 自然科技 學群： 自然類,是,
958,DNTN800958A,,自然類,生物科技與生活 Biotechnology and life,2.00,通,學期,周秀慧 專長： 免疫生物學,中文,全,五(Fri),D5-D6,ES105,,,,,,,,,否,由周秀慧、賴金美、蘇睿智三位老師合授/原科目名稱:生物技術概論，已修過者，請勿重複修讀本課程,最低年級： 一年級 最高年級： 四年級 分發優先順序： 4全校高年級學生優先,開放： 70 外系： 70 屬性： 可退可加 拒退年級： 不設定,領域： 自然科技 學群： 自然類,是,
959,DNTN800962,,自然類,腦科學與生活 Brain Science and life,2.00,通,學期,江明璋 專長： 神經科學、細胞分子生物學,中文,全,二(Tue),D3-D4,ES717,,,,,,,,,否,請確定貴系是否排除此課程學群,最低年級： 一年級 最高年級： 四年級 分發優先順序： 4全校高年級學生優先,開放： 160 外系： 160 屬性： 可退可加 拒退年級： 不設定,領域： 自然科技 學群： 自然類,是,
960,DNTN802283,,自然類,普通化學 General Chemistry,2.00,通,學期,管克新 專長： 有機金屬化學,中文,全,一(Mon),D3-D4,ES306,,,,,,,,,否,請確定貴系是否排除此課程學群,最低年級： 一年級 最高年級： 四年級 分發優先順序： 4全校高年級學生優先,開放： 70 外系： 70 屬性： 可退可加 拒退年級： 不設定,領域： 自然科技 學群： 自然類,是,
961,DNTN804161,,自然類,科技管理 Management of Technology and Innovation,2.00,通,學期,吳剛鳳 專長： 科技管理,中文,全,四(Thu),D3-D4,ES817,,,,,,,,,否,請確定貴系是否排除此課程學群,最低年級： 一年級 最高年級： 四年級 分發優先順序： 4全校高年級學生優先,開放： 120 外系： 120 屬性： 可退可加 拒退年級： 不設定,領域： 自然科技 學群： 自然類,是,
962,DNTN815961A,,自然類,基礎生物學 Basic Biology,2.00,通,學期,賴金美 專長： 細胞生物學、分子生物學、生物化學,中文,全,五(Fri),D5-D6,ES106,,,,,,,,,否,由賴金美、王琄嬋、周秀慧三位老師合授,最低年級： 一年級 最高年級： 四年級 分發優先順序： 4全校高年級學生優先,開放： 70 外系： 70 屬性： 可退可加 拒退年級： 不設定,領域： 自然科技 學群： 自然類,是,
963,DNTN831282A,,自然類,生命科學與人類生活 Life Science and Human Life 程,2.00,通,學期,藍清隆 專長： 族群生物學、植物病理學、真菌生物技術,中文,全,一(Mon),D7-D8,SF338,,,,,,,,,否,1.請確定貴系是否排除此課程學群。2.含程式設計課程，於電腦教室上課。,最低年級： 一年級 最高年級： 四年級 分發優先順序： 4全校高年級學生優先,開放： 60 外系： 60 屬性： 可退可加 拒退年級： 不設定,領域： 自然科技 學群： 自然類,是,
964,DNTN837622,,自然類,半導體產業與技術概論 Introduction to Semiconductor Industry and Technology,2.00,通,學期,林寬仁 專長： 嵌入式系統設計、VLSI、CAD,中文,全,二(Tue),D7-D8,ES605,,,,,,,,,否,請確定貴系是否排除此課程學群,最低年級： 一年級 最高年級： 四年級 分發優先順序： 4全校高年級學生優先,開放： 70 外系： 70 屬性： 可退可加 拒退年級： 不設定,領域： 自然科技 學群： 自然類,否,
965,DNTT800818,,NT歷史與文化,台灣醫療與社會 The Medical Treatment and Society in Taiwan,2.00,通,學期,許峰源 專長： 台灣史、醫療公衛史、中外關係史、海洋文明史,中文,全,一(Mon),D7-D8,LE2A,,,,,,,,,否,請確定貴系是否排除此課程學群。,最低年級： 一年級 最高年級： 四年級 分發優先順序： 4全校高年級學生優先,開放： 100 外系： 100 屬性： 可退可加 拒退年級： 不設定,領域： 自然科技 學群： NT歷史與文化,否,
966,DNTT836053,,NT歷史與文化,科學與社會：歷史脈絡 Science and Society : A History 英-專業,2.00,通,學期,司馬忠 專長： 科學與宗教、生命倫理、分子生物學,全英文,全,五(Fri),D3-D4,ES409,,,,,,,,,否,請確定貴系是否排除此課程學群。,最低年級： 一年級 最高年級： 四年級 分發優先順序： 4全校高年級學生優先,開放： 35 外系： 35 屬性： 可退可加 拒退年級： 不設定,領域： 自然科技 學群： NT歷史與文化,否,
967,DPTA834176,,聽覺藝術,天主教聖樂入門賞析 Introduction to Catholic Sacred Music,2.00,通,學期,洪力行 專長： 天主教聖樂、比較文學、文學與音樂跨藝術研究、教育科技、語言教學,中文,全,一(Mon),D5-D6,ES817,,,,,,,,,否,請確定貴系是否排除此課程學群,最低年級： 一年級 最高年級： 四年級 分發優先順序： 4全校高年級學生優先,開放： 70 外系： 70 屬性： 可退可加 拒退年級： 不設定,領域： 人文藝術 學群： 聽覺藝術,是,
968,DPTF800437,,生活藝術,音樂與人生 Music and Life,2.00,通,學期,陳惠齡 專長： 鋼琴、鍵盤和聲、總譜彈奏,中文,全,三(Wed),D3-D4,ES817,,,,,,,,,否,已修過「音樂賞析」者，不得再修讀本課程。請確定貴系是否排除此課程學群。,最低年級： 一年級 最高年級： 四年級 分發優先順序： 4全校高年級學生優先,開放： 70 外系： 70 屬性： 可退可加 拒退年級： 不設定,領域： 人文藝術 學群： 生活藝術,否,
969,DPTF800760,,生活藝術,現代藝術與生活 Modern Art Appreciation and Application 網,2.00,通,學期,李孟玲 專長： 色彩學、現代藝術、現代水墨與書法造形之應用,中文,全,五(Fri),D7-D8,ES317,,,,,,,,,否,非同步遠距課程。已修過「現代藝術與生活-網」者，不得再修讀本課程。請確定貴系是否排除此課程學群。,最低年級： 一年級 最高年級： 四年級 分發優先順序： 4全校高年級學生優先,開放： 155 外系： 155 屬性： 可退可加 拒退年級： 不設定,領域： 人文藝術 學群： 生活藝術,否,
970,DPTF800811,,生活藝術,建築設計欣賞及設備介紹 Architecture Appreciation and Utility Introduction,2.00,通,學期,卜建平 專長： 設計基礎,中英文,全,二(Tue),D5-D6,LE103,,,,,,,,,否,請確定貴系是否排除此課程學群。,最低年級： 一年級 最高年級： 四年級 分發優先順序： 4全校高年級學生優先,開放： 70 外系： 70 屬性： 可退可加 拒退年級： 不設定,領域： 人文藝術 學群： 生活藝術,否,
971,DPTF817992,,生活藝術,室內設計與家具欣賞 Interior Design and Furniture appreciation,2.00,通,學期,王麗卿 專長： 室內設計、家具設計、文化創意產業、設計創意與思考,中文,全,一(Mon),D7-D8,LE104,,,,,,,,,否,請確定貴系是否排除此課程學群。,最低年級： 一年級 最高年級： 四年級 分發優先順序： 4全校高年級學生優先,開放： 70 外系： 70 屬性： 可退可加 拒退年級： 不設定,領域： 人文藝術 學群： 生活藝術,否,
972,DPTF833851,,生活藝術,美感經驗與品味 Aesthetic Experience and Taste,2.00,通,學期,何佳瑞 專長： 士林哲學、美學、教育哲學、現象學,中文,全,一(Mon),D5-D6,ES407,,,,,,,,,否,請確定貴系是否排除此課程學群,最低年級： 一年級 最高年級： 四年級 分發優先順序： 4全校高年級學生優先,開放： 70 外系： 70 屬性： 可退可加 拒退年級： 不設定,領域： 人文藝術 學群： 生活藝術,否,
973,DPTF834175,,生活藝術,生活色彩學 Chromatics in life 網,2.00,通,學期,李孟玲 專長： 色彩學、現代藝術、現代水墨與書法造形之應用,中文,全,三(Wed),D7-D8,ES417,,,,,,,,,否,非同步遠距課程。已修過「生活色彩學」者，不得再修讀本課程。請確定貴系是否排除此課程學群。,最低年級： 一年級 最高年級： 四年級 分發優先順序： 4全校高年級學生優先,開放： 160 外系： 160 屬性： 可退可加 拒退年級： 不設定,領域： 人文藝術 學群： 生活藝術,否,
974,DPTF836074,,生活藝術,世界電影與成長故事 World Cinema & Stories of Growth 英-專業,2.00,通,學期,陳姿伶 專長： 中級英文寫作,全英文,全,三(Wed),D3-D4,ES618,,,,,,,,,否,本課程為全英語授課。已修過「世界電影與成長故事-英」者，不得再修讀本課程。請確定貴系是否排除此課程學群。,最低年級： 一年級 最高年級： 四年級 分發優先順序： 4全校高年級學生優先,開放： 35 外系： 35 屬性： 可退可加 拒退年級： 不設定,領域： 人文藝術 學群： 生活藝術,是,
975,DPTP800518A,,表演藝術,歌劇鑑賞 Appreciation of Opera,2.00,通,學期,林義偉 專長： 聲樂、義大利文、歌劇演唱,中文,全,四(Thu),D3-D4,LI200,,,,,,,,,否,請確定貴系是否排除此課程學群。,最低年級： 一年級 最高年級： 四年級 分發優先順序： 4全校高年級學生優先,開放： 70 外系： 70 屬性： 可退可加 拒退年級： 不設定,領域： 人文藝術 學群： 表演藝術,是,
976,DPTP800803,,表演藝術,繪本與故事劇場 Picture books and story theater,2.00,通,學期,陳筠安 專長： 兒童戲劇,中文,全,二(Tue),D3-D4,LI302,,,,,,,,,否,請確定貴系是否排除此課程學群。,最低年級： 一年級 最高年級： 四年級 分發優先順序： 4全校高年級學生優先,開放： 35 外系： 35 屬性： 可退可加 拒退年級： 不設定,領域： 人文藝術 學群： 表演藝術,是,
977,DPTP804582,,表演藝術,表演藝術 Performing Art,2.00,通,學期,范婷玉 專長： 聲樂,中文,全,一(Mon),D7-D8,LI302,,,,,,,,,否,請確定貴系是否排除此課程學群。,最低年級： 一年級 最高年級： 四年級 分發優先順序： 4全校高年級學生優先,開放： 30 外系： 30 屬性： 可退可加 拒退年級： 不設定,領域： 人文藝術 學群： 表演藝術,是,
978,DPTP834500,,表演藝術,傳統樂器製作 The Making of Traditional Instruments,2.00,通,學期,曹登昌 專長： 數位音樂、錄音、唱片製作,中文,全,三(Wed),D7-E0,CF408,,,,,,,,,否,請確定貴系是否排除此課程學群。上課教室CF408為舒德樓原住民展藝空間。,最低年級： 一年級 最高年級： 四年級 分發優先順序： 4全校高年級學生優先,開放： 20 外系： 20 屬性： 可退可加 拒退年級： 不設定,領域： 人文藝術 學群： 表演藝術,是,
979,DPTP835912,,表演藝術,原住民族聲響影像化實務 Practice on Visualizing Indigenous Sounds in Taiwan,2.00,通,學期,張家瑀 專長： 電影配樂研究與應用音樂相關實作,中文,全,二(Tue),D5-D6,LE403,,,,,,,,,否,請確定貴系是否排除此課程學群。,最低年級： 一年級 最高年級： 四年級 分發優先順序： 4全校高年級學生優先,開放： 40 外系： 40 屬性： 可退可加 拒退年級： 不設定,領域： 人文藝術 學群： 表演藝術,是,
980,DPTP837451,,表演藝術,傳統樂舞呈現及創作(進階) Traditional Music and Dance Performance and Creation (Advanced),2.00,通,學期,郭銘勻 專長： 舞蹈,中文,全,二(Tue),D3-D4,SF133,,,,,,,,,否,請確定貴系是否排除此課程學群。上課教室：SF133為理工宗輔歡喜齋。,最低年級： 一年級 最高年級： 四年級 分發優先順序： 4全校高年級學生優先,開放： 20 外系： 20 屬性： 可退可加 拒退年級： 不設定,領域： 人文藝術 學群： 表演藝術,是,
981,DPTT800019,,PT歷史與文化,中國文化史 History of Chinese Civilization,2.00,通,學期,朱瑞月 專長： 中國文化史,中文,全,一(Mon),D8-E0,ES406,,,,,,,,,否,請確定貴系是否排除此課程學群。,最低年級： 一年級 最高年級： 四年級 分發優先順序： 4全校高年級學生優先,開放： 70 外系： 70 屬性： 可退可加 拒退年級： 不設定,領域： 人文藝術 學群： PT歷史與文化,是,
982,DPTT800686,,PT歷史與文化,近代中國人物評析 The Human Being Criticism in Modern China,2.00,通,學期,林桶法 專長： 中國近現代史、國共內戰、檔案與口述、台灣近現代史、抗日戰爭,中文,全,三(Wed),D1-D2,LE103,,,,,,,,,否,請確定貴系是否排除此課程學群,最低年級： 一年級 最高年級： 四年級 分發優先順序： 4全校高年級學生優先,開放： 70 外系： 70 屬性： 可退可加 拒退年級： 不設定,領域： 人文藝術 學群： PT歷史與文化,是,
983,DPTT800687A,,PT歷史與文化,近代中國的變遷 The Evolution of Modern China,2.00,通,學期,高郁雅 專長： 中國近現代、中國新聞史近代中國政治史、社會文化、婦女問題,中文,全,一(Mon),D5-D6,LE104,,,,,,,,,否,請確定貴系是否排除此課程學群。,最低年級： 一年級 最高年級： 四年級 分發優先順序： 4全校高年級學生優先,開放： 70 外系： 70 屬性： 可退可加 拒退年級： 不設定,領域： 人文藝術 學群： PT歷史與文化,否,
984,DPTT800687B,,PT歷史與文化,近代中國的變遷 The Evolution of Modern China,2.00,通,學期,高郁雅 專長： 中國近現代、中國新聞史近代中國政治史、社會文化、婦女問題,中文,全,三(Wed),D3-D4,LI304,,,,,,,,,否,請確定貴系是否排除此課程學群。,最低年級： 一年級 最高年級： 四年級 分發優先順序： 4全校高年級學生優先,開放： 68 外系： 68 屬性： 可退可加 拒退年級： 不設定,領域： 人文藝術 學群： PT歷史與文化,否,
985,DPTT800700,,PT歷史與文化,世界古文明 History of Ancient World Civilization,2.00,通,學期,王惟貞 專長： 世界古文明,中文,全,一(Mon),D3-D4,ES307,,,,,,,,,否,請確定貴系是否排除此課程學群。,最低年級： 一年級 最高年級： 四年級 分發優先順序： 4全校高年級學生優先,開放： 70 外系： 70 屬性： 可退可加 拒退年級： 不設定,領域： 人文藝術 學群： PT歷史與文化,是,
986,DPTT800701,,PT歷史與文化,中世紀歐洲騎士文化 Medieval European Chivalric Culture,2.00,通,學期,孔思曾 專長： 西洋中古史、中古商業復興,中文,全,一(Mon),D7-D8,LE106,,,,,,,,,否,請確定貴系是否排除此課程學群,最低年級： 一年級 最高年級： 四年級 分發優先順序： 4全校高年級學生優先,開放： 70 外系： 70 屬性： 可退可加 拒退年級： 不設定,領域： 人文藝術 學群： PT歷史與文化,否,
987,DPTT800708,,PT歷史與文化,儒學與中國社會 Confusicianism and Chinese Society,2.00,通,學期,蔡嘉麟 專長： 明史、環境史、教育史、孔子思想,中文,全,四(Thu),D3-D4,ES307,,,,,,,,,否,請確定貴系是否排除此課程學群,最低年級： 一年級 最高年級： 四年級 分發優先順序： 4全校高年級學生優先,開放： 70 外系： 70 屬性： 可退可加 拒退年級： 不設定,領域： 人文藝術 學群： PT歷史與文化,是,
988,DPTT800952,,PT歷史與文化,台灣史蹟與歷史 Taiwan's Historic Sites and History,2.00,通,學期,江長青 專長： 台灣史蹟導論,中文,全,二(Tue),D1-D2,ES304,,,,,,,,,否,請確定貴系是否排除此學群。,最低年級： 一年級 最高年級： 四年級 分發優先順序： 4全校高年級學生優先,開放： 70 外系： 70 屬性： 可退可加 拒退年級： 不設定,領域： 人文藝術 學群： PT歷史與文化,否,
989,DPTT809827,,PT歷史與文化,台灣開發史 The History of Taiwan Progress,2.00,通,學期,朱瑞月 專長： 中國文化史,中文,全,四(Thu),D8-E0,ES407,,,,,,,,,否,請確定貴系是否排除此課程學群,最低年級： 一年級 最高年級： 四年級 分發優先順序： 4全校高年級學生優先,開放： 70 外系： 70 屬性： 可退可加 拒退年級： 不設定,領域： 人文藝術 學群： PT歷史與文化,是,
990,DPTT809867,,PT歷史與文化,台灣社會與文化 Taiwan Society and Culture,2.00,通,學期,柯景棋 專長： 台灣史、台灣社會與文化、1980年代台灣社會反省運動,中文,全,二(Tue),D8-E0,ES406,,,,,,,,,否,請確定貴系是否排除此課程學群。,最低年級： 一年級 最高年級： 四年級 分發優先順序： 4全校高年級學生優先,開放： 70 外系： 70 屬性： 可退可加 拒退年級： 不設定,領域： 人文藝術 學群： PT歷史與文化,是,
991,DPTT816265,,PT歷史與文化,臺灣歌謠社會文化史 Taiwannese Folkore and Songs,2.00,通,學期,黃銘亮 專長： 臺灣歌謠社會文化史,中文,全,二(Tue),D7-D8,ES606,,,,,,,,,否,請確定貴系是否排除此學群。,最低年級： 一年級 最高年級： 四年級 分發優先順序： 4全校高年級學生優先,開放： 70 外系： 70 屬性： 可退可加 拒退年級： 不設定,領域： 人文藝術 學群： PT歷史與文化,是,
992,DPTT816763,,PT歷史與文化,近代歐洲社會的中產階級 The Middle Class in Modern European Society,2.00,通,學期,楊淳嫻 專長： 歐洲文化史、近代史、文化研究理論、歷史哲學,中英文,全,四(Thu),D7-D8,ES306,,,,,,,,,否,請確定貴系是否排除此課程學群。,最低年級： 一年級 最高年級： 四年級 分發優先順序： 4全校高年級學生優先,開放： 70 外系： 70 屬性： 可退可加 拒退年級： 不設定,領域： 人文藝術 學群： PT歷史與文化,是,
993,DPTT818378,,PT歷史與文化,文藝復興時代 The age of the Renaissance,2.00,通,學期,潘薇綺 專長： 文藝復興史、西洋上古史、明末清初中西文化交流史,中文,全,一(Mon),D5-D6,ES408,,,,,,,,,否,請確定貴系是否排除此課程學群。,最低年級： 一年級 最高年級： 四年級 分發優先順序： 4全校高年級學生優先,開放： 70 外系： 70 屬性： 可退可加 拒退年級： 不設定,領域： 人文藝術 學群： PT歷史與文化,是,
994,DPTT818885,,PT歷史與文化,近代西方文明的脈動 Modern Western Civilization,2.00,通,學期,蕭道中 專長： 世界現代史、冷戰史、歐洲史、國際關係史,中文,全,一(Mon),D3-D4,LI200,,,,,,,,,否,請確定貴系是否排除此課程學群。,最低年級： 一年級 最高年級： 四年級 分發優先順序： 4全校高年級學生優先,開放： 120 外系： 120 屬性： 可退可加 拒退年級： 不設定,領域： 人文藝術 學群： PT歷史與文化,否,
995,DPTT822471A,,PT歷史與文化,臺灣文化的發展 Taiwan's Cultural Development,2.00,通,學期,駱芬美 專長： 歷史文化與社會變遷、歷史與文化、台灣開發史,中文,全,一(Mon),D5-D6,ES717,,,,,,,,,否,請確定貴系是否排除此課程學群。請勿重複修讀相同科目名稱不同分組之課程。,最低年級： 一年級 最高年級： 四年級 分發優先順序： 4全校高年級學生優先,開放： 100 外系： 100 屬性： 可退可加 拒退年級： 不設定,領域： 人文藝術 學群： PT歷史與文化,是,
996,DPTT822471B,,PT歷史與文化,臺灣文化的發展 Taiwan's Cultural Development,2.00,通,學期,駱芬美 專長： 歷史文化與社會變遷、歷史與文化、台灣開發史,中文,全,一(Mon),D7-D8,ES717,,,,,,,,,否,請確定貴系是否排除此課程學群。請勿重複修讀相同科目名稱不同分組之課程。,最低年級： 一年級 最高年級： 四年級 分發優先順序： 4全校高年級學生優先,開放： 100 外系： 100 屬性： 可退可加 拒退年級： 不設定,領域： 人文藝術 學群： PT歷史與文化,是,
997,DPTT822472,,PT歷史與文化,歷史與傳說 History and Legend,2.00,通,學期,鄭銘德 專長： 中國歷史與人物,中文,全,一(Mon),D3-D4,ES407,,,,,,,,,否,請確定貴系是否排除此課程學群。,最低年級： 一年級 最高年級： 四年級 分發優先順序： 4全校高年級學生優先,開放： 75 外系： 75 屬性： 可退可加 拒退年級： 不設定,領域： 人文藝術 學群： PT歷史與文化,否,
998,DPTT830182,,PT歷史與文化,二十世紀的音樂與文化思潮 Music and Culture of the 20th Century,2.00,通,學期,楊小華 專長： 跨文化議題研究、東亞新音樂與全球化現象研究、歐洲音樂文化史,中文,全,一(Mon),D7-D8,LE203,,,,,,,,,否,請確定貴系是否排除此課程學群,最低年級： 一年級 最高年級： 四年級 分發優先順序： 4全校高年級學生優先,開放： 70 外系： 70 屬性： 可退可加 拒退年級： 不設定,領域： 人文藝術 學群： PT歷史與文化,是,
999,DPTT830554,,PT歷史與文化,經營博物館典藏與展覽實務 Museum Practice of Collection and Exhibition,2.00,通,學期,游量凱 專長： 關注博物館、策展研究、藝術史與性別議題,中文,全,一(Mon),D5-D6,ES506,,,,,,,,,否,請確定貴系是否排除此課程學群。,最低年級： 一年級 最高年級： 四年級 分發優先順序： 4全校高年級學生優先,開放： 70 外系： 70 屬性： 可退可加 拒退年級： 不設定,領域： 人文藝術 學群： PT歷史與文化,否,
1000,DPTT836078,,PT歷史與文化,從電影看美國歷史 U.S. History in Films 英-專業,2.00,通,學期,馮卓健 專長： 美國史、政治思想史、世界史、歐洲早期近代史,全英文,全,五(Fri),D3-D4,LE203,,,,,,,,,否,本課程為全英語授課。請確定貴系是否排除此課程學群。,最低年級： 一年級 最高年級： 四年級 分發優先順序： 4全校高年級學生優先,開放： 35 外系： 35 屬性： 可退可加 拒退年級： 不設定,領域： 人文藝術 學群： PT歷史與文化,是,
1001,DPTV800554,,視覺藝術,宗教與跨藝術研究 Religion and Interact Studies,2.00,通,學期,張光琪 專長： 創作-美術-壓克力畫、攝影、混合媒材,中文,全,五(Fri),D3-D4,ES304,,,,,,,,,否,請確定貴系是否排除此課程學群。,最低年級： 一年級 最高年級： 四年級 分發優先順序： 4全校高年級學生優先,開放： 70 外系： 70 屬性： 可退可加 拒退年級： 不設定,領域： 人文藝術 學群： 視覺藝術,是,
1002,DPTV800588,,視覺藝術,藝術與文化 Art and Culture,2.00,通,學期,張光琪 專長： 創作-美術-壓克力畫、攝影、混合媒材,中文,全,五(Fri),D1-D2,ES304,,,,,,,,,否,請確定貴系是否排除此課程學群。,最低年級： 一年級 最高年級： 四年級 分發優先順序： 4全校高年級學生優先,開放： 65 外系： 65 屬性： 可退可加 拒退年級： 不設定,領域： 人文藝術 學群： 視覺藝術,是,
1003,DPTV800622,,視覺藝術,數位攝影藝術 Digital Photography,2.00,通,學期,陳原成 專長： 數位攝影藝術,中文,全,一(Mon),D5-D6,LE403,,,,,,,,,否,請確定貴系是否排除此課程學群。,最低年級： 一年級 最高年級： 四年級 分發優先順序： 4全校高年級學生優先,開放： 40 外系： 40 屬性： 可退可加 拒退年級： 不設定,領域： 人文藝術 學群： 視覺藝術,是,
1004,DPTV800623,,視覺藝術,西洋藝術鑑賞 Appreciation of Occidental Art,2.00,通,學期,周偉 專長： 西洋藝術鑑賞,中文,全,二(Tue),D1-D2,LE104,,,,,,,,,否,請確定貴系是否排除此課程學群。,最低年級： 一年級 最高年級： 四年級 分發優先順序： 4全校高年級學生優先,開放： 65 外系： 65 屬性： 可退可加 拒退年級： 不設定,領域： 人文藝術 學群： 視覺藝術,是,
1005,DPTV800670,,視覺藝術,現代數位攝影賞析 Digital Photography,2.00,通,學期,沈孝隆 專長： 人像攝影、商業攝影,中文,全,四(Thu),D8-E0,LE104,,,,,,,,,否,請確定貴系是否排除此課程學群。,最低年級： 一年級 最高年級： 四年級 分發優先順序： 4全校高年級學生優先,開放： 70 外系： 70 屬性： 可退可加 拒退年級： 不設定,領域： 人文藝術 學群： 視覺藝術,否,
1006,DPTV800757,,視覺藝術,西洋藝術流派與風格解析 Western Art Genre and Style Analysis,2.00,通,學期,陳原成 專長： 數位攝影藝術,中文,全,一(Mon),D3-D4,LE302,,,,,,,,,否,修過「西洋藝術評析」者，不得再修讀本課程。請確定貴系是否排除此課程學群。,最低年級： 一年級 最高年級： 四年級 分發優先順序： 4全校高年級學生優先,開放： 45 外系： 45 屬性： 可退可加 拒退年級： 不設定,領域： 人文藝術 學群： 視覺藝術,是,
1007,DPTV800758,,視覺藝術,書法藝術與造形創意 The Artistic Form of Chinese Calligraphy,2.00,通,學期,李孟玲 專長： 色彩學、現代藝術、現代水墨與書法造形之應用,中文,全,三(Wed),D3-D4,LE1A,,,,,,,,,否,修過「中國書法藝術」者，不得再修讀本課程。請確定貴系是否排除此課程學群。,最低年級： 一年級 最高年級： 四年級 分發優先順序： 4全校高年級學生優先,開放： 37 外系： 37 屬性： 可退可加 拒退年級： 不設定,領域： 人文藝術 學群： 視覺藝術,否,
1008,DPTV804456,,視覺藝術,中國書法入門 Chinese Calligraphy,2.00,通,學期,孫永忠 專長： 古典文學、文獻學、書法、詩詞吟唱、應用文,中文,全,四(Thu),D3-D4,LE1A,,,,,,,,,否,請確定貴系是否排除此課程學群。,最低年級： 一年級 最高年級： 四年級 分發優先順序： 4全校高年級學生優先,開放： 37 外系： 37 屬性： 可退可加 拒退年級： 不設定,領域： 人文藝術 學群： 視覺藝術,是,
1009,DPTV806134,,視覺藝術,現代藝術欣賞 Modern Art Appreciate,2.00,通,學期,周偉 專長： 西洋藝術鑑賞,中文,全,二(Tue),D3-D4,LE104,,,,,,,,,否,請確定貴系是否排除此課程學群。,最低年級： 一年級 最高年級： 四年級 分發優先順序： 4全校高年級學生優先,開放： 70 外系： 70 屬性： 可退可加 拒退年級： 不設定,領域： 人文藝術 學群： 視覺藝術,是,
1010,DPTV809897,,視覺藝術,美學與鑑賞 Aesthetics : Theory and Practice,2.00,通,學期,李匡郎 專長： 文物研究,中文,全,一(Mon),D5-D6,LI100,,,,,,,,,否,請確定貴系是否排除此課程學群。,最低年級： 一年級 最高年級： 四年級 分發優先順序： 4全校高年級學生優先,開放： 115 外系： 115 屬性： 可退可加 拒退年級： 不設定,領域： 人文藝術 學群： 視覺藝術,否,
1011,DPTX807441,,文學,中國小說與文化 Chinese Culture in the Novels in China,2.00,通,學期,李昭瑢 專長： 國文,中文,全,二(Tue),D7-D8,LI100,,,,,,,,,否,請確定貴系是否排除此課程學群。,最低年級： 一年級 最高年級： 四年級 分發優先順序： 4全校高年級學生優先,開放： 70 外系： 70 屬性： 可退可加 拒退年級： 不設定,領域： 人文藝術 學群： 文學,是,
1012,DPTY800006,,哲學,哲學概論 Introduction to Philosophy,2.00,通,學期,傅玲玲 專長： 儒家哲學、法家哲學,中文,全,四(Thu),D1-D2,LI306,,,,,,,,,否,請確定貴系是否排除此課程學群。,最低年級： 一年級 最高年級： 四年級 分發優先順序： 4全校高年級學生優先,開放： 68 外系： 68 屬性： 可退可加 拒退年級： 不設定,領域： 人文藝術 學群： 哲學,否,
1013,DPTY800193,,哲學,人文學概論 An Introduction to Humanities,2.00,通,學期,劉美惠 專長： 宗教哲學、倫理學、批判思考、道德推理,中文,全,三(Wed),D8-E0,ES304,,,,,,,,,否,請確定貴系是否排除此課程學群。,最低年級： 一年級 最高年級： 四年級 分發優先順序： 4全校高年級學生優先,開放： 70 外系： 70 屬性： 可退可加 拒退年級： 不設定,領域： 人文藝術 學群： 哲學,是,
1014,DPTY800951,,哲學,近代歐洲哲學思想 Modern European Philosophy,2.00,通,學期,李匡郎 專長： 文物研究,中英文,全,二(Tue),D3-D4,ES517,,,,,,,,,否,已修過「近代歐洲哲學思想概論」者，不得再修讀本課程。請確定貴系是否排除此課程學群。,最低年級： 一年級 最高年級： 四年級 分發優先順序： 4全校高年級學生優先,開放： 120 外系： 120 屬性： 可退可加 拒退年級： 不設定,領域： 人文藝術 學群： 哲學,否,
1015,DPTY806669A,,哲學,易經與人生 I-Jien and Life,2.00,通,學期,陳福濱 專長： 兩漢哲學、宋明理學,中文,全,三(Wed),D1-D2,LE105,,,,,,,,,否,請確定貴系是否排除此課程學群。,最低年級： 一年級 最高年級： 四年級 分發優先順序： 4全校高年級學生優先,開放： 70 外系： 70 屬性： 可退可加 拒退年級： 不設定,領域： 人文藝術 學群： 哲學,是,
1016,DPTY824707,,哲學,古希臘的人文精神 Ancient Greek Humanistic Spirit,2.00,通,學期,丁福寧 專長： 知識論、形上學、哲學人學、分析哲學,中文,全,一(Mon),D3-D4,LE305,,,,,,,,,否,請確定貴系是否排除此課程學群。,最低年級： 一年級 最高年級： 四年級 分發優先順序： 4全校高年級學生優先,開放： 70 外系： 70 屬性： 可退可加 拒退年級： 不設定,領域： 人文藝術 學群： 哲學,是,
1017,DPTY832273,,哲學,邏輯與批判性思維 Logic and Critical Thinking,2.00,通,學期,周明泉 專長： 法律哲學、社會哲學、政治哲學、哲學詮釋學、倫理學,中文,全,二(Tue),D3-D4,ES817,,,,,,,,,否,請確定貴系是否排除此課程學群。,最低年級： 一年級 最高年級： 四年級 分發優先順序： 4全校高年級學生優先,開放： 170 外系： 170 屬性： 可退可加 拒退年級： 不設定,領域： 人文藝術 學群： 哲學,否,
1018,DPTY836883,,哲學,電影反思與敘事力 Film Reflection and Narrative Ability,2.00,通,學期,戴宇光 專長： 倫理學、道德哲學、醫學倫理學、人生哲學、中世紀哲學、天主教哲學,中文,全,三(Wed),D7-D8,ES307,,,,,,,,,否,請確定貴系是否排除此課程學群。,最低年級： 一年級 最高年級： 四年級 分發優先順序： 4全校高年級學生優先,開放： 70 外系： 70 屬性： 可退可加 拒退年級： 不設定,領域： 人文藝術 學群： 哲學,否,
1019,DSG0002898,,理工學院,臨床醫學概論 Introduction to Clinical Medicine,3.00,選,學期,劉文勝 專長： 腎臟疾病,中文,全,二(Tue),D7-E0,ES107,,,,,,,,,否,,最低年級： 一年級 最高年級： 四年級 分發優先順序： 3開課學院高年級學生優先,開放： 30 外系： 30 屬性： 可退可加 拒退年級： 不設定,領域： 學群：,否,
1020,DSG0021195,,理工學院,基礎人體醫學概論 Introduction to basic human medicine,3.00,選,學期,吳傳頌 專長： 基礎人體醫學概論,中文,全,二(Tue),D7-E0,ES105,,,,,,,,,否,,最低年級： 一年級 最高年級： 四年級 分發優先順序： 3開課學院高年級學生優先,開放： 30 外系： 30 屬性： 可退可加 拒退年級： 不設定,領域： 學群：,否,
1021,DSG0021302,,理工學院,設計思考與創新 Design Thinking and Innovation,2.00,選,學期,盧介華 專長： 品牌管理、創意創新、故事行銷、綠色行銷,中文,全,一(Mon),D5-D6,ES308,,,,,,,,,否,,最低年級： 一年級 最高年級： 四年級 分發優先順序： 3開課學院高年級學生優先,開放： 25 外系： 25 屬性： 可退可加 拒退年級： 不設定,領域： 學群：,否,
1022,DSG0030230,,理工學院,創新科技的智財專利概論 Introduction of intellectual property rights and patents for innovative technologies,2.00,選,學期,陳衍華 專長： 資訊系統分析設計與開發、數位與遊戲式學習、智慧財產權,中文,全,一(Mon),D7-D8,SF131,,,,,,,,,否,,最低年級： 一年級 最高年級： 四年級 分發優先順序： 3開課學院高年級學生優先,開放： 30 外系： 30 屬性： 可退可加 拒退年級： 不設定,領域： 學群：,否,
1023,DSTJ800360,,法律類,時事法律 The Law and Current Events,2.00,通,學期,廖國器 專長： 民法物權、民法親屬、民法繼承,中文,全,五(Fri),D7-D8,LW214,,,,,,,,,否,請確定貴系是否排除此課程學群。,最低年級： 一年級 最高年級： 四年級 分發優先順序： 4全校高年級學生優先,開放： 70 外系： 70 屬性： 可退可加 拒退年級： 不設定,領域： 社會科學 學群： 法律類,否,
1024,DSTK801931,,教育與心理,"家庭社會與教育 Family,Society and Education",2.00,通,學期,葉榮福 專長： 宗教教育、兒童哲學、人生哲學,中文,全,一(Mon),D5-D6,ES307,,,,,,,,,否,請確定貴系是否排除此課程學群。,最低年級： 一年級 最高年級： 四年級 分發優先順序： 4全校高年級學生優先,開放： 75 外系： 75 屬性： 可退可加 拒退年級： 不設定,領域： 社會科學 學群： 教育與心理,否,
1025,DSTK813873,,教育與心理,情緒管理 Emotion Management,2.00,通,學期,劉錦萍 專長： 心理學 聖經,中文,全,一(Mon),D5-D6,ES505,,,,,,,,,否,請確定貴系是否排除此課程學群。,最低年級： 一年級 最高年級： 四年級 分發優先順序： 4全校高年級學生優先,開放： 50 外系： 50 屬性： 可退可加 拒退年級： 不設定,領域： 社會科學 學群： 教育與心理,否,
1026,DSTK821586,,教育與心理,心理學與助人技巧 Psychology and Helping Skills,2.00,通,學期,劉錦萍 專長： 心理學 聖經,中文,全,一(Mon),D7-D8,ES505,,,,,,,,,否,已修過「應用心理學概論」者，不得再修讀本課程。請確定貴系是否排除此課程學群。,最低年級： 一年級 最高年級： 四年級 分發優先順序： 4全校高年級學生優先,開放： 50 外系： 50 屬性： 可退可加 拒退年級： 不設定,領域： 社會科學 學群： 教育與心理,否,
1027,DSTK822476,,教育與心理,探索自我與情緒管理 Explore Your Inner Self and Emotion Management,2.00,通,學期,王臨風 專長： 諮商與心理治療,中文,全,五(Fri),D3-D4,ES404,,,,,,,,,否,請確定貴系是否排除此課程學群。,最低年級： 一年級 最高年級： 四年級 分發優先順序： 4全校高年級學生優先,開放： 40 外系： 40 屬性： 可退可加 拒退年級： 不設定,領域： 社會科學 學群： 教育與心理,否,
1028,DSTK835131,,教育與心理,自我關懷的幸福課 Happiness Course of Self-care,2.00,通,學期,林麗玲 專長： 個案工作、團體工作、親子關係、青少年發展與家庭、依附與獨立自主,中文,全,四(Thu),D5-D6,ES404,,,,,,,,,否,請確定貴系是否排除此課程學群,最低年級： 一年級 最高年級： 四年級 分發優先順序： 4全校高年級學生優先,開放： 36 外系： 36 屬性： 可退可加 拒退年級： 不設定,領域： 社會科學 學群： 教育與心理,否,
1029,DSTK837404,,教育與心理,資訊檢索與應用 Information Retrieval and Utilization,2.00,通,學期,董蕙茹 專長： 資訊計量學、專利資訊、學術評鑑、資訊組織、社會網絡分析,中文,全,四(Thu),D5-D6,LE404A,,,,,,,,,否,請確定貴系是否排除此課程學群,最低年級： 一年級 最高年級： 四年級 分發優先順序： 4全校高年級學生優先,開放： 70 外系： 70 屬性： 可退可加 拒退年級： 不設定,領域： 社會科學 學群： 教育與心理,否,
1030,DSTM800538,,管理類,Excel 試算表的統計應用 Elementary Data Analysis UsingMicrosoft Excel,2.00,通,學期,王翠蘭 專長： 統計調查分析、專案管理與一致性評估、教育訓練規劃與評估、創意思考,中文,全,一(Mon),D8-E0,ES401,,,,,,,,,否,請確定貴系是否排除此課程學群。請勿重複修讀相同科目名稱不同分組之課程。,最低年級： 一年級 最高年級： 四年級 分發優先順序： 4全校高年級學生優先,開放： 75 外系： 75 屬性： 可退可加 拒退年級： 不設定,領域： 社會科學 學群： 管理類,是,
1031,DSTM800538B,,管理類,Excel 試算表的統計應用 Elementary Data Analysis UsingMicrosoft Excel 網,2.00,通,學期,王翠蘭 專長： 統計調查分析、專案管理與一致性評估、教育訓練規劃與評估、創意思考,中文,全,二(Tue),D8-E0,LE4A,,,,,,,,,否,請確定貴系是否排除此課程學群。請勿重複修讀相同科目名稱不同分組之課程。,最低年級： 一年級 最高年級： 四年級 分發優先順序： 4全校高年級學生優先,開放： 70 外系： 70 屬性： 可退可加 拒退年級： 不設定,領域： 社會科學 學群： 管理類,是,
1032,DSTM801391,,管理類,企業概論 Introduction to Business,2.00,通,學期,張子揚 專長： 企業管理、人力資源管理、創業管理,中文,全,一(Mon),D3-D4,ES304,,,,,,,,,否,請確定貴系是否排除此課程學群,最低年級： 一年級 最高年級： 四年級 分發優先順序： 4全校高年級學生優先,開放： 70 外系： 70 屬性： 可退可加 拒退年級： 不設定,領域： 社會科學 學群： 管理類,否,
1033,DSTM801483,,管理類,行銷管理 Marketing Management,2.00,通,學期,劉宗民 專長： 行銷管理,中文,全,二(Tue),D7-D8,LM407,,,,,,,,,否,請確定貴系是否排除此課程學群,最低年級： 一年級 最高年級： 四年級 分發優先順序： 4全校高年級學生優先,開放： 70 外系： 70 屬性： 可退可加 拒退年級： 不設定,領域： 社會科學 學群： 管理類,否,
1034,DSTM836094,,管理類,理財學 Money Management 網,2.00,通,學期,韓千山 專長： 財務管理、國際財務分析,中文,全,五(Fri),D3-D4,LM403,,,,,,,,,否,非同步遠距課程。已修過「理財學-網」者，不得再修讀本課程。請確定貴系是否排除此課程學群。,最低年級： 一年級 最高年級： 四年級 分發優先順序： 4全校高年級學生優先,開放： 130 外系： 130 屬性： 可退可加 拒退年級： 不設定,領域： 社會科學 學群： 管理類,是,
1035,DSTQ800527,,經濟,資本主義社會的源起與發展 The Origin and Development of Capitalistic Society,2.00,通,學期,吳懷義 專長： 資本主義社會的源起與發展,中文,全,五(Fri),D7-D8,ES304,,,,,,,,,否,請確定貴系是否排除此課程學群。,最低年級： 一年級 最高年級： 四年級 分發優先順序： 4全校高年級學生優先,開放： 70 外系： 70 屬性： 可退可加 拒退年級： 不設定,領域： 社會科學 學群： 經濟,否,
1036,DSTR800563,,宗教類,東西文化的整合-以吳經熊為例 Intergration of Eastern and Western Culture,2.00,通,學期,李匡郎 專長： 文物研究,中文,全,一(Mon),D3-D4,ES801,,,,,,,,,否,請確定貴系是否排除此課程學群。,最低年級： 一年級 最高年級： 四年級 分發優先順序： 4全校高年級學生優先,開放： 120 外系： 120 屬性： 可退可加 拒退年級： 不設定,領域： 社會科學 學群： 宗教類,否,
1037,DSTR800633,,宗教類,聖經與人文 Bible and Humanities,2.00,通,學期,王新盟 專長： 聖經、神學、天主教教理、語言學、音韻學,中文,全,二(Tue),D7-D8,ES706,,,,,,,,,否,請確定貴系是否排除此課程學群。,最低年級： 一年級 最高年級： 四年級 分發優先順序： 4全校高年級學生優先,開放： 70 外系： 70 屬性： 可退可加 拒退年級： 不設定,領域： 社會科學 學群： 宗教類,否,
1038,DSTR800671,,宗教類,天主教信仰探微 An Introduction to the Christian Faith,2.00,通,學期,魏嘉華 專長： 宗教學、信理神學與人生哲學,中文,全,一(Mon),D5-D6,ES304,,,,,,,,,否,請確定貴系是否排除此課程學群,最低年級： 一年級 最高年級： 四年級 分發優先順序： 4全校高年級學生優先,開放： 70 外系： 70 屬性： 可退可加 拒退年級： 不設定,領域： 社會科學 學群： 宗教類,否,
1039,DSTR803858,,宗教類,聖經思想 Thought of Bible,2.00,通,學期,符文玲 專長： 倫理神學、哲學人學、婚姻家庭倫理、生命倫理、當代倫理議題、法英義中翻譯,中文,全,四(Thu),D5-D6,ES304,,,,,,,,,否,請確定貴系是否排除此課程學群,最低年級： 一年級 最高年級： 四年級 分發優先順序： 4全校高年級學生優先,開放： 70 外系： 70 屬性： 可退可加 拒退年級： 不設定,領域： 社會科學 學群： 宗教類,否,
1040,DSTR805992,,宗教類,宗教與人生 Religion and Life,2.00,通,學期,葉榮福 專長： 宗教教育、兒童哲學、人生哲學,中文,全,一(Mon),D7-D8,ES307,,,,,,,,,否,請確定貴系是否排除此課程學群。,最低年級： 一年級 最高年級： 四年級 分發優先順序： 4全校高年級學生優先,開放： 75 外系： 75 屬性： 可退可加 拒退年級： 不設定,領域： 社會科學 學群： 宗教類,否,
1041,DSTR820169,,宗教類,聖經與靈性發展 Bible and Spiritual Development,2.00,通,學期,劉錦萍 專長： 心理學 聖經,中文,全,二(Tue),D7-D8,ES505,,,,,,,,,否,請確定貴系是否排除此課程學群,最低年級： 一年級 最高年級： 四年級 分發優先順序： 4全校高年級學生優先,開放： 50 外系： 50 屬性： 可退可加 拒退年級： 不設定,領域： 社會科學 學群： 宗教類,否,
1042,DSTR833850,,宗教類,歐洲中世紀的女性與教會 Women and the Church in the Middle Ages of Europe 英-專業,2.00,通,學期,黃渼婷 專長： 中西烏托邦研究、傳教士漢學、比較文學、中世紀德國天主教文學,全英文,全,三(Wed),D3-D4,ES304,,,,,,,,,否,本課程為全英語授課。請確定貴系是否排除此課程學群,最低年級： 一年級 最高年級： 四年級 分發優先順序： 4全校高年級學生優先,開放： 35 外系： 35 屬性： 可退可加 拒退年級： 不設定,領域： 社會科學 學群： 宗教類,否,
1043,DSTS800368,,社會與社工,網路社會學 Sociology of Internet,2.00,通,學期,吳懷義 專長： 資本主義社會的源起與發展,中文,全,五(Fri),D5-D6,ES304,,,,,,,,,否,請確定貴系是否排除此課程學群。,最低年級： 一年級 最高年級： 四年級 分發優先順序： 4全校高年級學生優先,開放： 70 外系： 70 屬性： 可退可加 拒退年級： 不設定,領域： 社會科學 學群： 社會與社工,否,
1044,DSTS800481,,社會與社工,國際文化交流 Intercultural Communication 英-專業,2.00,通,學期,沈祈安 專長： 東西方文化比較,全英文,全,三(Wed),D7-D8,ES505,,,,,,,,,否,本課程為全英語授課。已修過「國際文化交流-英」者，不得再修讀本課程。請確定貴系是否排除此課程學群。,最低年級： 一年級 最高年級： 四年級 分發優先順序： 4全校高年級學生優先,開放： 35 外系： 35 屬性： 可退可加 拒退年級： 不設定,領域： 社會科學 學群： 社會與社工,否,
1045,DSTS800746,,社會與社工,服務學習專題 Service-Learning Topics,2.00,通,學期,卓妙如 專長： 兒科護理學、早產兒護理、嬰幼兒照護、安寧療護、慢性病管理,中文,全,一(Mon),D7-D8,ES618,,,,,,,,,否,請確定貴系是否排除此課程學群,最低年級： 一年級 最高年級： 四年級 分發優先順序： 4全校高年級學生優先,開放： 40 外系： 40 屬性： 可退可加 拒退年級： 不設定,領域： 社會科學 學群： 社會與社工,是,
1046,DSTS801033,,社會與社工,人類學 Anthropology 英-專業,2.00,通,學期,蔡恪恕 專長： 語意學,全英文,全,四(Thu),D5-D6,ES307,,,,,,,,,否,本課程為全英語授課。已修過「人類學-英」者，不得再修讀本課程。請確定貴系是否排除此課程學群。,最低年級： 一年級 最高年級： 四年級 分發優先順序： 4全校高年級學生優先,開放： 35 外系： 35 屬性： 可退可加 拒退年級： 不設定,領域： 社會科學 學群： 社會與社工,是,
1047,DSTS811516,,社會與社工,語言與社會 Language and Society 英-專業,2.00,通,學期,蔡恪恕 專長： 語意學,全英文,全,二(Tue),D5-D6,ES307,,,,,,,,,否,本課程為全英語授課。已修過「語言與社會-英」者，不得再修讀本課程。請確定貴系是否排除此課程學群。,最低年級： 一年級 最高年級： 四年級 分發優先順序： 4全校高年級學生優先,開放： 35 外系： 35 屬性： 可退可加 拒退年級： 不設定,領域： 社會科學 學群： 社會與社工,是,
1048,DSTS836092,,社會與社工,歐洲社會與文化 European Society and Culture 英-專業,2.00,通,學期,蔡恪恕 專長： 語意學,全英文,全,二(Tue),D7-D8,ES307,,,,,,,,,否,本課程為全英語授課。已修過「歐洲社會與文化-英」者，不得再修讀本課程。請確定貴系是否排除此課程學群。,最低年級： 一年級 最高年級： 四年級 分發優先順序： 4全校高年級學生優先,開放： 35 外系： 35 屬性： 可退可加 拒退年級： 不設定,領域： 社會科學 學群： 社會與社工,是,
1049,DSTT800804,,ST歷史與文化,台灣原住民歷史與文化 Taiwan's aboriginal history and culture,2.00,通,學期,劉得興 專長： 人生哲學、台灣原住民歷史與文化,中文,全,二(Tue),D3-D4,LE202,,,,,,,,,否,請確定貴系是否排除此課程學群。,最低年級： 一年級 最高年級： 四年級 分發優先順序： 4全校高年級學生優先,開放： 70 外系： 70 屬性： 可退可加 拒退年級： 不設定,領域： 社會科學 學群： ST歷史與文化,是,
1050,DSTT809758,,ST歷史與文化,日本新宗教與文化 Japanese New Religions and Culture,2.00,通,學期,陳宗元 專長： 日本思想史與文化、日本新宗教史、日本佛教史、日語會話、印度佛教,中文,全,二(Tue),D3-D4,ES307,,,,,,,,,否,請確定貴系是否排除此課程學群。,最低年級： 一年級 最高年級： 四年級 分發優先順序： 4全校高年級學生優先,開放： 70 外系： 70 屬性： 可退可加 拒退年級： 不設定,領域： 社會科學 學群： ST歷史與文化,是,
1051,DSTT816761,,ST歷史與文化,臺灣歷史文化與地緣價值 Taiwan History Culture and Geography Value,2.00,通,學期,陳鴻獻 專長： 中國近現代史、軍事史、臺灣史,中文,全,四(Thu),D5-D6,ES306,,,,,,,,,否,請確定貴系是否排除此課程學群。,最低年級： 一年級 最高年級： 四年級 分發優先順序： 4全校高年級學生優先,開放： 70 外系： 70 屬性： 可退可加 拒退年級： 不設定,領域： 社會科學 學群： ST歷史與文化,否,
1052,DSTT818457,,ST歷史與文化,兩岸關係史 History of the Cross-Strait Relations,2.00,通,學期,黃昭能 專長： 兩岸關係史,中文,全,五(Fri),D3-D4,ES106,,,,,,,,,否,請確定貴系是否排除此課程學群,最低年級： 一年級 最高年級： 四年級 分發優先順序： 4全校高年級學生優先,開放： 70 外系： 70 屬性： 可退可加 拒退年級： 不設定,領域： 社會科學 學群： ST歷史與文化,否,
1053,DSTT822474,,ST歷史與文化,歐洲飲食文化史 European diet Cultural History,2.00,通,學期,楊惟安 專長： 歐洲飲食文化史,中文,全,二(Tue),D7-D8,LE203,,,,,,,,,否,請確定貴系是否排除此課程學群。,最低年級： 一年級 最高年級： 四年級 分發優先順序： 4全校高年級學生優先,開放： 70 外系： 70 屬性： 可退可加 拒退年級： 不設定,領域： 社會科學 學群： ST歷史與文化,是,
1054,DSTT824688,,ST歷史與文化,日本社會與文化 The Society and Culture of Japanese 網,2.00,通,學期,劉慶瑞 專長： 日本經濟、區域經濟整合（FTA）、日式經營、台日廠商策略聯盟,中文,全,二(Tue),D5-D6,ES317,,,,,,,,,否,非同步遠距課程。請確定貴系是否排除此課程學群。,最低年級： 一年級 最高年級： 四年級 分發優先順序： 4全校高年級學生優先,開放： 100 外系： 100 屬性： 可退可加 拒退年級： 不設定,領域： 社會科學 學群： ST歷史與文化,否,
1055,DSTT824690,,ST歷史與文化,中東當代史 History of the Contemporary Middle East,2.00,通,學期,陳立樵 專長： 20世紀初期英國與伊朗外交關係、現代西方與中東關係,中文,全,三(Wed),D3-D4,LE306,,,,,,,,,否,請確定貴系是否排除此課程學群。,最低年級： 一年級 最高年級： 四年級 分發優先順序： 4全校高年級學生優先,開放： 70 外系： 70 屬性： 可退可加 拒退年級： 不設定,領域： 社會科學 學群： ST歷史與文化,否,
1056,DSTT832681,,ST歷史與文化,南島語族語言及文化 South Island Language and Culture,2.00,通,學期,朱曼妮 專長： 音韻學、語音學,中文,全,二(Tue),D5-D6,LE202,,,,,,,,,否,請確定貴系是否排除此課程學群。本課程自第六週起將調整為晚間上課。,最低年級： 一年級 最高年級： 四年級 分發優先順序： 4全校高年級學生優先,開放： 70 外系： 70 屬性： 可退可加 拒退年級： 不設定,領域： 社會科學 學群： ST歷史與文化,是,
1057,DSTT835140,,ST歷史與文化,當代東亞國際關係史 Contemporary History of East Asian International Relations,2.00,通,學期,陳舜仁 專長： 美日關係（美日同盟）、美國東亞政策、東北亞國際關係、電腦教育,中文,全,二(Tue),D7-D8,ES607,,,,,,,,,否,請確定貴系是否排除此課程學群。已修習過「當代東亞區域發展(二)」者，請勿重複修習。,最低年級： 一年級 最高年級： 四年級 分發優先順序： 4全校高年級學生優先,開放： 70 外系： 70 屬性： 可退可加 拒退年級： 不設定,領域： 社會科學 學群： ST歷史與文化,否,
1058,DSTT836093,,ST歷史與文化,當代美國與東亞關係史 Contemporary History of U.S.-East Asian Relations 英-專業,2.00,通,學期,陳舜仁 專長： 美日關係（美日同盟）、美國東亞政策、東北亞國際關係、電腦教育,全英文,全,三(Wed),D7-D8,ES607,,,,,,,,,否,本課程為全英語授課。請確定貴系是否排除此課程學群。,最低年級： 一年級 最高年級： 四年級 分發優先順序： 4全校高年級學生優先,開放： 35 外系： 35 屬性： 可退可加 拒退年級： 不設定,領域： 社會科學 學群： ST歷史與文化,否,
1059,DSTW800666,,政治,當代自由主義與社群主義之爭 The Liberal-Communitarian Debate,2.00,通,學期,李志成 專長： 當代自由主義與社群主義之爭,中文,全,五(Fri),D3-D4,ES705,,,,,,,,,否,請確定貴系是否排除此課程學群。,最低年級： 一年級 最高年級： 四年級 分發優先順序： 4全校高年級學生優先,開放： 80 外系： 80 屬性： 可退可加 拒退年級： 不設定,領域： 社會科學 學群： 政治,否,
1060,DSTW805935A,,政治,兩岸關係研究 Study of Cross-Strait Relations,2.00,通,學期,潘錫堂 專長： 中共黨政關係、兩岸談判、中共外交政策,中文,全,五(Fri),D1-D2,ES717,,,,,,,,,否,請確定貴系是否排除此課程學群。請勿重複修讀相同科目名稱不同分組之課程。,最低年級： 一年級 最高年級： 四年級 分發優先順序： 4全校高年級學生優先,開放： 170 外系： 170 屬性： 可退可加 拒退年級： 不設定,領域： 社會科學 學群： 政治,否,
1061,DSTW805935B,,政治,兩岸關係研究 Study of Cross-Strait Relations,2.00,通,學期,曾淳良 專長： 兩岸關係研究,中文,全,四(Thu),D5-D6,ES506,,,,,,,,,否,請確定貴系是否排除此課程學群。請勿重複修讀相同科目名稱不同分組之課程。,最低年級： 一年級 最高年級： 四年級 分發優先順序： 4全校高年級學生優先,開放： 70 外系： 70 屬性： 可退可加 拒退年級： 不設定,領域： 社會科學 學群： 政治,是,
1062,DSTW805935C,,政治,兩岸關係研究 Study of Cross-Strait Relations,2.00,通,學期,楊慧如 專長： 海峽兩岸民事法律爭議處理,中文,全,五(Fri),D3-D4,ES307,,,,,,,,,否,請確定貴系是否排除此課程學群。請勿重複修讀相同科目名稱不同分組之課程。,最低年級： 一年級 最高年級： 四年級 分發優先順序： 4全校高年級學生優先,開放： 70 外系： 70 屬性： 可退可加 拒退年級： 不設定,領域： 社會科學 學群： 政治,是,
1063,DSTW823470,,政治,國際關係與亞太現勢 International Relations and Asian-Pacific Situation,2.00,通,學期,潘錫堂 專長： 中共黨政關係、兩岸談判、中共外交政策,中文,全,五(Fri),D3-D4,ES717,,,,,,,,,否,請確定貴系是否排除此課程學群。,最低年級： 一年級 最高年級： 四年級 分發優先順序： 4全校高年級學生優先,開放： 170 外系： 170 屬性： 可退可加 拒退年級： 不設定,領域： 社會科學 學群： 政治,否,
1064,DSTW834179,,政治,民主與社會 Democracy and society,2.00,通,學期,黃昭能 專長： 兩岸關係史,中文,全,五(Fri),D5-D6,ES306,,,,,,,,,否,請確定貴系是否排除此課程學群,最低年級： 一年級 最高年級： 四年級 分發優先順序： 4全校高年級學生優先,開放： 70 外系： 70 屬性： 可退可加 拒退年級： 不設定,領域： 社會科學 學群： 政治,否,
1065,DSTW837838,,政治,當代中國政治研究 The Comtemporary China’s Politics Studies,2.00,通,學期,余明澈 專長： 中國政治研究、中國菁英研究、兩岸政治制度比較,中文,全,一(Mon),D5-D6,ES704,,,,,,,,,否,請確定貴系是否排除此課程學群,最低年級： 一年級 最高年級： 四年級 分發優先順序： 4全校高年級學生優先,開放： 70 外系： 70 屬性： 可退可加 拒退年級： 不設定,領域： 社會科學 學群： 政治,是,
1066,DSTW837839,,政治,協商與談判實務 Consultation and Negotiation Practice,2.00,通,學期,陳俊義 專長： 美中台關係、協商與談判理論與實務、外交與領事關係法,中文,全,二(Tue),D7-D8,ES506,,,,,,,,,否,請確定貴系是否排除此課程學群,最低年級： 一年級 最高年級： 四年級 分發優先順序： 4全校高年級學生優先,開放： 70 外系： 70 屬性： 可退可加 拒退年級： 不設定,領域： 社會科學 學群： 政治,是,
1067,DTG0002800,,跨領域學院,機率與統計 Probability and Statistics 網,3.00,選,學期,個別指導教師 專長： 尚未填寫,中文,全,四(Thu),E2-E4,不需要教室,,,,,,,,,否,"1.此為TAICA聯盟人工智慧探索應用學分學程（機率）課程
2.可非同步上課
3.授課教師:臺灣大學葉丙成
4社團連結:https://www.facebook.com/share/g/17NcJ1PiCA/
5.本課程將運用微積分，若同學尚未具備相關基礎，建議預先觀看以下台大開放式課程影片，連結：https://ocw.aca.ntu.edu.tw/courses/103S121
6.課程通知請留意輔大Cloud信箱
7.上課時間請詳閱課程大綱若無法參與課程及期中期末評量請勿選課，以免影響個人權益
8.課程大綱：https://drive.google.com/file/d/13oO9d8D8VCkAr4ZmyK2nojp1vEZ3h0hW/view",最低年級： 一年級 最高年級： 四年級 分發優先順序： 3開課學院高年級學生優先,開放： 30 外系： 30 屬性： 可退可加 拒退年級： 不設定,領域： 學群：,否,
1068,DTG0034284,,跨領域學院,歐亞連結-歐亞文化交流 Eurasian Connection-Eurasian Cultural Exchange,2.00,選,學期,劉雅芬 專長： 中國文字學、漢語詞彙學、漢語語法、漢語語言學、華語文教學、大一國文,中文,全,五(Fri),D3-D4,不需要教室,,,,,,,,,否,教室安排以于斌樓YP112谷欣廳為主,最低年級： 一年級 最高年級： 四年級 分發優先順序： 3開課學院高年級學生優先,開放： 100 外系： 100 屬性： 可退可加 拒退年級： 不設定,領域： 學群：,否,
1069,DTG0034525,,跨領域學院,智慧零售 Smart Retail,2.00,選,學期,黃凱斌 專長： 作業管理 、計算管理科學、應用統計學 、機器學習與大數據分析,中文,全,四(Thu),D3-D4,ES404,,,,,,,,,否,,最低年級： 一年級 最高年級： 四年級 分發優先順序： 3開課學院高年級學生優先,開放： 50 外系： 50 屬性： 可退可加 拒退年級： 不設定,領域： 學群：,否,
1070,DTG0034672,,跨領域學院,創新資訊應用 Creative Information Application,2.00,選,學期,杜逸寧 專長： 文字探勘、資料探勘、資訊檢索、人工智慧、智慧型資訊系統,中文,全,三(Wed),D3-D4,SF339,,,,,,,,,否,需修讀過程式設計課程,最低年級： 一年級 最高年級： 四年級 分發優先順序： 3開課學院高年級學生優先,開放： 40 外系： 40 屬性： 可退可加 拒退年級： 不設定,領域： 學群：,否,
1071,DTG0034685,,跨領域學院,教育與大學社會責任-〈新莊學〉啟航 Education and University social responsibility (Xinzhuang-ology),2.00,選,學期,賴榮一 專長： 濕地規劃設計與維護管理、景觀規劃設計、景觀規劃設計,中文,全,四(Thu),D3-D4,ES405,,,,,,,,,否,,最低年級： 一年級 最高年級： 四年級 分發優先順序： 3開課學院高年級學生優先,開放： 40 外系： 40 屬性： 可退可加 拒退年級： 不設定,領域： 學群：,否,
1072,DTG0035570,,跨領域學院,金融大數據應用 Financial Big Data Application 程,3.00,選,學期,楊雅薇 專長： 抽樣方法、統計模擬、迴歸分析,中文,全,二(Tue),D2-D4,LE403,,,,,,,,,否,須修讀過程式設計課程,最低年級： 二年級 最高年級： 四年級 分發優先順序： 3開課學院高年級學生優先,開放： 52 外系： 52 屬性： 可退可加 拒退年級： 不設定,領域： 學群：,否,
1073,DTG0035571,,跨領域學院,青銀共學-雙養學 BioMental Health,2.00,選,學期,吳文勉 專長： 免疫學、營養與免疫、實驗動物營養學,中文,全,一(Mon),D7-D8,SF130,,,,,,,,,否,歡迎同學邀請自己的爺爺/奶奶/外公/外婆共同上課，可透過推廣部報名，歡迎聯繫：創新跨領域學院 邱詩涵秘書 (02)2905-3190,最低年級： 一年級 最高年級： 四年級 分發優先順序： 3開課學院高年級學生優先,開放： 20 外系： 20 屬性： 可退可加 拒退年級： 不設定,領域： 學群：,否,
1074,DTG0035596,,跨領域學院,金融與投資概論 Introduction of finance and investment,2.00,選,學期,吳嘉勳 專長： Accounting、TaxBusiness,中文,全,四(Thu),D5-D6,LM403,,,,,,,,,否,,最低年級： 一年級 最高年級： 四年級 分發優先順序： 3開課學院高年級學生優先,開放： 80 外系： 80 屬性： 可退可加 拒退年級： 不設定,領域： 學群：,否,
1075,DTG0036024,,跨領域學院,資料庫系統設計 Data System Design 程,2.00,選,學期,陳建州 專長： 空間資訊科學、空間統計學、空間流行病學,中文,全,四(Thu),D5-D6,ES601,,,,,,,,,否,,最低年級： 一年級 最高年級： 四年級 分發優先順序： 3開課學院高年級學生優先,開放： 70 外系： 70 屬性： 可退可加 拒退年級： 不設定,領域： 學群：,否,
1076,DTG0036029,,跨領域學院,教育大數據專題 Educational Big Data Seminar,2.00,選,學期,盧宏益 專長： 統計分析、教育測驗,中文,全,六(Sat),D3-D4,不需要教室,,,,,,,,,否,,最低年級： 一年級 最高年級： 四年級 分發優先順序： 3開課學院高年級學生優先,開放： 30 外系： 30 屬性： 可退可加 拒退年級： 不設定,領域： 學群：,否,
1077,DTG0036030,,跨領域學院,高齡友善環境規劃與創新 Enabling and innovation of age-friendly environment,2.00,選,學期,蕭伃伶 專長： 社區衛生護理、老人照護、預防跌倒、長期照護,中文,全,三(Wed),D7-D8,MD936,,,,,,,,,否,,最低年級： 一年級 最高年級： 四年級 分發優先順序： 3開課學院高年級學生優先,開放： 40 外系： 40 屬性： 可退可加 拒退年級： 不設定,領域： 學群：,否,
1078,DTG0036031,,跨領域學院,銀髮活動設計與創新 Design and Innovation of Elderly activities,2.00,選,學期,蕭伃伶 專長： 社區衛生護理、老人照護、預防跌倒、長期照護,中文,全,一(Mon),D5-D6,MD936,,,,,,,,,否,,最低年級： 一年級 最高年級： 四年級 分發優先順序： 3開課學院高年級學生優先,開放： 40 外系： 40 屬性： 可退可加 拒退年級： 不設定,領域： 學群：,否,
1079,DTG0036781,,跨領域學院,ESG永續經營產品服務設計 ESG sustainable management product and service design,2.00,選,學期,黃凱斌 專長： 作業管理 、計算管理科學、應用統計學 、機器學習與大數據分析,中文,全,一(Mon),D5-D6,ES404,,,,,,,,,否,,最低年級： 一年級 最高年級： 四年級 分發優先順序： 3開課學院高年級學生優先,開放： 50 外系： 50 屬性： 可退可加 拒退年級： 不設定,領域： 學群：,否,
1080,DTG0037170,,跨領域學院,人工智慧倫理 AI Ethics 網 程,3.00,選,學期,個別指導教師 專長： 尚未填寫,中文,全,二(Tue),D6-E0,ES404,,,,,,,,,否,"1.此為TAICA聯盟四大學分學程皆可對應之課程（人工智慧倫理）
2.上課時間為:每周二15:20-18:10
3.15:20-17:20請同學自行上網課；17:20-18:10至進修部ES404與協同老師討論專題
4.授課教師:東海大學甘偵蓉
5.課程通知請留意輔大Cloud信箱
6.課程網頁：https://sites.google.com/go.thu.edu.tw/aiethics
7.上課時間請詳閱課程大綱若無法參與課程及期中期末評量請勿選課，以免影響個人權益
8.課程大綱：https://drive.google.com/file/d/1jg6hrb94I-SciyuvkScu3t30amnDKgT6/view",最低年級： 一年級 最高年級： 四年級 分發優先順序： 3開課學院高年級學生優先,開放： 50 外系： 50 屬性： 可退可加 拒退年級： 不設定,領域： 學群：,否,
1081,DTG0037171,,跨領域學院,生成式AI的人文導論 Introducing Generative AI for Humanities 網 程,3.00,選,學期,個別指導教師 專長： 尚未填寫,中文,全,五(Fri),D3-DN,不需要教室,,,,,,,,,否,"1.此為TAICA聯盟人工智慧自然語言技術學分學程（生成式人工智慧導論）
2.上課時間為:每週五10:20-13:10。非同步上課，每週五進行授課錄製，當週課程內容將於隔日上傳於 NTUCOOL
3.本課程的作業與練習，從傳統偏重工程或程式碼的細節，轉向以直覺、風格和語義驅動的「Vibe Coding」實踐，不具備 python 程式知識亦可
4.課程通知請留意輔大Cloud信箱
5.上課時間請詳閱課程大綱若無法參與課程及期中期末評量請勿選課，以免影響個人權益
6.課程大綱：https://drive.google.com/file/d/1-d3yJIiClJs93JZPO4bjkvwHAqcfodev/view",最低年級： 三年級 最高年級： 四年級 分發優先順序： 3開課學院高年級學生優先,開放： 30 外系： 30 屬性： 可退可加 拒退年級： 不設定,領域： 學群：,否,
1082,DTG0037173,GTG0037173,跨領域學院,機器導航與探索 Robotic Navigation and Exploration 網 程,3.00,選,學期,個別指導教師 專長： 尚未填寫,中文,全,一(Mon),E1-E3,不需要教室,,,,,,,,,否,"1.對應人工智慧探索應用學分學程（人工智慧應用課程)、人工智慧工業應用學分學程（機器人專題）、人工智慧視覺技術學分學程（人工智慧影像應用課程）
2.上課時間請詳閱課程大綱若無法參與課程及期中期末評量請勿選課，以免影響個人權益
3.學生需已修過: 程式設計、影像處理、機器學習，深度學習等相關課程。學生須自備具GPU顯卡之電腦
4.本課程不接受期中退選
5.課程大綱請見網址：https://drive.google.com/file/d/1oSYXDvDiF_CAz-qw11YIZsGCB2o3sISI/view
6.上課時間：每週一18:30~21:20、可非同步上課
7.上課老師：清華大學 胡敏君
8.上課連結：https://www.youtube.com/@NTHURNE-l9v
9.本課程期末專題採分組開發，為避免影響同組修課同學之權益，本課程不接受期中退選，請謹慎評估可投入的時間再選課
10.開課前請務必留意學校cloud信箱，將收到課程邀請信件",最低年級： 三年級 最高年級： 四年級 分發優先順序： 3開課學院高年級學生優先,開放： 10 外系： 10 屬性： 可退可加 拒退年級： 不設定,領域： 學群：,否,
1083,DTG0037330,,跨領域學院,綠色永續設計 Green and Sustainable Design Practices,2.00,選,學期,韓世國 專長： 產品設計、品牌整備、設計顧問輔導,中文,全,三(Wed),D3-D4,ES409,,,,,,,,,否,,最低年級： 一年級 最高年級： 四年級 分發優先順序： 3開課學院高年級學生優先,開放： 36 外系： 36 屬性： 可退可加 拒退年級： 不設定,領域： 學群：,否,
1084,DTG0037868,GTG0037868,跨領域學院,智慧製造執行系統 Intelligent Manufacturing Execution Systems 網 程,3.00,選,學期,個別指導教師 專長： 尚未填寫,中文,全,一(Mon),D5-D8,不需要教室,,,,,,,,,否,"1.本課程為TAICA聯盟人工智慧工業應用學分學程（智慧製造）課程
2.上課時間請詳閱課程大綱若無法參與課程及期中期末評量請勿選課，以免影響個人權益
3.課程大綱請見網址：https://drive.google.com/file/d/1chAl5wjQIwotqzcEKmhlBkj84QRqnvUr/view
4.授課教師：成功大學陳裕民
5.上課時間：星期一 14:10-17:00、可非同步上課
6. 同步考試時間：2026/4/20及2026/6/22 (一) 14:10-17:00 
7.開課前請務必留意學校cloud信箱，將收到課程邀請信件
8.上課連結：https://www.youtube.com/@%E9%AD%8F%E5%AE%87%E5%BC%98-n9d",最低年級： 三年級 最高年級： 四年級 分發優先順序： 3開課學院高年級學生優先,開放： 15 外系： 15 屬性： 可退可加 拒退年級： 不設定,領域： 學群：,否,
1085,DTG0037904,,跨領域學院,民生與文化永續產業專題 Special Topic on People's Livelihood and Sustainable Cultural Industries,2.00,選,學期,"徐美婷 專長： 銀髮族旅遊特性,旅遊心理特質,團體套裝旅遊服務品質",中文,全,三(Wed),D3-D4,ES504,,,,,,,,,否,,最低年級： 一年級 最高年級： 四年級 分發優先順序： 3開課學院高年級學生優先,開放： 40 外系： 40 屬性： 可退可加 拒退年級： 不設定,領域： 學群：,否,
1086,DTG0037916,,跨領域學院,食光旅行：用英文品味世界料理 Taste the World: An English Culinary Journey 英-專業,2.00,選,學期,童富源 專長： 中西式料理、餐飲製備,全英文,全,四(Thu),D3-D4,LA316,,,,,,,,,否,,最低年級： 一年級 最高年級： 四年級 分發優先順序： 3開課學院高年級學生優先,開放： 28 外系： 28 屬性： 可退可加 拒退年級： 不設定,領域： 學群：,否,
1087,DV10116693,,全校進階英文,商務溝通:口語溝通技巧 Business Communication: Oral Communication Skills 英-語言 網,2.00,選,學期,樂麗琪 專長： 語言學、英文教材教法,全英文,全,四(Thu),D7-D8,教室未定,,,,,,,,,否,上課前請先查詢教室及實體上課時間，請至課程大綱和TronClass查詢,最低年級： 一年級 最高年級： 四年級 分發優先順序： 4全校高年級學生優先,開放： 35 外系： 35 屬性： 可退可加 拒退年級： 不設定,領域： 學群：,否,
1088,DV10117984,,全校進階英文,英文商業書信 Business letter writing 英-語言 網,2.00,選,學期,姚凱元 專長： 英文,全英文,全,五(Fri),E1-E2,教室未定,,,,,,,,,否,上課前請先查詢教室及實體上課時間，請至課程大綱和TronClass查詢,最低年級： 一年級 最高年級： 四年級 分發優先順序： 4全校高年級學生優先,開放： 55 外系： 55 屬性： 可退可加 拒退年級： 不設定,領域： 學群：,否,
1089,DV10134885,,全校進階英文,醫學英文 Medical English,2.00,選,學期,魏亦淳 專長： 自主學習理論、網路混合式學習、聽力策略、教學實務研究,中英文,全,五(Fri),D3-D4,MD304,,,,,,,,,否,醫學院教室上課,最低年級： 一年級 最高年級： 四年級 分發優先順序： 4全校高年級學生優先,開放： 35 外系： 35 屬性： 可退可加 拒退年級： 不設定,領域： 學群：,否,
1090,DV10135707,,全校進階英文,英文閱讀(一)︰解析美國文化 Reading (I): Reading American Culture 英-語言 網,2.00,選,學期,陳奏賢 專長： 英文寫作,全英文,全,三(Wed),E1-E2,教室未定,,,,,,,,,否,上課前請先查詢教室及實體上課時間，請至課程大綱和TronClass查詢,最低年級： 一年級 最高年級： 四年級 分發優先順序： 4全校高年級學生優先,開放： 35 外系： 35 屬性： 可退可加 拒退年級： 不設定,領域： 學群：,否,
1091,DV10135708,,全校進階英文,英文寫作(二)：專題寫作 Writing (II)： Project Report 英-語言 網,2.00,選,學期,吳娟 專長： 英語教學、英語遠距教學及線上教材製作、英語課程規劃,全英文,全,三(Wed),D7-D8,ES509,,,,,,,,,否,上課前請先查詢教室及實體上課時間，請至TronClass、AIEDL網站查詢：http://www.etweb.fju.edu.tw/elite/PreRegistration/course_list2.asp?year2=114&semester=2,最低年級： 一年級 最高年級： 四年級 分發優先順序： 4全校高年級學生優先,開放： 25 外系： 25 屬性： 可退可加 拒退年級： 不設定,領域： 學群：,否,
1092,DV10135709,,全校進階英文,商務聽力與會話 Business Listening and Conversation 英-語言 網,2.00,選,學期,許書銘 專長： 當代藝術史、當代畫像與精神分析、美國文學非裔作家小說、現代主義詩歌,全英文,全,二(Tue),E1-E2,教室未定,,,,,,,,,否,上課前請先查詢教室及實體上課時間，請至課程大綱和TronClass查詢,最低年級： 一年級 最高年級： 四年級 分發優先順序： 4全校高年級學生優先,開放： 35 外系： 35 屬性： 可退可加 拒退年級： 不設定,領域： 學群：,否,
1093,DV10135710,,全校進階英文,主題式多益閱讀與文法 Thematic TOEIC Reading & Grammar 網,2.00,選,學期,齊國斌 專長： 英語會話,中英文,全,二(Tue),D5-D6,ES817,,,,,,,,,否,,最低年級： 一年級 最高年級： 四年級 分發優先順序： 4全校高年級學生優先,開放： 115 外系： 115 屬性： 可退可加 拒退年級： 不設定,領域： 學群：,否,
1094,DV10135712,,全校進階英文,職場英文：溝通語境及策略 Workplace English: Communication Contexts and Strategies 英-語言 網,2.00,選,學期,林政憲 專長： 閱讀與字彙、英文學術寫作、雅思考試準備、商務英語簡報,全英文,全,二(Tue),E1-E2,教室未定,,,,,,,,,否,上課前請先查詢教室及實體上課時間，請至課程大綱和TronClass查詢,最低年級： 一年級 最高年級： 四年級 分發優先順序： 4全校高年級學生優先,開放： 55 外系： 55 屬性： 可退可加 拒退年級： 不設定,領域： 學群：,否,
1095,DV10135981,,全校進階英文,英文閱讀(三)︰文化與科技 Reading (III): Culture and Technology 英-語言 網,2.00,選,學期,李桂芬 專長： 語測口說與寫作,全英文,全,四(Thu),E1-E2,教室未定,,,,,,,,,否,上課前請先查詢教室及實體上課時間，請至課程大綱和TronClass查詢,最低年級： 一年級 最高年級： 四年級 分發優先順序： 4全校高年級學生優先,開放： 55 外系： 55 屬性： 可退可加 拒退年級： 不設定,領域： 學群：,否,
1096,DV10136675,,全校進階英文,經濟學英文 English in Economics 英-專業,2.00,選,學期,黃智榮 專長： 資訊管理、追溯系统、在線反饋信息、社交媒體 、消費者行為,全英文,全,五(Fri),D5-D6,LM104,,,,,,,,,否,,最低年級： 一年級 最高年級： 四年級 分發優先順序： 4全校高年級學生優先,開放： 35 外系： 35 屬性： 可退可加 拒退年級： 不設定,領域： 學群：,否,
1097,DV10136676,,全校進階英文,永續議題英文(II) English for Issues in Sustainable Development (II) 英-語言,2.00,選,學期,楊意安 專長： 英文閱讀寫作、後殖民小說與理論、離散文學、當代小說,全英文,全,二(Tue),D3-D4,LA211,,,,,,,,,否,,最低年級： 一年級 最高年級： 四年級 分發優先順序： 4全校高年級學生優先,開放： 35 外系： 35 屬性： 可退可加 拒退年級： 不設定,領域： 學群：,否,
1098,DYT0021020A,,軍訓,全民國防教育軍事訓練 All-out Defense Education Military Training,1.00,選,學年,葉玉枝 專長： 護理,中英文,單,二(Tue),D3-D4,LE204,,,,,,,,,否,,最低年級： 三年級 最高年級： 四年級 分發優先順序： 4全校高年級學生優先,開放： 70 外系： 70 屬性： 可退可加 拒退年級： 不設定,領域： 學群：,否,
1099,DYT0021020D,,軍訓,全民國防教育軍事訓練 All-out Defense Education Military Training,1.00,選,學年,陳坤成 專長： 軍訓,中英文,雙,三(Wed),D3-D4,ES705,,,,,,,,,否,,最低年級： 三年級 最高年級： 四年級 分發優先順序： 4全校高年級學生優先,開放： 70 外系： 70 屬性： 可退可加 拒退年級： 不設定,領域： 學群：,否,
1100,DYT0021020E,,軍訓,全民國防教育軍事訓練 All-out Defense Education Military Training,1.00,選,學年,葉士豪 專長： 軍訓,中英文,單,四(Thu),D1-D2,LE302,,,,,,,,,否,,最低年級： 三年級 最高年級： 四年級 分發優先順序： 4全校高年級學生優先,開放： 70 外系： 70 屬性： 可退可加 拒退年級： 不設定,領域： 學群：,否,
1101,DYT0021020F,,軍訓,全民國防教育軍事訓練 All-out Defense Education Military Training,1.00,選,學年,葉士豪 專長： 軍訓,中英文,雙,四(Thu),D3-D4,LE302,,,,,,,,,否,,最低年級： 三年級 最高年級： 四年級 分發優先順序： 4全校高年級學生優先,開放： 70 外系： 70 屬性： 可退可加 拒退年級： 不設定,領域： 學群：,否,
1102,DYT0021020G,,軍訓,全民國防教育軍事訓練 All-out Defense Education Military Training,1.00,選,學年,陳義賢 專長： 軍訓,中英文,單,五(Fri),D1-D2,LE302,,,,,,,,,否,,最低年級： 三年級 最高年級： 四年級 分發優先順序： 4全校高年級學生優先,開放： 70 外系： 70 屬性： 可退可加 拒退年級： 不設定,領域： 學群：,否,
1103,DYT0021020I,,軍訓,全民國防教育軍事訓練 All-out Defense Education Military Training,1.00,選,學年,陳妧如 專長： 軍訓,中英文,單,一(Mon),D5-D6,LE304,,,,,,,,,否,,最低年級： 三年級 最高年級： 四年級 分發優先順序： 4全校高年級學生優先,開放： 70 外系： 70 屬性： 可退可加 拒退年級： 不設定,領域： 學群：,否,
1104,DYT0021020J,,軍訓,全民國防教育軍事訓練 All-out Defense Education Military Training,1.00,選,學年,陳妧如 專長： 軍訓,中文,雙,一(Mon),D7-D8,LE303,,,,,,,,,否,,最低年級： 三年級 最高年級： 四年級 分發優先順序： 4全校高年級學生優先,開放： 70 外系： 70 屬性： 可退可加 拒退年級： 不設定,領域： 學群：,否,
1105,DYT0021020K,,軍訓,全民國防教育軍事訓練 All-out Defense Education Military Training,1.00,選,學年,錢柄匡 專長： 軍訓,中文,單,三(Wed),D7-D8,LE103,,,,,,,,,否,,最低年級： 三年級 最高年級： 四年級 分發優先順序： 4全校高年級學生優先,開放： 70 外系： 70 屬性： 可退可加 拒退年級： 不設定,領域： 學群：,否,
1106,DYT0021020L,,軍訓,全民國防教育軍事訓練 All-out Defense Education Military Training,1.00,選,學年,錢柄匡 專長： 軍訓,中文,雙,五(Fri),D5-D6,LE302,,,,,,,,,否,,最低年級： 三年級 最高年級： 四年級 分發優先順序： 4全校高年級學生優先,開放： 70 外系： 70 屬性： 可退可加 拒退年級： 不設定,領域： 學群：,否,
1107,DYT0021230,,軍訓,全民國防教育軍事訓練-全民國防 All-out Defense Education Military Training - Civil Defense,2.00,選,學期,葉玉枝 專長： 護理,中文,全,二(Tue),D5-D6,LE203,,,,,,,,,否,,最低年級： 一年級 最高年級： 四年級 分發優先順序： 4全校高年級學生優先,開放： 70 外系： 70 屬性： 可退可加 拒退年級： 不設定,領域： 學群：,否,
1108,DYT0021231,,軍訓,全民國防教育軍事訓練-防衛動員 All-out Defense Education Military Training - Defense Mobilization,2.00,選,學期,葉玉枝 專長： 護理,中文,全,一(Mon),D3-D4,LE306,,,,,,,,,否,,最低年級： 一年級 最高年級： 四年級 分發優先順序： 4全校高年級學生優先,開放： 70 外系： 70 屬性： 可退可加 拒退年級： 不設定,領域： 學群：,否,
1109,DYT0033785,,軍訓,全民國防教育軍事訓練課程-國際情勢 All-out Defense Education Military Training - International Relations,2.00,選,學期,葉玉枝 專長： 護理,中文,全,一(Mon),D5-D6,LE202,,,,,,,,,否,113學年度(含)以前之入學生，請勿加選此課程(本課程與原軍訓必修課程內容相同),最低年級： 一年級 最高年級： 二年級 分發優先順序： 4全校高年級學生優先,開放： 70 外系： 70 屬性： 可退可加 拒退年級： 不設定,領域： 學群：,否,
1110,G206036799,,英文碩,圖數據與商業難題解析(二) Connect the Dots: Data Contextualization II 英-專業,3.00,選,學期,"林宗瀛 專長： 圖數據, 數據分析, AI應用",全英文,全,二(Tue),D2-D4,FG302,,,,,,,,,否,,最低年級： 一年級 最高年級： 四年級 分發優先順序： 1開課單位學生優先,開放： 25 外系： 0 屬性： 拒退拒加 拒退年級： 不設定,領域： 學群：,否,
1111,G326124721,,物理碩一,材料科學與工程導論 Materials Science and Engineering:An Introduction,3.00,選,學期,杜繼舜 專長： 鐵電材料、壓電材料、複鐵性材料、拉曼光散射、介電、壓電性質、晶域結構,中文,全,四(Thu),D5-D7,PH116,,,,,,,,,是,,最低年級： 一年級 最高年級： 二年級 分發優先順序： 1開課單位學生優先,開放： 60 外系： 0 屬性： 可退可加 拒退年級： 不設定,領域： 學群：,否,
1112,G336101996,,化學碩一,高分子物性 Physical Properties in Polymer,3.00,選,學期,黃炳綜 專長： 高分子摻合、高分子有機發光二極體、有機太陽能電池,中文,全,三(Wed),D2-D4,CH121,,,,,,,,,是,,最低年級： 一年級 最高年級： 二年級 分發優先順序： 1開課單位學生優先,開放： 40 外系： 0 屬性： 可退可加 拒退年級： 不設定,領域： 學群：,否,
1113,G336102941,,化學碩一,藥物化學 Pharmaceutical Chemistry,3.00,選,學期,黃文鑫 專長： 抗炎藥物及免疫調節劑之設計合成、生物還原性抗癌藥物之設計合成,中文,全,六(Sat),D2-D4,CH118,,,,,,,,,是,,最低年級： 一年級 最高年級： 二年級 分發優先順序： 1開課單位學生優先,開放： 75 外系： 0 屬性： 可退可加 拒退年級： 不設定,領域： 學群：,否,
1114,G336104834,,化學碩一,無機合成與分析 Inorganic Synthesis and Analysis,3.00,選,學期,楊恩哲 專長： 配位化合物的合成及配位化合物磁性之研究,中文,全,五(Fri),D5-D7,CH121,,,,,,,,,是,,最低年級： 一年級 最高年級： 二年級 分發優先順序： 1開課單位學生優先,開放： 30 外系： 0 屬性： 可退可加 拒退年級： 不設定,領域： 學群：,否,
1115,G336105185,,化學碩一,高等有機化學（二） Advanced Organic Chemistry (II),4.00,選,學期,張哲健 專長： 有機合成、生物有機、自由基聚合,中文,全,二(Tue),D3-D4,CH121,全,五(Fri),D3-D4,CH121,,,,,是,,最低年級： 一年級 最高年級： 二年級 分發優先順序： 1開課單位學生優先,開放： 50 外系： 0 屬性： 可退可加 拒退年級： 不設定,領域： 學群：,否,
1116,G336105691,,化學碩一,程序分析化學（一） Process Analytical Chemistry (I),3.00,選,學期,施宗廷 專長： 分析化學,中文,全,四(Thu),D2-D4,CH321B,,,,,,,,,是,,最低年級： 一年級 最高年級： 二年級 分發優先順序： 1開課單位學生優先,開放： 32 外系： 0 屬性： 可退可加 拒退年級： 不設定,領域： 學群：,否,
1117,G336108635,,化學碩一,進階分析化學(一) Intermediate Analytical Chem.(I),3.00,選,學期,陳壽椿 專長： 環境分析化學及電化學,中文,全,一(Mon),D2-D4,SE320,,,,,,,,,是,,最低年級： 一年級 最高年級： 二年級 分發優先順序： 1開課單位學生優先,開放： 25 外系： 0 屬性： 可退可加 拒退年級： 不設定,領域： 學群：,否,
1118,G336108636,,化學碩一,進階分析化學(二) Intermediate Analytical Chem.(II),3.00,選,學期,李慧玲 專長： 微電泳晶片製作與生化分析之應用、高效能液相層析儀串聯質譜分析,中文,全,三(Wed),D7-E0,CH321B,,,,,,,,,是,,最低年級： 一年級 最高年級： 二年級 分發優先順序： 1開課單位學生優先,開放： 25 外系： 0 屬性： 可退可加 拒退年級： 不設定,領域： 學群：,否,
1119,G336121454,,化學碩一,產業簡介及職場生態(二) Introduction to Industry and Work Environment(II),2.00,選,學期,游源祥 專長： 高分子奈米複合材料、光電材料,中文,全,二(Tue),D5-D6,CH121,,,,,,,,,是,,最低年級： 一年級 最高年級： 二年級 分發優先順序： 1開課單位學生優先,開放： 70 外系： 0 屬性： 可退可加 拒退年級： 不設定,領域： 學群：,否,
1120,G366101445,,數學碩一,多變量分析 Multivariate Statistical Analysis,3.00,選,學年,陳琬萍 專長： 統計,中文,全,一(Mon),D2-D4,MA403,,,,,,,,,是,,最低年級： 一年級 最高年級： 二年級 分發優先順序： 2開課系所高年級學生優先,開放： 40 外系： 0 屬性： 可退可加 拒退年級： 不設定,領域： 學群：,否,
1121,G366103062,,數學碩一,圖論 Graph Theory,3.00,選,學年,潘俊杰 專長： 組合數學、組合最優化、演算法,中文,全,二(Tue),D5-D7,MA403,,,,,,,,,是,,最低年級： 一年級 最高年級： 二年級 分發優先順序： 2開課系所高年級學生優先,開放： 40 外系： 0 屬性： 可退可加 拒退年級： 不設定,領域： 學群：,否,
1122,G366130390,,數學碩一,生醫訊號分析 Biomedical Signal Analysis,3.00,選,學年,林可軒 專長： 數學軟體、矩陣計算,中文,全,三(Wed),D2-D4,MA402,,,,,,,,,是,,最低年級： 一年級 最高年級： 二年級 分發優先順序： 2開課系所高年級學生優先,開放： 40 外系： 0 屬性： 可退可加 拒退年級： 不設定,領域： 學群：,否,
1123,G366137322,,數學碩一,人工智慧數學理論 Mathematical Theory of Artificial Intelligence,3.00,選,學年,嚴健彰 專長： 小波理論、數值計算,中文,全,五(Fri),D2-D4,SEB140,,,,,,,,,是,,最低年級： 一年級 最高年級： 四年級 分發優先順序： 2開課系所高年級學生優先,開放： 40 外系： 0 屬性： 可退可加 拒退年級： 不設定,領域： 學群：,否,
1124,G546136148,,生科碩一,生物代謝物產品製程技術 Bioprocesses in Bio-metabolites Products 英-專業,3.00,選,學期,鄭銘仁 專長： 微生物二次代謝物結構研究、 植物化學、菌類活性物質探索,全英文,全,五(Fri),D5-D7,LS207,,,,,,,,,是,,最低年級： 一年級 最高年級： 四年級 分發優先順序： 1開課單位學生優先,開放： 60 外系： 10 屬性： 可退可加 拒退年級： 不設定,領域： 學群：,否,
1125,G636020369,,社會碩,社會經濟理論與實務 Theory and Practice of Social Economy,3.00,選,學期,吳宗昇 專長： 經濟社會學、金融社會學、社會企業、社會經濟理論,中文,全,二(Tue),D5-D7,不需要教室,,,,,,,,,是,課程教室：BS204,最低年級： 一年級 最高年級： 三年級 分發優先順序： 1開課單位學生優先,開放： 10 外系： 0 屬性： 可退可加 拒退年級： 不設定,領域： 學群：,否,
1126,G636037424,,社會碩,教育社會學專題 Selected Topics in Sociology of Education,3.00,選,學期,張明宜 專長： 社會網絡、量化方法、教育社會學、青少年研究,中文,全,一(Mon),DN-D6,BS212,,,,,,,,,是,,最低年級： 一年級 最高年級： 三年級 分發優先順序： 1開課單位學生優先,開放： 8 外系： 0 屬性： 可退可加 拒退年級： 不設定,領域： 學群：,否,
1127,G646204332,,社工碩二,社會工作與法律 Social Work and Law,2.00,選,學期,鍾佩怡 專長： 性侵害與性別暴力、司法社會工作、家庭社會工作、社工人身安全、社工督導,中文,全,二(Tue),D3-D4,JS119,,,,,,,,,是,,最低年級： 一年級 最高年級： 四年級 分發優先順序： 1開課單位學生優先,開放： 20 外系： 0 屬性： 可退可加 拒退年級： 不設定,領域： 學群：,否,
1128,G676022359,,財法碩,政府採購及公共工程爭議處理實務 Government Procurement & Public Construction Dispute Resolution,2.00,選,學期,蕭偉松 專長： 政府採購,中文,單,六(Sat),D5-D8,ES307,,,,,,,,,否,單週上課，學士班同學請選開課部別D，研究所同學請選開課部別G,最低年級： 一年級 最高年級： 四年級 分發優先順序： 1開課單位學生優先,開放： 30 外系： 0 屬性： 可退可加 拒退年級： 不設定,領域： 學群：,否,
1129,G716135573,,會計碩一,國際會計專題研討 Seminar:International Accounting 英-專業,3.00,選,學期,蔡麗雯 專長： 會計學、審計學、稅務會計,全英文,全,二(Tue),D5-D7,LM203,,,,,,,,,是,,最低年級： 一年級 最高年級： 四年級 分發優先順序： 1開課單位學生優先,開放： 35 外系： 5 屬性： 可退可加 拒退年級： 不設定,領域： 學群：,否,
1130,G746104623,,資管碩一,資訊安全 Data Security,3.00,選,學期,胡俊之 專長： 演算法、電腦繪圖、分散式系統,中文,全,一(Mon),D5-D7,LW210,,,,,,,,,是,,最低年級： 一年級 最高年級： 四年級 分發優先順序： 1開課單位學生優先,開放： 50 外系： 15 屬性： 可退可加 拒退年級： 不設定,領域： 學群：,否,
1131,G806123751,,音樂碩一,音樂教育概論 A General Discussion of Music Education,2.00,選,學期,陳欣宜 專長： 專業音樂教育、鋼琴、鋼琴教學,中文,全,二(Tue),D3-D4,AM204,,,,,,,,,是,,最低年級： 一年級 最高年級： 四年級 分發優先順序： 1開課單位學生優先,開放： 25 外系： 0 屬性： 可退可加 拒退年級： 不設定,領域： 學群：,否,
1132,G856001962,,食科碩,畜產品加工 Meat & Poultry Processing,2.00,選,學期,陳政雄 專長： 食品包裝、香味化學、食品感官品評,中英文,全,四(Thu),D7-D8,EP301,,,,,,,,,是,,最低年級： 一年級 最高年級： 四年級 分發優先順序： 1開課單位學生優先,開放： 40 外系： 0 屬性： 可退可加 拒退年級： 不設定,領域： 學群：,否,
1133,G856002311,,食科碩,發酵學 Fermentation Technology,2.00,選,學期,陳邦元 專長： 食品微生物、生物技術、食品安全,中英文,全,二(Tue),D3-D4,EP003,,,,,,,,,是,,最低年級： 一年級 最高年級： 四年級 分發優先順序： 1開課單位學生優先,開放： 65 外系： 0 屬性： 可退可加 拒退年級： 不設定,領域： 學群：,否,
1134,G856002763,,食科碩,穀類化學及加工 Cereal Chemistry and Technology,2.00,選,學期,蘇俊翰 專長： 蛋白質轉漬法、流式細胞技術、氣相色譜法-直普法連用,中英文,全,二(Tue),D3-D4,NF256,,,,,,,,,是,,最低年級： 一年級 最高年級： 四年級 分發優先順序： 1開課單位學生優先,開放： 65 外系： 0 屬性： 可退可加 拒退年級： 不設定,領域： 學群：,否,
1135,G856002901,,食科碩,醣化學 Chemistry of Carbohydrates 英-專業 網,2.00,選,學期,蘇俊翰 專長： 蛋白質轉漬法、流式細胞技術、氣相色譜法-直普法連用,全英文,全,四(Thu),D5-D6,EP301,,,,,,,,,是,,最低年級： 一年級 最高年級： 四年級 分發優先順序： 1開課單位學生優先,開放： 40 外系： 0 屬性： 可退可加 拒退年級： 不設定,領域： 學群：,否,
1136,G856010571,,食科碩,包裝與貯藏 Packaging and Storage,2.00,選,學期,陳政雄 專長： 食品包裝、香味化學、食品感官品評,中英文,全,一(Mon),D3-D4,EP301,,,,,,,,,是,,最低年級： 一年級 最高年級： 四年級 分發優先順序： 1開課單位學生優先,開放： 30 外系： 0 屬性： 可退可加 拒退年級： 不設定,領域： 學群：,否,
1137,G856011429,,食科碩,基因改造食品 Genetically Modified Foods,2.00,選,學期,施養志 專長： 基因改造食品,中英文,全,五(Fri),D3-D4,NF256,,,,,,,,,是,,最低年級： 一年級 最高年級： 四年級 分發優先順序： 1開課單位學生優先,開放： 65 外系： 0 屬性： 可退可加 拒退年級： 不設定,領域： 學群：,否,
1138,G856032158,,食科碩,食品科技橋接實習 Corporate Bridge Internship in Food Science 實,12.00,選,學期,蔡宗佑 專長： 食品生物技術、應用微生物、發酵機能性食品開發與應用、食品衛生安全,中英文,,,-,不需要教室,,,,,,,,,是,,最低年級： 一年級 最高年級： 四年級 分發優先順序： 1開課單位學生優先,開放： 15 外系： 0 屬性： 拒退拒加 拒退年級： 不設定,領域： 學群：,否,
1139,G896003486,,電機碩,電力電子學 Power Electronics,3.00,選,學期,李永勳 專長： 電力電子、能源轉換器、電池管理系統、智慧型控制,中文,全,二(Tue),D5-D7,SF742,,,,,,,,,是,,最低年級： 一年級 最高年級： 四年級 分發優先順序： 1開課單位學生優先,開放： 35 外系： 0 屬性： 不代入 拒退年級： 不設定,領域： 學群：,否,
1140,G896009506,,電機碩,電腦視覺 Computer Vision,3.00,選,學期,王元凱 專長： 電腦視覺、智慧型視訊監控、人臉辨識、嵌入式視覺、人工智慧,中文,全,二(Tue),D5-D7,SF738A,,,,,,,,,是,,最低年級： 一年級 最高年級： 四年級 分發優先順序： 1開課單位學生優先,開放： 30 外系： 0 屬性： 不代入 拒退年級： 不設定,領域： 學群：,否,
1141,G896017448,,電機碩,消費性電子資訊產品設計 Design of Consumer Electronics and Informatics Products,3.00,選,學期,白英文 專長： 行動計算、VLSI設計與模擬,中文,全,四(Thu),D5-D7,SF207,,,,,,,,,是,,最低年級： 一年級 最高年級： 四年級 分發優先順序： 1開課單位學生優先,開放： 28 外系： 0 屬性： 不代入 拒退年級： 不設定,領域： 學群：,否,
1142,G896023451,,電機碩,"智慧圖型辨識理論及應用 Intelligent Pattern Recognition, Theory and Applications",3.00,選,學期,王元凱 專長： 電腦視覺、智慧型視訊監控、人臉辨識、嵌入式視覺、人工智慧,中文,全,一(Mon),D7-E0,A205,,,,,,,,,否,,最低年級： 一年級 最高年級： 四年級 分發優先順序： 1開課單位學生優先,開放： 20 外系： 0 屬性： 不代入 拒退年級： 不設定,領域： 學群：,否,
1143,G896023782,,電機碩,生醫機電工程導論 Introduction to  Bioelectric and Biomechanical Engineering,3.00,選,學期,林正忠 專長： 醫學影像、人體動作分析,中文,全,二(Tue),D3-DN,SF742,,,,,,,,,是,,最低年級： 一年級 最高年級： 四年級 分發優先順序： 1開課單位學生優先,開放： 30 外系： 0 屬性： 不代入 拒退年級： 不設定,領域： 學群：,否,
1144,G896035255,,電機碩,VLSI系統設計 VLSI System Design,3.00,選,學期,林寬仁 專長： 嵌入式系統設計、VLSI、CAD,中文,全,一(Mon),D5-D7,SF738A,,,,,,,,,是,,最低年級： 一年級 最高年級： 四年級 分發優先順序： 1開課單位學生優先,開放： 30 外系： 0 屬性： 不代入 拒退年級： 不設定,領域： 學群：,否,
1145,G896035517,,電機碩,半導體物理與元件 Semiconductor Physics and Devices,3.00,選,學期,裴廷漢 專長： 量子物理，相對論，光電子學，電磁波，半導體物理與元件，矽太陽能電池,中文,全,四(Thu),D5-D7,SF742,,,,,,,,,是,碩士班 系統、 VLSI 領域核心課程,最低年級： 一年級 最高年級： 四年級 分發優先順序： 1開課單位學生優先,開放： 30 外系： 0 屬性： 不代入 拒退年級： 不設定,領域： 學群：,否,
1146,G896035877,,電機碩,應用電磁學 Applied Electromagnetics 程,3.00,選,學期,裴廷漢 專長： 量子物理，相對論，光電子學，電磁波，半導體物理與元件，矽太陽能電池,中文,全,三(Wed),D2-D4,SF742,,,,,,,,,是,,最低年級： 一年級 最高年級： 四年級 分發優先順序： 1開課單位學生優先,開放： 30 外系： 0 屬性： 不代入 拒退年級： 不設定,領域： 學群：,否,
1147,G896035994,,電機碩,矽太陽能電池 Silicon Solar Cell,3.00,選,學期,裴廷漢 專長： 量子物理，相對論，光電子學，電磁波，半導體物理與元件，矽太陽能電池,中文,全,五(Fri),D5-D7,SF235,,,,,,,,,是,,最低年級： 一年級 最高年級： 四年級 分發優先順序： 1開課單位學生優先,開放： 30 外系： 0 屬性： 不代入 拒退年級： 不設定,領域： 學群：,否,
1148,G896037106,,電機碩,半導體製程技術與設備 Semiconductor Manufacturing Technology and Equipment 英-專業,3.00,選,學期,陳志漢 專長： 半導體製程，半導體元件，感測器元件，類比電路設計,全英文,全,三(Wed),D7-E0,SF550,,,,,,,,,是,,最低年級： 一年級 最高年級： 四年級 分發優先順序： 1開課單位學生優先,開放： 30 外系： 0 屬性： 不代入 拒退年級： 不設定,領域： 學群：,否,
1149,G956121525,,臨心碩一,早療評估 Assessment for Early Intervention,3.00,選,學期,黃素英 專長： 兒童臨床心理學、兒童心理治療、早期療育、親職諮詢、社會情緒發展,中文,全,四(Thu),D2-D4,MD435,,,,,,,,,是,大四碩班合開課程。大學部學生選修前請先徵詢授課老師同意。,最低年級： 一年級 最高年級： 四年級 分發優先順序： 2開課系所高年級學生優先,開放： 15 外系： 0 屬性： 可退可加 拒退年級： 不設定,領域： 學群：,否,
1150,GTG0031358,,跨領域學院,深度學習 Deep Learning 英-專業 網 程,3.00,選,學期,個別指導教師 專長： 尚未填寫,全英文,全,四(Thu),DN-D6,不需要教室,,,,,,,,,是,"1.此為TAICA聯盟人工智慧視覺技術學分學程（深度學習）
2.上課時間請詳閱課程大綱若無法參與課程及期中期末評量請勿選課，以免影響個人權益
3.課程大綱請見網址：https://drive.google.com/file/d/13oO9d8D8VCkAr4ZmyK2nojp1vEZ3h0hW/view
4.上課時間：每週四 12:20-15:10、 可非同步上課
5.上課老師：陽明交通大學 彭文孝、陳永昇、謝秉均
6.電腦須具備至少6GB記憶體的GPU
7.開課前請務必留意學校cloud信箱，將收到課程邀請信件",最低年級： 四年級 最高年級： 四年級 分發優先順序： 3開課學院高年級學生優先,開放： 28 外系： 28 屬性： 可退可加 拒退年級： 不設定,領域： 學群：,否,
1151,GTG0037173,,跨領域學院,機器導航與探索 Robotic Navigation and Exploration 網 程,3.00,選,學期,個別指導教師 專長： 尚未填寫,中文,全,一(Mon),E1-E3,不需要教室,,,,,,,,,否,"1.對應人工智慧探索應用學分學程（人工智慧應用課程)、人工智慧工業應用學分學程（機器人專題）、人工智慧視覺技術學分學程（人工智慧影像應用課程）
2.上課時間請詳閱課程大綱若無法參與課程及期中期末評量請勿選課，以免影響個人權益
3.學生需已修過: 程式設計、影像處理、機器學習，深度學習等相關課程。學生須自備具GPU顯卡之電腦
4.本課程不接受期中退選
5.課程大綱請見網址：https://drive.google.com/file/d/1oSYXDvDiF_CAz-qw11YIZsGCB2o3sISI/view
6.上課時間：每週一18:30~21:20、可非同步上課
7.上課老師：清華大學 胡敏君
8.上課連結：https://www.youtube.com/@NTHURNE-l9v
9.本課程期末專題採分組開發，為避免影響同組修課同學之權益，本課程不接受期中退選，請謹慎評估可投入的時間再選課
10.開課前請務必留意學校cloud信箱，將收到課程邀請信件",最低年級： 一年級 最高年級： 四年級 分發優先順序： 3開課學院高年級學生優先,開放： 10 外系： 10 屬性： 可退可加 拒退年級： 不設定,領域： 學群：,否,
1152,GTG0037868,,跨領域學院,智慧製造執行系統 Intelligent Manufacturing Execution Systems 網 程,3.00,選,學期,個別指導教師 專長： 尚未填寫,中文,全,一(Mon),D5-D8,不需要教室,,,,,,,,,否,"1.本課程為TAICA聯盟人工智慧工業應用學分學程（智慧製造）課程
2.上課時間請詳閱課程大綱若無法參與課程及期中期末評量請勿選課，以免影響個人權益
3.課程大綱請見網址：https://drive.google.com/file/d/1chAl5wjQIwotqzcEKmhlBkj84QRqnvUr/view
4.授課教師：成功大學陳裕民
5.上課時間：星期一 14:10-17:00、可非同步上課
6. 同步考試時間：2026/4/20及2026/6/22 (一) 14:10-17:00 
7.開課前請務必留意學校cloud信箱，將收到課程邀請信件
8.上課連結：https://www.youtube.com/@%E9%AD%8F%E5%AE%87%E5%BC%98-n9d",最低年級： 三年級 最高年級： 四年級 分發優先順序： 3開課學院高年級學生優先,開放： 10 外系： 10 屬性： 可退可加 拒退年級： 不設定,領域： 學群：,否,
